sample_idx,k,y_dataset_randseed,att_eval_seed
0,4,288.9639892578125,293.29
2,1,304.95599365234375,315.812
4,3,281.17498779296875,286.945
5,4,263.89801025390625,269.796
6,3,307.7229919433594,280.539
8,3,335.7250061035156,310.126
9,4,289.7130126953125,274.512
10,3,291.739990234375,297.108
11,2,297.1659851074219,315.812
13,3,304.5469970703125,292.33
15,3,283.60198974609375,291.635
16,4,285.0299987792969,277.451
17,2,286.03399658203125,315.812
18,1,300.40899658203125,315.812
19,4,276.5480041503906,270.31
20,1,314.68798828125,315.812
21,2,302.3290100097656,299.38
22,1,315.3290100097656,311.937
23,2,287.177001953125,294.536
24,2,352.8999938964844,329.583
25,4,280.6960144042969,304.591
26,3,316.58099365234375,299.954
27,3,291.84698486328125,318.557
29,2,282.9010009765625,304.677
30,3,289.635009765625,301.507
31,3,306.49700927734375,304.338
32,2,294.47601318359375,277.222
33,3,295.6180114746094,290.132
35,4,309.7279968261719,316.417
36,3,319.7690124511719,318.878
38,4,321.25299072265625,305.746
39,4,283.4840087890625,257.84
40,1,361.5509948730469,352.346
41,4,297.7760009765625,300.964
42,2,306.89898681640625,291.102
43,1,310.7650146484375,311.104
44,2,351.24200439453125,351.133
45,2,354.2950134277344,355.216
46,1,326.6109924316406,310.273
48,1,294.0119934082031,311.341
49,3,311.4939880371094,305.246
50,4,301.49700927734375,292.538
51,2,301.98199462890625,298.829
52,4,307.5150146484375,311.47
54,4,299.197998046875,297.373
55,2,318.1919860839844,319.681
56,4,322.8630065917969,345.57
58,4,274.4750061035156,275.159
59,4,315.9280090332031,316.475
60,3,313.4989929199219,307.13
61,2,296.4429931640625,290.351
63,4,301.114990234375,306.532
64,2,284.7669982910156,289.544
65,3,301.8370056152344,285.068
66,3,316.32598876953125,298.462
67,4,351.2349853515625,321.746
68,4,266.4830017089844,275.743
69,3,347.8840026855469,337.9
70,1,331.8659973144531,341.586
73,2,300.5539855957031,309.531
74,1,293.2380065917969,307.786
75,4,298.6940002441406,296.891
76,4,338.70599365234375,342.271
77,4,335.802001953125,342.823
78,4,363.406005859375,389.897
79,4,342.2749938964844,336.039
80,1,330.50799560546875,315.812
81,4,291.6730041503906,291.374
83,1,325.33599853515625,306.479
84,3,294.04901123046875,285.378
85,4,295.7909851074219,275.604
86,3,300.5979919433594,275.451
87,3,304.1369934082031,286.495
90,4,269.1239929199219,283.095
91,4,301.8219909667969,301.538
92,1,293.54998779296875,307.786
93,3,299.5780029296875,288.423
94,4,309.7829895019531,317.543
97,1,300.8810119628906,280.385
98,4,317.28399658203125,340.626
99,1,303.34600830078125,303.944
101,4,348.79901123046875,344.803
102,1,293.88299560546875,313.484
103,2,284.7409973144531,273.434
105,1,307.2829895019531,307.786
106,2,309.15899658203125,300.078
107,3,285.07598876953125,266.04
108,3,315.96099853515625,303.541
109,2,295.0350036621094,300.68
110,2,300.552001953125,302.055
111,4,318.3819885253906,328.113
113,1,300.5979919433594,309.555
115,1,308.1300048828125,310.89
116,1,311.8840026855469,280.385
117,2,312.9200134277344,288.58
118,3,322.4129943847656,312.957
120,2,311.8599853515625,294.76
121,4,308.9259948730469,294.485
122,1,296.8999938964844,291.641
123,4,304.1570129394531,322.195
124,2,337.5799865722656,350.916
125,2,286.5320129394531,303.151
126,2,293.4440002441406,286.757
127,4,268.406005859375,266.886
128,2,311.45001220703125,286.702
129,1,311.6449890136719,310.89
130,1,296.3949890136719,315.812
132,4,305.875,287.259
133,1,298.6090087890625,309.555
134,3,291.17498779296875,299.279
135,2,302.4639892578125,302.055
136,4,312.4460144042969,332.479
138,3,304.0419921875,297.978
139,2,337.2569885253906,355.437
141,2,297.5539855957031,294.052
142,4,290.1830139160156,283.102
143,1,288.42999267578125,286.702
144,4,311.1910095214844,316.757
145,4,327.0069885253906,325.074
146,4,304.4309997558594,289.084
147,1,305.16400146484375,311.341
150,1,305.34698486328125,307.786
151,4,270.7720031738281,295.529
152,1,324.1789855957031,303.74
153,3,279.33099365234375,294.396
155,2,317.0119934082031,315.812
156,4,286.156005859375,293.43
157,2,300.92498779296875,284.303
158,3,312.3999938964844,321.978
160,4,312.7359924316406,320.34
161,1,320.8169860839844,315.812
164,1,331.0140075683594,311.104
166,1,318.15301513671875,301.075
167,2,322.39300537109375,306.925
168,1,300.0090026855469,303.151
169,4,312.302001953125,294.212
170,1,309.7510070800781,310.89
173,2,302.7090148925781,308.118
174,4,304.8949890136719,295.388
175,1,300.260009765625,299.278
176,4,310.7430114746094,322.583
177,2,275.5,284.584
178,2,294.45599365234375,302.815
179,4,286.25,275.175
180,1,293.5559997558594,307.786
181,3,287.90399169921875,289.876
182,1,325.3450012207031,309.908
183,2,308.3489990234375,304.785
184,3,283.77899169921875,292.818
185,2,330.48199462890625,311.104
186,4,325.4830017089844,286.398
188,2,294.81201171875,297.978
190,1,299.77301025390625,315.812
191,3,331.2969970703125,328.719
193,4,369.3529968261719,354.641
194,3,282.6059875488281,283.366
195,4,269.5610046386719,276.106
196,1,294.6289978027344,295.318
198,4,270.76800537109375,276.001
199,1,311.989990234375,310.89
201,1,313.5539855957031,307.786
202,3,287.9570007324219,280.856
203,2,288.0159912109375,296.533
204,3,312.4159851074219,314.801
205,3,315.7510070800781,310.89
206,2,296.7099914550781,309.259
207,2,299.09100341796875,297.85
208,4,317.69000244140625,296.119
209,2,308.572998046875,307.568
210,1,300.6400146484375,303.944
211,1,335.510009765625,352.346
213,4,238.25,266.4
214,1,355.0899963378906,352.346
215,2,297.385009765625,283.254
216,4,290.06201171875,294.683
217,4,346.9729919433594,346.057
218,3,308.8030090332031,297.759
219,4,311.75799560546875,308.265
220,1,300.05999755859375,309.648
221,4,315.4649963378906,300.741
223,4,291.8630065917969,316.915
224,2,293.7569885253906,309.012
225,1,290.9599914550781,308.665
226,1,297.6830139160156,309.555
227,3,292.0350036621094,286.964
228,4,312.0010070800781,296.712
229,3,310.3429870605469,287.593
230,1,300.3330078125,311.341
231,2,299.5589904785156,314.388
232,4,311.3760070800781,324.725
237,1,302.7550048828125,307.786
238,2,295.57598876953125,286.757
241,1,297.68499755859375,311.897
242,4,309.62799072265625,291.467
244,3,290.7749938964844,294.033
245,2,302.4150085449219,302.372
246,3,319.5270080566406,302.114
247,3,307.72601318359375,322.635
248,4,301.12298583984375,291.074
249,3,277.4469909667969,290.147
250,3,294.56201171875,278.707
251,4,284.3190002441406,280.816
252,3,287.8580017089844,290.312
253,2,326.18499755859375,338.197
254,3,306.54901123046875,299.276
255,3,310.90301513671875,311.341
257,1,344.510986328125,352.346
258,3,292.3320007324219,315.812
260,4,321.60198974609375,304.447
261,3,296.1400146484375,277.974
262,2,277.1029968261719,271.806
263,2,289.4779968261719,315.407
264,2,280.1579895019531,298.399
266,3,292.5889892578125,274.264
267,4,318.1499938964844,316.727
268,4,316.64599609375,315.396
269,4,268.78900146484375,270.618
270,1,308.1570129394531,308.665
271,1,302.2749938964844,308.567
272,2,332.1820068359375,319.137
275,3,302.4410095214844,295.134
276,4,300.9410095214844,292.491
277,1,304.2929992675781,297.059
278,3,310.281005859375,277.065
279,1,296.4419860839844,315.812
280,3,307.5039978027344,314.151
281,4,298.27801513671875,276.721
282,2,308.072998046875,280.385
283,1,303.85198974609375,315.812
285,3,311.6940002441406,309.48
286,2,312.23199462890625,346.543
287,2,308.7359924316406,297.801
288,3,320.27801513671875,312.758
289,2,304.2090148925781,304.893
290,2,280.3659973144531,298.399
292,3,319.0350036621094,304.385
293,1,312.6400146484375,300.078
294,3,320.5329895019531,290.782
295,2,303.7720031738281,314.037
296,3,345.5010070800781,349.249
297,2,291.8550109863281,298.342
298,3,304.8580017089844,304.969
299,3,270.42401123046875,278.107
300,4,315.8909912109375,304.282
301,1,294.79998779296875,301.075
302,4,327.40899658203125,329.802
303,4,296.5480041503906,324.024
304,1,301.4880065917969,311.341
305,4,323.8429870605469,324.933
307,3,305.7279968261719,271.646
309,3,295.01300048828125,304.569
310,3,298.52099609375,300.669
311,4,280.6319885253906,296.515
312,3,304.10198974609375,312.312
313,2,315.7720031738281,310.801
314,2,308.7590026855469,315.812
315,3,287.34600830078125,298.272
317,1,348.5379943847656,352.346
319,1,311.3940124511719,309.648
321,3,334.1619873046875,321.376
322,3,284.0379943847656,288.41
323,1,305.8330078125,311.341
324,3,313.12200927734375,303.407
325,1,300.39898681640625,295.127
326,4,335.7799987792969,339.261
327,3,313.52801513671875,309.793
328,2,298.04998779296875,308.276
331,1,292.8689880371094,311.937
334,1,303.4320068359375,298.399
335,3,340.9599914550781,340.194
339,2,313.1719970703125,300.078
340,4,246.95199584960938,253.065
341,3,306.343994140625,300.705
342,4,322.0530090332031,327.328
343,4,289.65301513671875,301.658
345,1,304.1669921875,311.104
347,2,306.5480041503906,298.399
349,3,351.3550109863281,340.064
350,3,290.2669982910156,289.248
351,2,328.7929992675781,349.642
352,4,258.2879943847656,266.768
354,2,305.3699951171875,308.384
356,1,299.1090087890625,311.937
357,1,323.2720031738281,303.74
359,1,322.8599853515625,309.908
360,3,299.72698974609375,295.318
361,1,317.29901123046875,310.273
362,1,295.99798583984375,298.399
363,3,307.7749938964844,303.276
365,1,320.6820068359375,311.104
366,4,307.1470031738281,291.832
367,4,289.72601318359375,283.826
368,1,321.9649963378906,310.89
369,1,313.3340148925781,310.89
370,1,311.2980041503906,315.812
371,2,256.6390075683594,295.617
372,2,303.6260070800781,322.584
373,1,305.3590087890625,315.812
374,3,316.49200439453125,316.912
375,3,303.7640075683594,315.812
376,2,306.2650146484375,308.292
377,4,301.4630126953125,298.79
378,3,354.9100036621094,348.124
380,2,310.656005859375,315.812
381,3,326.7749938964844,319.59
382,3,340.1499938964844,341.657
383,1,296.552001953125,286.702
384,2,314.30999755859375,302.028
385,4,314.2699890136719,301.824
386,4,307.56201171875,308.499
387,1,303.97100830078125,315.812
388,4,259.1369934082031,279.142
389,3,301.48199462890625,295.236
390,4,298.53900146484375,299.68
391,3,277.4320068359375,268.465
392,3,294.8179931640625,296.673
393,1,323.4930114746094,341.586
394,2,292.33099365234375,288.283
395,3,290.6910095214844,291.805
396,4,322.260009765625,321.402
397,3,306.3840026855469,300.434
398,2,300.3890075683594,307.786
399,3,294.4100036621094,294.309
401,1,311.3840026855469,295.127
403,4,326.41400146484375,329.522
404,3,323.9330139160156,319.295
406,4,280.12799072265625,293.154
407,3,324.0889892578125,303.913
408,4,311.77099609375,312.328
411,3,288.3869934082031,314.631
413,1,301.0830078125,295.318
414,1,315.06298828125,311.937
415,1,316.29998779296875,310.89
416,1,337.8479919433594,306.479
417,4,292.85101318359375,295.36
418,2,303.6780090332031,317.077
419,3,308.68798828125,295.155
420,2,306.5539855957031,310.996
421,3,287.1759948730469,287.999
422,4,281.8590087890625,269.636
424,4,292.1549987792969,284.277
426,4,318.60101318359375,307.433
427,4,316.87200927734375,306.237
428,3,328.6679992675781,329.603
430,1,320.88299560546875,309.073
431,1,315.77801513671875,311.104
432,1,299.98699951171875,315.812
433,2,305.73699951171875,299.278
434,2,303.60699462890625,308.384
435,1,324.27801513671875,341.586
436,3,318.864013671875,314.164
437,2,327.29400634765625,282.502
438,1,305.552001953125,283.118
440,4,334.48699951171875,336.274
441,1,299.2080078125,311.341
442,4,279.8059997558594,279.651
443,2,310.02801513671875,298.399
444,1,296.43499755859375,286.702
445,4,320.0260009765625,290.516
446,4,293.1159973144531,284.682
447,2,287.6189880371094,316.587
448,2,313.0849914550781,315.954
449,2,312.135009765625,299.278
450,1,327.7869873046875,297.978
451,2,298.19500732421875,281.974
452,4,273.09100341796875,286.979
454,2,309.7279968261719,304.136
455,2,301.74700927734375,305.817
456,4,281.2149963378906,288.327
458,4,355.1000061035156,324.787
459,3,303.2380065917969,299.52
461,3,285.1919860839844,295.891
462,1,294.25299072265625,286.702
463,1,306.6090087890625,313.484
464,1,319.73699951171875,309.908
465,1,319.7850036621094,311.897
466,2,298.6199951171875,304.503
467,1,294.9599914550781,299.278
470,2,296.1809997558594,303.944
471,1,287.3160095214844,315.812
472,4,312.35699462890625,301.573
473,3,337.86199951171875,347.51
474,1,335.135009765625,311.104
475,1,299.6159973144531,298.399
477,4,320.6940002441406,323.792
478,1,290.00799560546875,308.665
479,3,353.9129943847656,346.654
480,1,311.38299560546875,315.812
481,2,317.32598876953125,317.481
483,1,290.4540100097656,315.812
484,2,302.7049865722656,303.944
485,2,313.5899963378906,317.481
486,1,276.41900634765625,280.385
487,1,302.7550048828125,310.273
488,2,294.1610107421875,302.527
489,4,316.1499938964844,309.081
490,1,304.2720031738281,303.74
491,4,304.6759948730469,283.697
492,4,298.260009765625,279.986
494,3,281.5589904785156,259.206
495,2,301.13299560546875,301.026
496,3,297.6960144042969,292.965
497,4,282.0559997558594,299.52
498,3,290.2510070800781,309.443
499,3,324.87701416015625,302.757
500,2,286.4679870605469,303.713
501,4,294.8219909667969,295.134
502,4,250.89199829101562,260.295
504,2,308.2030029296875,350.14
506,1,303.07598876953125,291.641
507,3,294.281005859375,295.432
508,1,291.40301513671875,286.702
509,1,311.3080139160156,315.812
512,1,284.1579895019531,309.555
513,1,302.1960144042969,303.151
514,2,294.1629943847656,310.946
516,1,294.04901123046875,301.075
517,4,285.3659973144531,297.425
518,4,324.2659912109375,313.327
519,3,361.7090148925781,355.593
520,1,304.6300048828125,299.278
521,1,291.635009765625,297.692
522,3,262.6780090332031,282.619
524,3,282.010009765625,286.387
525,1,316.92401123046875,309.648
526,4,282.0880126953125,275.396
527,1,297.1759948730469,299.278
528,1,304.697998046875,315.812
530,3,305.3389892578125,334.686
531,1,291.4530029296875,297.692
533,3,324.86700439453125,326.381
534,4,301.51800537109375,309.287
535,2,315.1199951171875,317.998
536,2,306.125,287.135
537,1,340.43499755859375,341.586
538,4,331.25799560546875,318.389
539,1,296.5480041503906,311.341
540,1,293.46099853515625,309.648
541,2,302.97100830078125,304.16
543,1,307.0639953613281,298.399
544,2,300.406005859375,303.541
547,3,301.9800109863281,285.109
548,1,288.3550109863281,298.399
549,1,305.9070129394531,309.073
550,4,294.84600830078125,322.272
554,2,316.0790100097656,315.38
555,1,309.0989990234375,315.812
556,2,300.9129943847656,292.562
557,3,313.5329895019531,300.498
558,2,325.5889892578125,320.093
560,1,282.54400634765625,280.385
561,3,294.6319885253906,294.092
562,2,301.3529968261719,304.577
563,3,304.5690002441406,336.744
564,1,318.6520080566406,341.586
565,3,307.5899963378906,301.601
566,3,291.7449951171875,289.322
568,3,295.0669860839844,293.478
570,3,298.59698486328125,305.502
571,4,306.3680114746094,289.16
573,2,328.97100830078125,307.786
574,1,312.114990234375,311.104
575,2,294.5660095214844,315.812
576,3,297.0050048828125,308.612
577,3,288.9800109863281,283.764
578,3,333.9809875488281,330.564
579,1,298.2130126953125,315.812
580,1,315.58099365234375,315.812
581,2,279.88299560546875,300.715
582,3,283.96099853515625,289.096
583,4,304.656005859375,293.829
584,3,289.7640075683594,281.927
588,2,331.8550109863281,342.562
589,4,313.3680114746094,297.404
590,3,298.4800109863281,309.066
591,1,302.12298583984375,303.944
592,1,268.8529968261719,280.385
593,2,283.0740051269531,295.318
594,1,302.0840148925781,297.978
596,4,310.2959899902344,292.849
597,4,308.2040100097656,313.713
598,2,337.8039855957031,347.024
600,3,350.4469909667969,343.922
602,3,297.5870056152344,319.344
605,1,303.12701416015625,297.692
608,4,347.0799865722656,358.087
609,3,308.53900146484375,296.988
610,3,299.16900634765625,301.863
611,2,280.47100830078125,273.097
612,3,299.1520080566406,304.865
613,3,292.8169860839844,306.305
614,2,288.0419921875,303.944
615,1,303.6669921875,311.897
618,2,311.83099365234375,315.812
619,4,280.635009765625,282.582
620,3,291.8080139160156,300.204
621,1,311.79998779296875,308.567
622,4,330.0989990234375,325.205
623,4,292.4289855957031,293.763
624,2,320.9809875488281,288.775
626,2,286.54901123046875,279.153
627,3,330.90399169921875,353.317
628,1,320.4419860839844,315.812
630,4,293.7300109863281,299.688
631,4,330.89801025390625,329.082
632,2,324.95001220703125,352.762
633,3,304.1239929199219,311.897
635,4,302.8330078125,296.852
636,3,355.7139892578125,347.694
637,2,283.531005859375,297.801
639,1,318.2650146484375,309.073
640,1,300.9700012207031,308.665
641,2,318.2200012207031,320.237
642,2,311.2850036621094,306.673
645,4,354.8630065917969,357.367
646,3,290.6619873046875,277.907
647,1,313.5140075683594,315.812
648,1,319.68701171875,311.104
649,2,300.02899169921875,302.615
650,3,317.2130126953125,310.074
651,2,303.97601318359375,295.318
652,1,293.7090148925781,297.978
653,3,269.04998779296875,282.761
654,2,311.8179931640625,320.093
655,4,317.4460144042969,314.128
656,2,273.0769958496094,286.169
658,3,329.27398681640625,307.399
659,4,268.8210144042969,281.49
660,4,297.5769958496094,303.037
661,2,320.81298828125,307.568
663,1,272.6130065917969,286.702
664,1,297.9410095214844,308.567
666,3,308.2690124511719,312.161
667,4,309.3169860839844,295.198
668,2,332.58099365234375,297.767
670,1,302.9670104980469,283.118
671,2,326.9989929199219,308.288
672,2,304.7820129394531,289.531
674,4,306.1629943847656,305.967
675,4,310.1059875488281,306.394
676,4,290.14300537109375,290.686
677,2,301.5050048828125,310.533
678,3,259.3399963378906,250.678
680,1,300.41400146484375,315.812
681,2,301.62298583984375,297.978
682,1,302.31298828125,309.073
684,4,356.3630065917969,364.591
686,4,297.77099609375,301.863
687,3,318.260986328125,309.953
688,3,308.5150146484375,309.648
691,3,272.0469970703125,267.966
692,4,327.1730041503906,327.019
693,2,332.4909973144531,326.656
694,4,331.65899658203125,308.752
695,2,301.81201171875,300.582
696,3,286.6759948730469,276.95
697,4,285.49700927734375,271.983
698,3,281.0719909667969,278.824
699,1,292.7449951171875,310.273
703,4,286.8479919433594,305.834
705,2,330.4840087890625,321.066
706,1,295.0979919433594,315.812
707,1,300.531005859375,303.74
708,3,276.1990051269531,283.846
709,1,314.2650146484375,311.104
710,1,301.7959899902344,301.075
712,2,307.98699951171875,306.05
713,4,301.8429870605469,303.579
714,1,315.3999938964844,309.648
715,2,292.25201416015625,294.327
716,1,318.1470031738281,309.908
718,4,311.4389953613281,302.587
720,1,322.5419921875,309.555
721,4,297.1549987792969,319.408
722,3,310.9989929199219,290.059
723,1,307.6889953613281,286.702
724,2,303.7090148925781,293.956
726,1,288.2099914550781,301.075
727,3,353.6449890136719,337.133
728,3,269.59600830078125,277.173
729,1,291.54901123046875,295.318
730,2,284.6180114746094,293.617
731,4,290.1629943847656,280.816
733,3,321.02398681640625,308.622
735,4,293.4930114746094,291.641
736,2,325.4469909667969,354.012
738,1,290.7309875488281,310.89
739,4,245.9409942626953,237.696
740,2,335.5329895019531,320.237
741,3,329.5719909667969,319.216
742,2,356.8089904785156,335.214
743,4,353.77099609375,351.188
744,4,299.4070129394531,277.959
745,4,285.00299072265625,278.255
746,4,289.22900390625,293.035
749,4,297.64300537109375,298.944
750,4,315.8089904785156,312.887
751,2,273.2659912109375,269.094
752,3,301.28900146484375,317.488
753,2,311.8479919433594,338.197
754,4,295.114990234375,283.943
755,3,303.4460144042969,293.214
756,2,280.0830078125,269.094
757,2,304.7720031738281,314.903
758,1,293.6679992675781,286.702
760,2,308.60699462890625,301.842
762,1,297.4460144042969,315.812
764,4,320.85699462890625,333.357
765,4,299.91900634765625,309.832
766,4,284.7070007324219,276.015
767,4,309.0350036621094,308.732
768,4,337.99798583984375,337.217
770,1,291.0539855957031,280.515
771,2,327.7720031738281,308.288
772,1,282.4930114746094,313.484
773,4,322.31298828125,321.012
775,1,302.4289855957031,303.944
776,3,295.77899169921875,298.189
777,2,304.9070129394531,299.855
778,2,323.2300109863281,317.998
780,4,294.6910095214844,306.347
781,1,320.7090148925781,311.104
782,1,298.072998046875,311.341
784,3,291.0539855957031,299.958
785,2,297.3290100097656,297.978
786,3,302.96600341796875,288.235
788,4,298.3489990234375,294.221
789,2,279.6199951171875,287.809
791,4,281.65899658203125,279.63
792,4,305.65301513671875,297.092
793,1,289.1910095214844,301.075
794,3,321.06298828125,327.497
795,2,319.7200012207031,314.903
796,2,299.67999267578125,297.801
798,1,306.40399169921875,303.151
799,3,301.02398681640625,302.815
800,2,317.3089904785156,303.425
802,4,288.4620056152344,303.409
803,3,293.64599609375,309.834
805,3,324.37200927734375,291.909
806,3,283.1409912109375,269.902
807,2,319.7170104980469,321.066
808,4,320.00299072265625,336.931
809,1,302.4700012207031,309.648
810,2,279.7309875488281,277.173
812,1,297.10198974609375,303.944
813,3,320.2149963378906,328.078
814,4,289.0719909667969,286.8
815,1,320.34698486328125,306.479
816,3,292.7760009765625,292.087
817,1,321.8550109863281,291.641
818,1,317.427001953125,297.978
820,1,323.1839904785156,309.908
823,2,305.2099914550781,311.118
825,1,307.3919982910156,309.908
826,4,298.8550109863281,314.582
827,4,301.85101318359375,310.388
828,1,316.22198486328125,306.479
829,2,304.5039978027344,300.68
830,3,270.010986328125,265.887
831,2,288.3179931640625,289.531
832,1,333.79400634765625,315.812
833,3,286.3949890136719,294.637
836,2,311.677001953125,304.336
837,3,284.677001953125,297.279
838,2,292.9079895019531,298.399
839,4,285.3840026855469,276.306
840,3,282.1659851074219,291.558
841,2,317.19500732421875,299.855
842,3,307.427001953125,318.845
843,2,307.26300048828125,317.119
844,2,313.27099609375,315.5
845,2,295.5870056152344,295.017
846,3,312.05499267578125,317.065
847,1,314.2699890136719,313.484
848,1,295.7330017089844,308.665
849,2,305.5989990234375,310.89
850,2,295.5169982910156,283.279
851,3,279.5679931640625,321.521
852,2,294.2869873046875,304.975
855,4,268.5249938964844,275.409
856,2,308.1080017089844,293.865
857,1,297.1199951171875,297.692
858,4,321.3940124511719,327.332
859,3,302.23699951171875,301.774
861,2,275.1510009765625,279.153
863,2,291.85101318359375,307.786
864,3,311.9410095214844,337.612
865,1,306.0580139160156,291.641
866,3,309.1080017089844,309.908
867,4,322.7430114746094,324.065
869,2,331.9469909667969,328.19
870,3,273.84698486328125,265.707
871,4,327.4469909667969,304.751
873,4,274.4989929199219,283.751
875,2,301.9209899902344,306.978
876,4,310.875,290.325
877,4,336.67999267578125,313.979
878,1,312.6340026855469,310.89
879,3,274.76300048828125,257.667
880,1,335.0150146484375,341.586
881,3,326.4309997558594,296.401
882,2,290.9599914550781,285.706
883,2,317.1440124511719,341.586
884,3,338.39898681640625,326.008
885,3,306.25799560546875,301.061
886,1,301.76300048828125,311.897
887,1,281.0820007324219,297.978
888,2,281.8869934082031,285.051
889,1,288.3890075683594,300.078
890,4,331.2279968261719,336.401
894,2,299.9779968261719,295.44
897,1,311.3819885253906,309.648
899,1,313.55999755859375,315.812
900,2,316.39599609375,342.942
901,2,292.5639953613281,307.007
902,3,319.90301513671875,327.371
903,4,299.6419982910156,296.611
905,3,317.49700927734375,287.69
907,1,287.4840087890625,303.944
908,2,296.197998046875,323.256
909,2,331.14599609375,322.7
910,1,269.885009765625,280.515
911,4,310.5400085449219,298.922
912,2,304.2879943847656,315.812
914,2,276.34100341796875,280.549
915,1,293.37701416015625,313.484
917,3,288.7279968261719,297.099
918,1,281.7919921875,297.692
919,1,303.2460021972656,315.812
920,1,289.9429931640625,300.078
921,1,293.63800048828125,315.812
922,3,272.0920104980469,299.376
923,4,300.8500061035156,300.107
924,4,306.9809875488281,301.749
925,4,296.7850036621094,294.611
926,1,301.5589904785156,301.075
927,4,303.8340148925781,314.476
928,4,285.5690002441406,275.014
929,2,295.5379943847656,300.909
930,1,302.0249938964844,295.127
931,4,345.0329895019531,330.483
932,1,290.77099609375,283.118
935,1,390.77301025390625,352.346
937,2,290.3890075683594,323.256
938,3,288.635986328125,285.068
939,1,310.0740051269531,303.151
940,4,288.0360107421875,280.996
941,3,286.2239990234375,283.861
942,3,289.9540100097656,279.43
943,4,363.5220031738281,371.991
944,4,304.8290100097656,312.849
945,3,340.12701416015625,363.763
946,1,297.30499267578125,315.812
947,2,320.552001953125,321.391
948,1,343.91400146484375,352.346
949,3,324.47601318359375,302.592
951,2,319.5199890136719,315.812
952,4,280.7250061035156,290.735
953,2,306.8890075683594,309.908
954,4,287.52899169921875,294.155
955,4,279.5920104980469,274.051
956,1,296.18798828125,300.078
957,2,288.07501220703125,280.539
958,3,284.093994140625,304.519
959,4,299.9200134277344,313.784
960,2,295.8909912109375,303.944
961,4,294.2409973144531,290.661
962,2,284.989013671875,294.637
963,3,288.697998046875,294.976
964,2,310.406005859375,304.537
965,1,292.1600036621094,283.118
967,4,267.1390075683594,254.762
968,2,313.25201416015625,301.901
971,3,317.70599365234375,325.657
972,2,335.1080017089844,310.708
973,2,312.177001953125,315.812
974,3,331.9259948730469,306.562
975,2,306.0820007324219,311.631
977,4,301.4930114746094,315.812
978,4,282.1780090332031,261.745
980,2,281.3190002441406,306.05
981,2,291.0849914550781,290.127
982,3,291.1940002441406,273.122
983,2,311.9779968261719,303.988
984,2,318.4079895019531,315.812
985,2,284.7770080566406,298.342
986,1,304.3389892578125,297.059
988,4,365.8659973144531,351.388
990,3,297.14599609375,300.061
992,1,297.1109924316406,298.399
994,3,288.93701171875,311.897
995,4,322.2179870605469,325.002
996,4,324.99200439453125,305.076
997,3,314.5769958496094,298.623
998,1,297.135986328125,315.812
999,3,300.7650146484375,310.273
