gen,idx,k,score,closed_edges,run_dir,tripinfo
1,0,2,315.954,E11;E4,D:\PSPS\runs_A_k4_3od_x1.0_pm01k0\init_seed7\g001_i000,D:\PSPS\runs_A_k4_3od_x1.0_pm01k0\init_seed7\g001_i000\tripinfo.xml
1,1,1,280.385,E27,D:\PSPS\runs_A_k4_3od_x1.0_pm01k0\init_seed7\g001_i001,D:\PSPS\runs_A_k4_3od_x1.0_pm01k0\init_seed7\g001_i001\tripinfo.xml
1,2,3,319.711,E31;E38;E8,D:\PSPS\runs_A_k4_3od_x1.0_pm01k0\init_seed7\g001_i002,D:\PSPS\runs_A_k4_3od_x1.0_pm01k0\init_seed7\g001_i002\tripinfo.xml
1,3,0,315.812,,D:\PSPS\runs_A_k4_3od_x1.0_pm01k0\init_seed7\g001_i003,D:\PSPS\runs_A_k4_3od_x1.0_pm01k0\init_seed7\g001_i003\tripinfo.xml
1,4,0,315.812,,D:\PSPS\runs_A_k4_3od_x1.0_pm01k0\init_seed7\g001_i004,D:\PSPS\runs_A_k4_3od_x1.0_pm01k0\init_seed7\g001_i004\tripinfo.xml
1,5,4,291.118,E11;E21;E3;E37,D:\PSPS\runs_A_k4_3od_x1.0_pm01k0\init_seed7\g001_i005,D:\PSPS\runs_A_k4_3od_x1.0_pm01k0\init_seed7\g001_i005\tripinfo.xml
1,6,0,315.812,,D:\PSPS\runs_A_k4_3od_x1.0_pm01k0\init_seed7\g001_i006,D:\PSPS\runs_A_k4_3od_x1.0_pm01k0\init_seed7\g001_i006\tripinfo.xml
1,7,2,308.402,E25;E41,D:\PSPS\runs_A_k4_3od_x1.0_pm01k0\init_seed7\g001_i007,D:\PSPS\runs_A_k4_3od_x1.0_pm01k0\init_seed7\g001_i007\tripinfo.xml
1,8,4,271.677,E11;E19;E21;E5,D:\PSPS\runs_A_k4_3od_x1.0_pm01k0\init_seed7\g001_i008,D:\PSPS\runs_A_k4_3od_x1.0_pm01k0\init_seed7\g001_i008\tripinfo.xml
1,9,0,315.812,,D:\PSPS\runs_A_k4_3od_x1.0_pm01k0\init_seed7\g001_i009,D:\PSPS\runs_A_k4_3od_x1.0_pm01k0\init_seed7\g001_i009\tripinfo.xml
1,10,4,264.894,E1;E27;E33;E6,D:\PSPS\runs_A_k4_3od_x1.0_pm01k0\init_seed7\g001_i010,D:\PSPS\runs_A_k4_3od_x1.0_pm01k0\init_seed7\g001_i010\tripinfo.xml
1,11,1,303.74,E7,D:\PSPS\runs_A_k4_3od_x1.0_pm01k0\init_seed7\g001_i011,D:\PSPS\runs_A_k4_3od_x1.0_pm01k0\init_seed7\g001_i011\tripinfo.xml
1,12,0,315.812,,D:\PSPS\runs_A_k4_3od_x1.0_pm01k0\init_seed7\g001_i012,D:\PSPS\runs_A_k4_3od_x1.0_pm01k0\init_seed7\g001_i012\tripinfo.xml
1,13,0,315.812,,D:\PSPS\runs_A_k4_3od_x1.0_pm01k0\init_seed7\g001_i013,D:\PSPS\runs_A_k4_3od_x1.0_pm01k0\init_seed7\g001_i013\tripinfo.xml
1,14,3,297.692,E19;E31;E5,D:\PSPS\runs_A_k4_3od_x1.0_pm01k0\init_seed7\g001_i014,D:\PSPS\runs_A_k4_3od_x1.0_pm01k0\init_seed7\g001_i014\tripinfo.xml
1,15,3,288.132,E14;E30;E39,D:\PSPS\runs_A_k4_3od_x1.0_pm01k0\init_seed7\g001_i015,D:\PSPS\runs_A_k4_3od_x1.0_pm01k0\init_seed7\g001_i015\tripinfo.xml
1,16,0,315.812,,D:\PSPS\runs_A_k4_3od_x1.0_pm01k0\init_seed7\g001_i016,D:\PSPS\runs_A_k4_3od_x1.0_pm01k0\init_seed7\g001_i016\tripinfo.xml
1,17,1,315.812,E36,D:\PSPS\runs_A_k4_3od_x1.0_pm01k0\init_seed7\g001_i017,D:\PSPS\runs_A_k4_3od_x1.0_pm01k0\init_seed7\g001_i017\tripinfo.xml
1,18,0,315.812,,D:\PSPS\runs_A_k4_3od_x1.0_pm01k0\init_seed7\g001_i018,D:\PSPS\runs_A_k4_3od_x1.0_pm01k0\init_seed7\g001_i018\tripinfo.xml
1,19,4,329.99,E17;E24;E29;E3,D:\PSPS\runs_A_k4_3od_x1.0_pm01k0\init_seed7\g001_i019,D:\PSPS\runs_A_k4_3od_x1.0_pm01k0\init_seed7\g001_i019\tripinfo.xml
1,20,3,339.692,E24;E29;E42,D:\PSPS\runs_A_k4_3od_x1.0_pm01k0\init_seed7\g001_i020,D:\PSPS\runs_A_k4_3od_x1.0_pm01k0\init_seed7\g001_i020\tripinfo.xml
1,21,0,315.812,,D:\PSPS\runs_A_k4_3od_x1.0_pm01k0\init_seed7\g001_i021,D:\PSPS\runs_A_k4_3od_x1.0_pm01k0\init_seed7\g001_i021\tripinfo.xml
1,22,4,314.707,E21;E22;E32;E39,D:\PSPS\runs_A_k4_3od_x1.0_pm01k0\init_seed7\g001_i022,D:\PSPS\runs_A_k4_3od_x1.0_pm01k0\init_seed7\g001_i022\tripinfo.xml
1,23,0,315.812,,D:\PSPS\runs_A_k4_3od_x1.0_pm01k0\init_seed7\g001_i023,D:\PSPS\runs_A_k4_3od_x1.0_pm01k0\init_seed7\g001_i023\tripinfo.xml
2,0,4,264.894,E1;E27;E33;E6,D:\PSPS\runs_A_k4_3od_x1.0_pm01k0\init_seed7\g002_i000,D:\PSPS\runs_A_k4_3od_x1.0_pm01k0\init_seed7\g002_i000\tripinfo.xml
2,1,4,327.256,E22;E33;E37;E45,D:\PSPS\runs_A_k4_3od_x1.0_pm01k0\init_seed7\g002_i001,D:\PSPS\runs_A_k4_3od_x1.0_pm01k0\init_seed7\g002_i001\tripinfo.xml
2,2,4,283.924,E27;E3;E36;E6,D:\PSPS\runs_A_k4_3od_x1.0_pm01k0\init_seed7\g002_i002,D:\PSPS\runs_A_k4_3od_x1.0_pm01k0\init_seed7\g002_i002\tripinfo.xml
2,3,4,305.872,E11;E19;E26;E37,D:\PSPS\runs_A_k4_3od_x1.0_pm01k0\init_seed7\g002_i003,D:\PSPS\runs_A_k4_3od_x1.0_pm01k0\init_seed7\g002_i003\tripinfo.xml
2,4,4,312.76,E13;E3;E32;E34,D:\PSPS\runs_A_k4_3od_x1.0_pm01k0\init_seed7\g002_i004,D:\PSPS\runs_A_k4_3od_x1.0_pm01k0\init_seed7\g002_i004\tripinfo.xml
2,5,4,299.476,E21;E29;E30;E5,D:\PSPS\runs_A_k4_3od_x1.0_pm01k0\init_seed7\g002_i005,D:\PSPS\runs_A_k4_3od_x1.0_pm01k0\init_seed7\g002_i005\tripinfo.xml
2,6,4,312.258,E13;E19;E25;E30,D:\PSPS\runs_A_k4_3od_x1.0_pm01k0\init_seed7\g002_i006,D:\PSPS\runs_A_k4_3od_x1.0_pm01k0\init_seed7\g002_i006\tripinfo.xml
2,7,4,334.662,E29;E39;E41;E5,D:\PSPS\runs_A_k4_3od_x1.0_pm01k0\init_seed7\g002_i007,D:\PSPS\runs_A_k4_3od_x1.0_pm01k0\init_seed7\g002_i007\tripinfo.xml
2,8,4,315.812,E32;E39;E4;E45,D:\PSPS\runs_A_k4_3od_x1.0_pm01k0\init_seed7\g002_i008,D:\PSPS\runs_A_k4_3od_x1.0_pm01k0\init_seed7\g002_i008\tripinfo.xml
2,9,4,280.507,E14;E27;E35;E5,D:\PSPS\runs_A_k4_3od_x1.0_pm01k0\init_seed7\g002_i009,D:\PSPS\runs_A_k4_3od_x1.0_pm01k0\init_seed7\g002_i009\tripinfo.xml
2,10,4,264.132,E16;E27;E41;E8,D:\PSPS\runs_A_k4_3od_x1.0_pm01k0\init_seed7\g002_i010,D:\PSPS\runs_A_k4_3od_x1.0_pm01k0\init_seed7\g002_i010\tripinfo.xml
2,11,4,266.929,E1;E15;E20;E27,D:\PSPS\runs_A_k4_3od_x1.0_pm01k0\init_seed7\g002_i011,D:\PSPS\runs_A_k4_3od_x1.0_pm01k0\init_seed7\g002_i011\tripinfo.xml
2,12,4,337.875,E17;E33;E34;E6,D:\PSPS\runs_A_k4_3od_x1.0_pm01k0\init_seed7\g002_i012,D:\PSPS\runs_A_k4_3od_x1.0_pm01k0\init_seed7\g002_i012\tripinfo.xml
2,13,4,253.996,E14;E20;E21;E30,D:\PSPS\runs_A_k4_3od_x1.0_pm01k0\init_seed7\g002_i013,D:\PSPS\runs_A_k4_3od_x1.0_pm01k0\init_seed7\g002_i013\tripinfo.xml
2,14,4,295.271,E11;E16;E32;E39,D:\PSPS\runs_A_k4_3od_x1.0_pm01k0\init_seed7\g002_i014,D:\PSPS\runs_A_k4_3od_x1.0_pm01k0\init_seed7\g002_i014\tripinfo.xml
2,15,4,354.524,E22;E3;E42;E43,D:\PSPS\runs_A_k4_3od_x1.0_pm01k0\init_seed7\g002_i015,D:\PSPS\runs_A_k4_3od_x1.0_pm01k0\init_seed7\g002_i015\tripinfo.xml
2,16,4,337.691,E24;E29;E37;E39,D:\PSPS\runs_A_k4_3od_x1.0_pm01k0\init_seed7\g002_i016,D:\PSPS\runs_A_k4_3od_x1.0_pm01k0\init_seed7\g002_i016\tripinfo.xml
2,17,4,330.951,E1;E26;E37;E39,D:\PSPS\runs_A_k4_3od_x1.0_pm01k0\init_seed7\g002_i017,D:\PSPS\runs_A_k4_3od_x1.0_pm01k0\init_seed7\g002_i017\tripinfo.xml
2,18,4,292.723,E14;E33;E37;E6,D:\PSPS\runs_A_k4_3od_x1.0_pm01k0\init_seed7\g002_i018,D:\PSPS\runs_A_k4_3od_x1.0_pm01k0\init_seed7\g002_i018\tripinfo.xml
2,19,4,309.487,E22;E27;E31;E7,D:\PSPS\runs_A_k4_3od_x1.0_pm01k0\init_seed7\g002_i019,D:\PSPS\runs_A_k4_3od_x1.0_pm01k0\init_seed7\g002_i019\tripinfo.xml
2,20,4,290.068,E16;E19;E25;E5,D:\PSPS\runs_A_k4_3od_x1.0_pm01k0\init_seed7\g002_i020,D:\PSPS\runs_A_k4_3od_x1.0_pm01k0\init_seed7\g002_i020\tripinfo.xml
2,21,4,304.036,E11;E15;E33;E6,D:\PSPS\runs_A_k4_3od_x1.0_pm01k0\init_seed7\g002_i021,D:\PSPS\runs_A_k4_3od_x1.0_pm01k0\init_seed7\g002_i021\tripinfo.xml
2,22,4,342.19,E14;E27;E29;E32,D:\PSPS\runs_A_k4_3od_x1.0_pm01k0\init_seed7\g002_i022,D:\PSPS\runs_A_k4_3od_x1.0_pm01k0\init_seed7\g002_i022\tripinfo.xml
2,23,4,276.933,E1;E19;E25;E33,D:\PSPS\runs_A_k4_3od_x1.0_pm01k0\init_seed7\g002_i023,D:\PSPS\runs_A_k4_3od_x1.0_pm01k0\init_seed7\g002_i023\tripinfo.xml
3,0,4,253.996,E14;E20;E21;E30,D:\PSPS\runs_A_k4_3od_x1.0_pm01k0\init_seed7\g003_i000,D:\PSPS\runs_A_k4_3od_x1.0_pm01k0\init_seed7\g003_i000\tripinfo.xml
3,1,4,293.358,E1;E33;E6;E7,D:\PSPS\runs_A_k4_3od_x1.0_pm01k0\init_seed7\g003_i001,D:\PSPS\runs_A_k4_3od_x1.0_pm01k0\init_seed7\g003_i001\tripinfo.xml
3,2,4,302.706,E19;E24;E6;E8,D:\PSPS\runs_A_k4_3od_x1.0_pm01k0\init_seed7\g003_i002,D:\PSPS\runs_A_k4_3od_x1.0_pm01k0\init_seed7\g003_i002\tripinfo.xml
3,3,4,274.734,E17;E30;E7;E8,D:\PSPS\runs_A_k4_3od_x1.0_pm01k0\init_seed7\g003_i003,D:\PSPS\runs_A_k4_3od_x1.0_pm01k0\init_seed7\g003_i003\tripinfo.xml
3,4,4,318.182,E10;E16;E19;E22,D:\PSPS\runs_A_k4_3od_x1.0_pm01k0\init_seed7\g003_i004,D:\PSPS\runs_A_k4_3od_x1.0_pm01k0\init_seed7\g003_i004\tripinfo.xml
3,5,4,311.805,E13;E14;E15;E17,D:\PSPS\runs_A_k4_3od_x1.0_pm01k0\init_seed7\g003_i005,D:\PSPS\runs_A_k4_3od_x1.0_pm01k0\init_seed7\g003_i005\tripinfo.xml
3,6,4,298.408,E13;E20;E33;E6,D:\PSPS\runs_A_k4_3od_x1.0_pm01k0\init_seed7\g003_i006,D:\PSPS\runs_A_k4_3od_x1.0_pm01k0\init_seed7\g003_i006\tripinfo.xml
3,7,4,291.102,E11;E19;E35;E37,D:\PSPS\runs_A_k4_3od_x1.0_pm01k0\init_seed7\g003_i007,D:\PSPS\runs_A_k4_3od_x1.0_pm01k0\init_seed7\g003_i007\tripinfo.xml
3,8,4,351.525,E11;E26;E29;E5,D:\PSPS\runs_A_k4_3od_x1.0_pm01k0\init_seed7\g003_i008,D:\PSPS\runs_A_k4_3od_x1.0_pm01k0\init_seed7\g003_i008\tripinfo.xml
3,9,4,267.813,E16;E27;E36;E6,D:\PSPS\runs_A_k4_3od_x1.0_pm01k0\init_seed7\g003_i009,D:\PSPS\runs_A_k4_3od_x1.0_pm01k0\init_seed7\g003_i009\tripinfo.xml
3,10,4,270.806,E20;E23;E32;E8,D:\PSPS\runs_A_k4_3od_x1.0_pm01k0\init_seed7\g003_i010,D:\PSPS\runs_A_k4_3od_x1.0_pm01k0\init_seed7\g003_i010\tripinfo.xml
3,11,4,286.86,E19;E31;E35;E45,D:\PSPS\runs_A_k4_3od_x1.0_pm01k0\init_seed7\g003_i011,D:\PSPS\runs_A_k4_3od_x1.0_pm01k0\init_seed7\g003_i011\tripinfo.xml
3,12,4,283.747,E16;E32;E41;E5,D:\PSPS\runs_A_k4_3od_x1.0_pm01k0\init_seed7\g003_i012,D:\PSPS\runs_A_k4_3od_x1.0_pm01k0\init_seed7\g003_i012\tripinfo.xml
3,13,4,275.092,E19;E27;E30;E5,D:\PSPS\runs_A_k4_3od_x1.0_pm01k0\init_seed7\g003_i013,D:\PSPS\runs_A_k4_3od_x1.0_pm01k0\init_seed7\g003_i013\tripinfo.xml
3,14,4,304.084,E1;E14;E34;E42,D:\PSPS\runs_A_k4_3od_x1.0_pm01k0\init_seed7\g003_i014,D:\PSPS\runs_A_k4_3od_x1.0_pm01k0\init_seed7\g003_i014\tripinfo.xml
3,15,4,266.989,E1;E15;E27;E6,D:\PSPS\runs_A_k4_3od_x1.0_pm01k0\init_seed7\g003_i015,D:\PSPS\runs_A_k4_3od_x1.0_pm01k0\init_seed7\g003_i015\tripinfo.xml
3,16,4,293.996,E13;E19;E27;E45,D:\PSPS\runs_A_k4_3od_x1.0_pm01k0\init_seed7\g003_i016,D:\PSPS\runs_A_k4_3od_x1.0_pm01k0\init_seed7\g003_i016\tripinfo.xml
3,17,4,300.519,E27;E3;E34;E7,D:\PSPS\runs_A_k4_3od_x1.0_pm01k0\init_seed7\g003_i017,D:\PSPS\runs_A_k4_3od_x1.0_pm01k0\init_seed7\g003_i017\tripinfo.xml
3,18,4,310.805,E27;E29;E5;E6,D:\PSPS\runs_A_k4_3od_x1.0_pm01k0\init_seed7\g003_i018,D:\PSPS\runs_A_k4_3od_x1.0_pm01k0\init_seed7\g003_i018\tripinfo.xml
3,19,4,285.83,E15;E27;E33;E7,D:\PSPS\runs_A_k4_3od_x1.0_pm01k0\init_seed7\g003_i019,D:\PSPS\runs_A_k4_3od_x1.0_pm01k0\init_seed7\g003_i019\tripinfo.xml
3,20,4,286.165,E13;E27;E5;E6,D:\PSPS\runs_A_k4_3od_x1.0_pm01k0\init_seed7\g003_i020,D:\PSPS\runs_A_k4_3od_x1.0_pm01k0\init_seed7\g003_i020\tripinfo.xml
3,21,4,282.914,E23;E27;E35;E38,D:\PSPS\runs_A_k4_3od_x1.0_pm01k0\init_seed7\g003_i021,D:\PSPS\runs_A_k4_3od_x1.0_pm01k0\init_seed7\g003_i021\tripinfo.xml
3,22,4,283.194,E14;E30;E41;E5,D:\PSPS\runs_A_k4_3od_x1.0_pm01k0\init_seed7\g003_i022,D:\PSPS\runs_A_k4_3od_x1.0_pm01k0\init_seed7\g003_i022\tripinfo.xml
3,23,4,295.555,E1;E33;E36;E6,D:\PSPS\runs_A_k4_3od_x1.0_pm01k0\init_seed7\g003_i023,D:\PSPS\runs_A_k4_3od_x1.0_pm01k0\init_seed7\g003_i023\tripinfo.xml
4,0,4,253.996,E14;E20;E21;E30,D:\PSPS\runs_A_k4_3od_x1.0_pm01k0\init_seed7\g004_i000,D:\PSPS\runs_A_k4_3od_x1.0_pm01k0\init_seed7\g004_i000\tripinfo.xml
4,1,4,286.185,E16;E25;E30;E7,D:\PSPS\runs_A_k4_3od_x1.0_pm01k0\init_seed7\g004_i001,D:\PSPS\runs_A_k4_3od_x1.0_pm01k0\init_seed7\g004_i001\tripinfo.xml
4,2,4,248.638,E20;E21;E36;E8,D:\PSPS\runs_A_k4_3od_x1.0_pm01k0\init_seed7\g004_i002,D:\PSPS\runs_A_k4_3od_x1.0_pm01k0\init_seed7\g004_i002\tripinfo.xml
4,3,4,297.949,E1;E11;E20;E38,D:\PSPS\runs_A_k4_3od_x1.0_pm01k0\init_seed7\g004_i003,D:\PSPS\runs_A_k4_3od_x1.0_pm01k0\init_seed7\g004_i003\tripinfo.xml
4,4,4,301.923,E13;E15;E25;E42,D:\PSPS\runs_A_k4_3od_x1.0_pm01k0\init_seed7\g004_i004,D:\PSPS\runs_A_k4_3od_x1.0_pm01k0\init_seed7\g004_i004\tripinfo.xml
4,5,4,360.031,E13;E29;E35;E36,D:\PSPS\runs_A_k4_3od_x1.0_pm01k0\init_seed7\g004_i005,D:\PSPS\runs_A_k4_3od_x1.0_pm01k0\init_seed7\g004_i005\tripinfo.xml
4,6,4,279.493,E20;E30;E37;E6,D:\PSPS\runs_A_k4_3od_x1.0_pm01k0\init_seed7\g004_i006,D:\PSPS\runs_A_k4_3od_x1.0_pm01k0\init_seed7\g004_i006\tripinfo.xml
4,7,4,285.833,E27;E32;E33;E45,D:\PSPS\runs_A_k4_3od_x1.0_pm01k0\init_seed7\g004_i007,D:\PSPS\runs_A_k4_3od_x1.0_pm01k0\init_seed7\g004_i007\tripinfo.xml
4,8,4,272.314,E15;E20;E23;E31,D:\PSPS\runs_A_k4_3od_x1.0_pm01k0\init_seed7\g004_i008,D:\PSPS\runs_A_k4_3od_x1.0_pm01k0\init_seed7\g004_i008\tripinfo.xml
4,9,4,296.931,E14;E15;E27;E34,D:\PSPS\runs_A_k4_3od_x1.0_pm01k0\init_seed7\g004_i009,D:\PSPS\runs_A_k4_3od_x1.0_pm01k0\init_seed7\g004_i009\tripinfo.xml
4,10,4,315.396,E14;E21;E3;E34,D:\PSPS\runs_A_k4_3od_x1.0_pm01k0\init_seed7\g004_i010,D:\PSPS\runs_A_k4_3od_x1.0_pm01k0\init_seed7\g004_i010\tripinfo.xml
4,11,4,306.412,E17;E23;E43;E6,D:\PSPS\runs_A_k4_3od_x1.0_pm01k0\init_seed7\g004_i011,D:\PSPS\runs_A_k4_3od_x1.0_pm01k0\init_seed7\g004_i011\tripinfo.xml
4,12,4,277.955,E20;E23;E34;E8,D:\PSPS\runs_A_k4_3od_x1.0_pm01k0\init_seed7\g004_i012,D:\PSPS\runs_A_k4_3od_x1.0_pm01k0\init_seed7\g004_i012\tripinfo.xml
4,13,4,299.142,E16;E3;E30;E41,D:\PSPS\runs_A_k4_3od_x1.0_pm01k0\init_seed7\g004_i013,D:\PSPS\runs_A_k4_3od_x1.0_pm01k0\init_seed7\g004_i013\tripinfo.xml
4,14,4,269.052,E13;E14;E17;E27,D:\PSPS\runs_A_k4_3od_x1.0_pm01k0\init_seed7\g004_i014,D:\PSPS\runs_A_k4_3od_x1.0_pm01k0\init_seed7\g004_i014\tripinfo.xml
4,15,4,303.428,E13;E20;E30;E7,D:\PSPS\runs_A_k4_3od_x1.0_pm01k0\init_seed7\g004_i015,D:\PSPS\runs_A_k4_3od_x1.0_pm01k0\init_seed7\g004_i015\tripinfo.xml
4,16,4,338.435,E14;E29;E35;E43,D:\PSPS\runs_A_k4_3od_x1.0_pm01k0\init_seed7\g004_i016,D:\PSPS\runs_A_k4_3od_x1.0_pm01k0\init_seed7\g004_i016\tripinfo.xml
4,17,4,295.786,E15;E35;E7;E8,D:\PSPS\runs_A_k4_3od_x1.0_pm01k0\init_seed7\g004_i017,D:\PSPS\runs_A_k4_3od_x1.0_pm01k0\init_seed7\g004_i017\tripinfo.xml
4,18,4,313.73,E1;E30;E35;E6,D:\PSPS\runs_A_k4_3od_x1.0_pm01k0\init_seed7\g004_i018,D:\PSPS\runs_A_k4_3od_x1.0_pm01k0\init_seed7\g004_i018\tripinfo.xml
4,19,4,267.675,E10;E16;E19;E27,D:\PSPS\runs_A_k4_3od_x1.0_pm01k0\init_seed7\g004_i019,D:\PSPS\runs_A_k4_3od_x1.0_pm01k0\init_seed7\g004_i019\tripinfo.xml
4,20,4,280.614,E27;E30;E39;E6,D:\PSPS\runs_A_k4_3od_x1.0_pm01k0\init_seed7\g004_i020,D:\PSPS\runs_A_k4_3od_x1.0_pm01k0\init_seed7\g004_i020\tripinfo.xml
4,21,4,328.228,E27;E29;E45;E8,D:\PSPS\runs_A_k4_3od_x1.0_pm01k0\init_seed7\g004_i021,D:\PSPS\runs_A_k4_3od_x1.0_pm01k0\init_seed7\g004_i021\tripinfo.xml
4,22,4,302.1,E17;E3;E31;E7,D:\PSPS\runs_A_k4_3od_x1.0_pm01k0\init_seed7\g004_i022,D:\PSPS\runs_A_k4_3od_x1.0_pm01k0\init_seed7\g004_i022\tripinfo.xml
4,23,4,301.814,E1;E17;E35;E7,D:\PSPS\runs_A_k4_3od_x1.0_pm01k0\init_seed7\g004_i023,D:\PSPS\runs_A_k4_3od_x1.0_pm01k0\init_seed7\g004_i023\tripinfo.xml
5,0,4,248.638,E20;E21;E36;E8,D:\PSPS\runs_A_k4_3od_x1.0_pm01k0\init_seed7\g005_i000,D:\PSPS\runs_A_k4_3od_x1.0_pm01k0\init_seed7\g005_i000\tripinfo.xml
5,1,4,293.568,E10;E17;E20;E43,D:\PSPS\runs_A_k4_3od_x1.0_pm01k0\init_seed7\g005_i001,D:\PSPS\runs_A_k4_3od_x1.0_pm01k0\init_seed7\g005_i001\tripinfo.xml
5,2,4,306.704,E23;E26;E27;E36,D:\PSPS\runs_A_k4_3od_x1.0_pm01k0\init_seed7\g005_i002,D:\PSPS\runs_A_k4_3od_x1.0_pm01k0\init_seed7\g005_i002\tripinfo.xml
5,3,4,302.19,E1;E13;E15;E39,D:\PSPS\runs_A_k4_3od_x1.0_pm01k0\init_seed7\g005_i003,D:\PSPS\runs_A_k4_3od_x1.0_pm01k0\init_seed7\g005_i003\tripinfo.xml
5,4,4,286.99,E14;E17;E20;E39,D:\PSPS\runs_A_k4_3od_x1.0_pm01k0\init_seed7\g005_i004,D:\PSPS\runs_A_k4_3od_x1.0_pm01k0\init_seed7\g005_i004\tripinfo.xml
5,5,4,287.441,E15;E20;E27;E36,D:\PSPS\runs_A_k4_3od_x1.0_pm01k0\init_seed7\g005_i005,D:\PSPS\runs_A_k4_3od_x1.0_pm01k0\init_seed7\g005_i005\tripinfo.xml
5,6,4,291.994,E14;E17;E27;E34,D:\PSPS\runs_A_k4_3od_x1.0_pm01k0\init_seed7\g005_i006,D:\PSPS\runs_A_k4_3od_x1.0_pm01k0\init_seed7\g005_i006\tripinfo.xml
5,7,4,316.287,E13;E14;E43;E8,D:\PSPS\runs_A_k4_3od_x1.0_pm01k0\init_seed7\g005_i007,D:\PSPS\runs_A_k4_3od_x1.0_pm01k0\init_seed7\g005_i007\tripinfo.xml
5,8,4,269.052,E13;E14;E17;E27,D:\PSPS\runs_A_k4_3od_x1.0_pm01k0\init_seed7\g005_i008,D:\PSPS\runs_A_k4_3od_x1.0_pm01k0\init_seed7\g005_i008\tripinfo.xml
5,9,4,268.196,E10;E17;E21;E42,D:\PSPS\runs_A_k4_3od_x1.0_pm01k0\init_seed7\g005_i009,D:\PSPS\runs_A_k4_3od_x1.0_pm01k0\init_seed7\g005_i009\tripinfo.xml
5,10,4,280.669,E14;E20;E36;E8,D:\PSPS\runs_A_k4_3od_x1.0_pm01k0\init_seed7\g005_i010,D:\PSPS\runs_A_k4_3od_x1.0_pm01k0\init_seed7\g005_i010\tripinfo.xml
5,11,4,318.741,E1;E14;E17;E22,D:\PSPS\runs_A_k4_3od_x1.0_pm01k0\init_seed7\g005_i011,D:\PSPS\runs_A_k4_3od_x1.0_pm01k0\init_seed7\g005_i011\tripinfo.xml
5,12,4,309.668,E13;E14;E3;E30,D:\PSPS\runs_A_k4_3od_x1.0_pm01k0\init_seed7\g005_i012,D:\PSPS\runs_A_k4_3od_x1.0_pm01k0\init_seed7\g005_i012\tripinfo.xml
5,13,4,306.025,E13;E37;E39;E6,D:\PSPS\runs_A_k4_3od_x1.0_pm01k0\init_seed7\g005_i013,D:\PSPS\runs_A_k4_3od_x1.0_pm01k0\init_seed7\g005_i013\tripinfo.xml
5,14,4,274.698,E20;E30;E39;E7,D:\PSPS\runs_A_k4_3od_x1.0_pm01k0\init_seed7\g005_i014,D:\PSPS\runs_A_k4_3od_x1.0_pm01k0\init_seed7\g005_i014\tripinfo.xml
5,15,4,286.788,E19;E20;E25;E37,D:\PSPS\runs_A_k4_3od_x1.0_pm01k0\init_seed7\g005_i015,D:\PSPS\runs_A_k4_3od_x1.0_pm01k0\init_seed7\g005_i015\tripinfo.xml
5,16,4,294.812,E15;E19;E23;E24,D:\PSPS\runs_A_k4_3od_x1.0_pm01k0\init_seed7\g005_i016,D:\PSPS\runs_A_k4_3od_x1.0_pm01k0\init_seed7\g005_i016\tripinfo.xml
5,17,4,304.031,E14;E15;E26;E35,D:\PSPS\runs_A_k4_3od_x1.0_pm01k0\init_seed7\g005_i017,D:\PSPS\runs_A_k4_3od_x1.0_pm01k0\init_seed7\g005_i017\tripinfo.xml
5,18,4,278.125,E20;E22;E41;E8,D:\PSPS\runs_A_k4_3od_x1.0_pm01k0\init_seed7\g005_i018,D:\PSPS\runs_A_k4_3od_x1.0_pm01k0\init_seed7\g005_i018\tripinfo.xml
5,19,4,278.558,E1;E16;E27;E39,D:\PSPS\runs_A_k4_3od_x1.0_pm01k0\init_seed7\g005_i019,D:\PSPS\runs_A_k4_3od_x1.0_pm01k0\init_seed7\g005_i019\tripinfo.xml
5,20,4,319.551,E19;E23;E30;E43,D:\PSPS\runs_A_k4_3od_x1.0_pm01k0\init_seed7\g005_i020,D:\PSPS\runs_A_k4_3od_x1.0_pm01k0\init_seed7\g005_i020\tripinfo.xml
5,21,4,287.499,E1;E20;E42;E7,D:\PSPS\runs_A_k4_3od_x1.0_pm01k0\init_seed7\g005_i021,D:\PSPS\runs_A_k4_3od_x1.0_pm01k0\init_seed7\g005_i021\tripinfo.xml
5,22,4,283.701,E17;E20;E30;E35,D:\PSPS\runs_A_k4_3od_x1.0_pm01k0\init_seed7\g005_i022,D:\PSPS\runs_A_k4_3od_x1.0_pm01k0\init_seed7\g005_i022\tripinfo.xml
5,23,4,306.788,E20;E25;E30;E4,D:\PSPS\runs_A_k4_3od_x1.0_pm01k0\init_seed7\g005_i023,D:\PSPS\runs_A_k4_3od_x1.0_pm01k0\init_seed7\g005_i023\tripinfo.xml
6,0,4,248.638,E20;E21;E36;E8,D:\PSPS\runs_A_k4_3od_x1.0_pm01k0\init_seed7\g006_i000,D:\PSPS\runs_A_k4_3od_x1.0_pm01k0\init_seed7\g006_i000\tripinfo.xml
6,1,4,319.424,E1;E14;E15;E34,D:\PSPS\runs_A_k4_3od_x1.0_pm01k0\init_seed7\g006_i001,D:\PSPS\runs_A_k4_3od_x1.0_pm01k0\init_seed7\g006_i001\tripinfo.xml
6,2,4,326.134,E20;E26;E30;E39,D:\PSPS\runs_A_k4_3od_x1.0_pm01k0\init_seed7\g006_i002,D:\PSPS\runs_A_k4_3od_x1.0_pm01k0\init_seed7\g006_i002\tripinfo.xml
6,3,4,312.283,E20;E26;E43;E8,D:\PSPS\runs_A_k4_3od_x1.0_pm01k0\init_seed7\g006_i003,D:\PSPS\runs_A_k4_3od_x1.0_pm01k0\init_seed7\g006_i003\tripinfo.xml
6,4,4,300.186,E19;E3;E34;E41,D:\PSPS\runs_A_k4_3od_x1.0_pm01k0\init_seed7\g006_i004,D:\PSPS\runs_A_k4_3od_x1.0_pm01k0\init_seed7\g006_i004\tripinfo.xml
6,5,4,261.456,E16;E17;E20;E42,D:\PSPS\runs_A_k4_3od_x1.0_pm01k0\init_seed7\g006_i005,D:\PSPS\runs_A_k4_3od_x1.0_pm01k0\init_seed7\g006_i005\tripinfo.xml
6,6,4,275.42,E14;E27;E30;E35,D:\PSPS\runs_A_k4_3od_x1.0_pm01k0\init_seed7\g006_i006,D:\PSPS\runs_A_k4_3od_x1.0_pm01k0\init_seed7\g006_i006\tripinfo.xml
6,7,4,319.188,E16;E22;E27;E45,D:\PSPS\runs_A_k4_3od_x1.0_pm01k0\init_seed7\g006_i007,D:\PSPS\runs_A_k4_3od_x1.0_pm01k0\init_seed7\g006_i007\tripinfo.xml
6,8,4,281.641,E11;E24;E27;E39,D:\PSPS\runs_A_k4_3od_x1.0_pm01k0\init_seed7\g006_i008,D:\PSPS\runs_A_k4_3od_x1.0_pm01k0\init_seed7\g006_i008\tripinfo.xml
6,9,4,309.65,E20;E25;E29;E43,D:\PSPS\runs_A_k4_3od_x1.0_pm01k0\init_seed7\g006_i009,D:\PSPS\runs_A_k4_3od_x1.0_pm01k0\init_seed7\g006_i009\tripinfo.xml
6,10,4,327.676,E22;E30;E36;E7,D:\PSPS\runs_A_k4_3od_x1.0_pm01k0\init_seed7\g006_i010,D:\PSPS\runs_A_k4_3od_x1.0_pm01k0\init_seed7\g006_i010\tripinfo.xml
6,11,4,278.685,E19;E20;E27;E37,D:\PSPS\runs_A_k4_3od_x1.0_pm01k0\init_seed7\g006_i011,D:\PSPS\runs_A_k4_3od_x1.0_pm01k0\init_seed7\g006_i011\tripinfo.xml
6,12,4,301.301,E14;E36;E39;E8,D:\PSPS\runs_A_k4_3od_x1.0_pm01k0\init_seed7\g006_i012,D:\PSPS\runs_A_k4_3od_x1.0_pm01k0\init_seed7\g006_i012\tripinfo.xml
6,13,4,284.701,E10;E14;E20;E3,D:\PSPS\runs_A_k4_3od_x1.0_pm01k0\init_seed7\g006_i013,D:\PSPS\runs_A_k4_3od_x1.0_pm01k0\init_seed7\g006_i013\tripinfo.xml
6,14,4,281.236,E20;E36;E38;E39,D:\PSPS\runs_A_k4_3od_x1.0_pm01k0\init_seed7\g006_i014,D:\PSPS\runs_A_k4_3od_x1.0_pm01k0\init_seed7\g006_i014\tripinfo.xml
6,15,4,299.732,E15;E20;E22;E41,D:\PSPS\runs_A_k4_3od_x1.0_pm01k0\init_seed7\g006_i015,D:\PSPS\runs_A_k4_3od_x1.0_pm01k0\init_seed7\g006_i015\tripinfo.xml
6,16,4,259.343,E17;E20;E21;E41,D:\PSPS\runs_A_k4_3od_x1.0_pm01k0\init_seed7\g006_i016,D:\PSPS\runs_A_k4_3od_x1.0_pm01k0\init_seed7\g006_i016\tripinfo.xml
6,17,4,295.255,E11;E36;E39;E42,D:\PSPS\runs_A_k4_3od_x1.0_pm01k0\init_seed7\g006_i017,D:\PSPS\runs_A_k4_3od_x1.0_pm01k0\init_seed7\g006_i017\tripinfo.xml
6,18,4,279.8,E1;E4;E42;E45,D:\PSPS\runs_A_k4_3od_x1.0_pm01k0\init_seed7\g006_i018,D:\PSPS\runs_A_k4_3od_x1.0_pm01k0\init_seed7\g006_i018\tripinfo.xml
6,19,4,306.43,E36;E39;E41;E7,D:\PSPS\runs_A_k4_3od_x1.0_pm01k0\init_seed7\g006_i019,D:\PSPS\runs_A_k4_3od_x1.0_pm01k0\init_seed7\g006_i019\tripinfo.xml
6,20,4,328.827,E20;E26;E35;E8,D:\PSPS\runs_A_k4_3od_x1.0_pm01k0\init_seed7\g006_i020,D:\PSPS\runs_A_k4_3od_x1.0_pm01k0\init_seed7\g006_i020\tripinfo.xml
6,21,4,287.107,E17;E36;E7;E8,D:\PSPS\runs_A_k4_3od_x1.0_pm01k0\init_seed7\g006_i021,D:\PSPS\runs_A_k4_3od_x1.0_pm01k0\init_seed7\g006_i021\tripinfo.xml
6,22,4,264.817,E20;E27;E35;E7,D:\PSPS\runs_A_k4_3od_x1.0_pm01k0\init_seed7\g006_i022,D:\PSPS\runs_A_k4_3od_x1.0_pm01k0\init_seed7\g006_i022\tripinfo.xml
6,23,4,267.92,E11;E21;E24;E32,D:\PSPS\runs_A_k4_3od_x1.0_pm01k0\init_seed7\g006_i023,D:\PSPS\runs_A_k4_3od_x1.0_pm01k0\init_seed7\g006_i023\tripinfo.xml
7,0,4,248.638,E20;E21;E36;E8,D:\PSPS\runs_A_k4_3od_x1.0_pm01k0\init_seed7\g007_i000,D:\PSPS\runs_A_k4_3od_x1.0_pm01k0\init_seed7\g007_i000\tripinfo.xml
7,1,4,250.678,E27;E30;E35;E42,D:\PSPS\runs_A_k4_3od_x1.0_pm01k0\init_seed7\g007_i001,D:\PSPS\runs_A_k4_3od_x1.0_pm01k0\init_seed7\g007_i001\tripinfo.xml
7,2,4,299.835,E11;E14;E24;E37,D:\PSPS\runs_A_k4_3od_x1.0_pm01k0\init_seed7\g007_i002,D:\PSPS\runs_A_k4_3od_x1.0_pm01k0\init_seed7\g007_i002\tripinfo.xml
7,3,4,285.937,E1;E3;E32;E8,D:\PSPS\runs_A_k4_3od_x1.0_pm01k0\init_seed7\g007_i003,D:\PSPS\runs_A_k4_3od_x1.0_pm01k0\init_seed7\g007_i003\tripinfo.xml
7,4,4,328.719,E22;E23;E34;E4,D:\PSPS\runs_A_k4_3od_x1.0_pm01k0\init_seed7\g007_i004,D:\PSPS\runs_A_k4_3od_x1.0_pm01k0\init_seed7\g007_i004\tripinfo.xml
7,5,4,374.497,E11;E14;E29;E36,D:\PSPS\runs_A_k4_3od_x1.0_pm01k0\init_seed7\g007_i005,D:\PSPS\runs_A_k4_3od_x1.0_pm01k0\init_seed7\g007_i005\tripinfo.xml
7,6,4,271.331,E27;E32;E35;E36,D:\PSPS\runs_A_k4_3od_x1.0_pm01k0\init_seed7\g007_i006,D:\PSPS\runs_A_k4_3od_x1.0_pm01k0\init_seed7\g007_i006\tripinfo.xml
7,7,4,281.086,E14;E16;E17;E30,D:\PSPS\runs_A_k4_3od_x1.0_pm01k0\init_seed7\g007_i007,D:\PSPS\runs_A_k4_3od_x1.0_pm01k0\init_seed7\g007_i007\tripinfo.xml
7,8,4,273.509,E20;E30;E35;E42,D:\PSPS\runs_A_k4_3od_x1.0_pm01k0\init_seed7\g007_i008,D:\PSPS\runs_A_k4_3od_x1.0_pm01k0\init_seed7\g007_i008\tripinfo.xml
7,9,4,290.932,E11;E21;E24;E39,D:\PSPS\runs_A_k4_3od_x1.0_pm01k0\init_seed7\g007_i009,D:\PSPS\runs_A_k4_3od_x1.0_pm01k0\init_seed7\g007_i009\tripinfo.xml
7,10,4,253.095,E1;E16;E21;E8,D:\PSPS\runs_A_k4_3od_x1.0_pm01k0\init_seed7\g007_i010,D:\PSPS\runs_A_k4_3od_x1.0_pm01k0\init_seed7\g007_i010\tripinfo.xml
7,11,4,259.814,E13;E20;E23;E42,D:\PSPS\runs_A_k4_3od_x1.0_pm01k0\init_seed7\g007_i011,D:\PSPS\runs_A_k4_3od_x1.0_pm01k0\init_seed7\g007_i011\tripinfo.xml
7,12,4,288.979,E1;E39;E4;E8,D:\PSPS\runs_A_k4_3od_x1.0_pm01k0\init_seed7\g007_i012,D:\PSPS\runs_A_k4_3od_x1.0_pm01k0\init_seed7\g007_i012\tripinfo.xml
7,13,4,267.278,E17;E20;E41;E42,D:\PSPS\runs_A_k4_3od_x1.0_pm01k0\init_seed7\g007_i013,D:\PSPS\runs_A_k4_3od_x1.0_pm01k0\init_seed7\g007_i013\tripinfo.xml
7,14,4,280.35,E14;E20;E27;E35,D:\PSPS\runs_A_k4_3od_x1.0_pm01k0\init_seed7\g007_i014,D:\PSPS\runs_A_k4_3od_x1.0_pm01k0\init_seed7\g007_i014\tripinfo.xml
7,15,4,270.578,E11;E17;E20;E7,D:\PSPS\runs_A_k4_3od_x1.0_pm01k0\init_seed7\g007_i015,D:\PSPS\runs_A_k4_3od_x1.0_pm01k0\init_seed7\g007_i015\tripinfo.xml
7,16,4,291.614,E16;E37;E39;E42,D:\PSPS\runs_A_k4_3od_x1.0_pm01k0\init_seed7\g007_i016,D:\PSPS\runs_A_k4_3od_x1.0_pm01k0\init_seed7\g007_i016\tripinfo.xml
7,17,4,285.981,E15;E21;E39;E42,D:\PSPS\runs_A_k4_3od_x1.0_pm01k0\init_seed7\g007_i017,D:\PSPS\runs_A_k4_3od_x1.0_pm01k0\init_seed7\g007_i017\tripinfo.xml
7,18,4,307.829,E13;E17;E20;E22,D:\PSPS\runs_A_k4_3od_x1.0_pm01k0\init_seed7\g007_i018,D:\PSPS\runs_A_k4_3od_x1.0_pm01k0\init_seed7\g007_i018\tripinfo.xml
7,19,4,330.717,E14;E34;E36;E37,D:\PSPS\runs_A_k4_3od_x1.0_pm01k0\init_seed7\g007_i019,D:\PSPS\runs_A_k4_3od_x1.0_pm01k0\init_seed7\g007_i019\tripinfo.xml
7,20,4,279.119,E20;E35;E42;E5,D:\PSPS\runs_A_k4_3od_x1.0_pm01k0\init_seed7\g007_i020,D:\PSPS\runs_A_k4_3od_x1.0_pm01k0\init_seed7\g007_i020\tripinfo.xml
7,21,4,296.347,E1;E19;E23;E7,D:\PSPS\runs_A_k4_3od_x1.0_pm01k0\init_seed7\g007_i021,D:\PSPS\runs_A_k4_3od_x1.0_pm01k0\init_seed7\g007_i021\tripinfo.xml
7,22,4,263.942,E20;E21;E25;E37,D:\PSPS\runs_A_k4_3od_x1.0_pm01k0\init_seed7\g007_i022,D:\PSPS\runs_A_k4_3od_x1.0_pm01k0\init_seed7\g007_i022\tripinfo.xml
7,23,4,335.033,E11;E20;E26;E32,D:\PSPS\runs_A_k4_3od_x1.0_pm01k0\init_seed7\g007_i023,D:\PSPS\runs_A_k4_3od_x1.0_pm01k0\init_seed7\g007_i023\tripinfo.xml
8,0,4,248.638,E20;E21;E36;E8,D:\PSPS\runs_A_k4_3od_x1.0_pm01k0\init_seed7\g008_i000,D:\PSPS\runs_A_k4_3od_x1.0_pm01k0\init_seed7\g008_i000\tripinfo.xml
8,1,4,283.366,E1;E17;E33;E41,D:\PSPS\runs_A_k4_3od_x1.0_pm01k0\init_seed7\g008_i001,D:\PSPS\runs_A_k4_3od_x1.0_pm01k0\init_seed7\g008_i001\tripinfo.xml
8,2,4,323.618,E11;E13;E17;E43,D:\PSPS\runs_A_k4_3od_x1.0_pm01k0\init_seed7\g008_i002,D:\PSPS\runs_A_k4_3od_x1.0_pm01k0\init_seed7\g008_i002\tripinfo.xml
8,3,4,330.812,E21;E22;E35;E7,D:\PSPS\runs_A_k4_3od_x1.0_pm01k0\init_seed7\g008_i003,D:\PSPS\runs_A_k4_3od_x1.0_pm01k0\init_seed7\g008_i003\tripinfo.xml
8,4,4,304.833,E11;E17;E25;E39,D:\PSPS\runs_A_k4_3od_x1.0_pm01k0\init_seed7\g008_i004,D:\PSPS\runs_A_k4_3od_x1.0_pm01k0\init_seed7\g008_i004\tripinfo.xml
8,5,4,298.408,E13;E20;E33;E6,D:\PSPS\runs_A_k4_3od_x1.0_pm01k0\init_seed7\g008_i005,D:\PSPS\runs_A_k4_3od_x1.0_pm01k0\init_seed7\g008_i005\tripinfo.xml
8,6,4,299.698,E10;E35;E36;E37,D:\PSPS\runs_A_k4_3od_x1.0_pm01k0\init_seed7\g008_i006,D:\PSPS\runs_A_k4_3od_x1.0_pm01k0\init_seed7\g008_i006\tripinfo.xml
8,7,4,311.777,E10;E27;E34;E8,D:\PSPS\runs_A_k4_3od_x1.0_pm01k0\init_seed7\g008_i007,D:\PSPS\runs_A_k4_3od_x1.0_pm01k0\init_seed7\g008_i007\tripinfo.xml
8,8,4,277.199,E32;E42;E5;E7,D:\PSPS\runs_A_k4_3od_x1.0_pm01k0\init_seed7\g008_i008,D:\PSPS\runs_A_k4_3od_x1.0_pm01k0\init_seed7\g008_i008\tripinfo.xml
8,9,4,299.737,E1;E14;E20;E36,D:\PSPS\runs_A_k4_3od_x1.0_pm01k0\init_seed7\g008_i009,D:\PSPS\runs_A_k4_3od_x1.0_pm01k0\init_seed7\g008_i009\tripinfo.xml
8,10,4,317.694,E23;E25;E3;E36,D:\PSPS\runs_A_k4_3od_x1.0_pm01k0\init_seed7\g008_i010,D:\PSPS\runs_A_k4_3od_x1.0_pm01k0\init_seed7\g008_i010\tripinfo.xml
8,11,4,303.641,E13;E15;E7;E8,D:\PSPS\runs_A_k4_3od_x1.0_pm01k0\init_seed7\g008_i011,D:\PSPS\runs_A_k4_3od_x1.0_pm01k0\init_seed7\g008_i011\tripinfo.xml
8,12,4,274.672,E16;E20;E37;E42,D:\PSPS\runs_A_k4_3od_x1.0_pm01k0\init_seed7\g008_i012,D:\PSPS\runs_A_k4_3od_x1.0_pm01k0\init_seed7\g008_i012\tripinfo.xml
8,13,4,306.994,E16;E20;E25;E3,D:\PSPS\runs_A_k4_3od_x1.0_pm01k0\init_seed7\g008_i013,D:\PSPS\runs_A_k4_3od_x1.0_pm01k0\init_seed7\g008_i013\tripinfo.xml
8,14,4,282.111,E21;E24;E36;E37,D:\PSPS\runs_A_k4_3od_x1.0_pm01k0\init_seed7\g008_i014,D:\PSPS\runs_A_k4_3od_x1.0_pm01k0\init_seed7\g008_i014\tripinfo.xml
8,15,4,295.926,E1;E16;E25;E32,D:\PSPS\runs_A_k4_3od_x1.0_pm01k0\init_seed7\g008_i015,D:\PSPS\runs_A_k4_3od_x1.0_pm01k0\init_seed7\g008_i015\tripinfo.xml
8,16,4,326.579,E14;E24;E30;E7,D:\PSPS\runs_A_k4_3od_x1.0_pm01k0\init_seed7\g008_i016,D:\PSPS\runs_A_k4_3od_x1.0_pm01k0\init_seed7\g008_i016\tripinfo.xml
8,17,4,277.178,E21;E24;E36;E42,D:\PSPS\runs_A_k4_3od_x1.0_pm01k0\init_seed7\g008_i017,D:\PSPS\runs_A_k4_3od_x1.0_pm01k0\init_seed7\g008_i017\tripinfo.xml
8,18,4,259.683,E20;E30;E37;E5,D:\PSPS\runs_A_k4_3od_x1.0_pm01k0\init_seed7\g008_i018,D:\PSPS\runs_A_k4_3od_x1.0_pm01k0\init_seed7\g008_i018\tripinfo.xml
8,19,4,327.647,E20;E27;E30;E42,D:\PSPS\runs_A_k4_3od_x1.0_pm01k0\init_seed7\g008_i019,D:\PSPS\runs_A_k4_3od_x1.0_pm01k0\init_seed7\g008_i019\tripinfo.xml
8,20,4,316.975,E14;E39;E42;E6,D:\PSPS\runs_A_k4_3od_x1.0_pm01k0\init_seed7\g008_i020,D:\PSPS\runs_A_k4_3od_x1.0_pm01k0\init_seed7\g008_i020\tripinfo.xml
8,21,4,265.584,E17;E20;E30;E42,D:\PSPS\runs_A_k4_3od_x1.0_pm01k0\init_seed7\g008_i021,D:\PSPS\runs_A_k4_3od_x1.0_pm01k0\init_seed7\g008_i021\tripinfo.xml
8,22,4,324.671,E19;E20;E30;E43,D:\PSPS\runs_A_k4_3od_x1.0_pm01k0\init_seed7\g008_i022,D:\PSPS\runs_A_k4_3od_x1.0_pm01k0\init_seed7\g008_i022\tripinfo.xml
8,23,4,296.698,E32;E35;E42;E7,D:\PSPS\runs_A_k4_3od_x1.0_pm01k0\init_seed7\g008_i023,D:\PSPS\runs_A_k4_3od_x1.0_pm01k0\init_seed7\g008_i023\tripinfo.xml
9,0,4,248.638,E20;E21;E36;E8,D:\PSPS\runs_A_k4_3od_x1.0_pm01k0\init_seed7\g009_i000,D:\PSPS\runs_A_k4_3od_x1.0_pm01k0\init_seed7\g009_i000\tripinfo.xml
9,1,4,292.483,E31;E36;E42;E7,D:\PSPS\runs_A_k4_3od_x1.0_pm01k0\init_seed7\g009_i001,D:\PSPS\runs_A_k4_3od_x1.0_pm01k0\init_seed7\g009_i001\tripinfo.xml
9,2,4,260.155,E21;E33;E42;E5,D:\PSPS\runs_A_k4_3od_x1.0_pm01k0\init_seed7\g009_i002,D:\PSPS\runs_A_k4_3od_x1.0_pm01k0\init_seed7\g009_i002\tripinfo.xml
9,3,4,283.863,E20;E30;E5;E6,D:\PSPS\runs_A_k4_3od_x1.0_pm01k0\init_seed7\g009_i003,D:\PSPS\runs_A_k4_3od_x1.0_pm01k0\init_seed7\g009_i003\tripinfo.xml
9,4,4,290.332,E20;E38;E39;E5,D:\PSPS\runs_A_k4_3od_x1.0_pm01k0\init_seed7\g009_i004,D:\PSPS\runs_A_k4_3od_x1.0_pm01k0\init_seed7\g009_i004\tripinfo.xml
9,5,4,265.185,E19;E20;E21;E23,D:\PSPS\runs_A_k4_3od_x1.0_pm01k0\init_seed7\g009_i005,D:\PSPS\runs_A_k4_3od_x1.0_pm01k0\init_seed7\g009_i005\tripinfo.xml
9,6,4,271.143,E16;E36;E42;E8,D:\PSPS\runs_A_k4_3od_x1.0_pm01k0\init_seed7\g009_i006,D:\PSPS\runs_A_k4_3od_x1.0_pm01k0\init_seed7\g009_i006\tripinfo.xml
9,7,4,274.491,E20;E21;E23;E25,D:\PSPS\runs_A_k4_3od_x1.0_pm01k0\init_seed7\g009_i007,D:\PSPS\runs_A_k4_3od_x1.0_pm01k0\init_seed7\g009_i007\tripinfo.xml
9,8,4,310.558,E25;E30;E36;E43,D:\PSPS\runs_A_k4_3od_x1.0_pm01k0\init_seed7\g009_i008,D:\PSPS\runs_A_k4_3od_x1.0_pm01k0\init_seed7\g009_i008\tripinfo.xml
9,9,4,302.891,E10;E21;E36;E42,D:\PSPS\runs_A_k4_3od_x1.0_pm01k0\init_seed7\g009_i009,D:\PSPS\runs_A_k4_3od_x1.0_pm01k0\init_seed7\g009_i009\tripinfo.xml
9,10,4,282.622,E1;E16;E24;E35,D:\PSPS\runs_A_k4_3od_x1.0_pm01k0\init_seed7\g009_i010,D:\PSPS\runs_A_k4_3od_x1.0_pm01k0\init_seed7\g009_i010\tripinfo.xml
9,11,4,296.644,E11;E20;E22;E5,D:\PSPS\runs_A_k4_3od_x1.0_pm01k0\init_seed7\g009_i011,D:\PSPS\runs_A_k4_3od_x1.0_pm01k0\init_seed7\g009_i011\tripinfo.xml
9,12,4,282.294,E20;E3;E37;E38,D:\PSPS\runs_A_k4_3od_x1.0_pm01k0\init_seed7\g009_i012,D:\PSPS\runs_A_k4_3od_x1.0_pm01k0\init_seed7\g009_i012\tripinfo.xml
9,13,4,293.119,E20;E34;E36;E42,D:\PSPS\runs_A_k4_3od_x1.0_pm01k0\init_seed7\g009_i013,D:\PSPS\runs_A_k4_3od_x1.0_pm01k0\init_seed7\g009_i013\tripinfo.xml
9,14,4,259.037,E20;E24;E38;E42,D:\PSPS\runs_A_k4_3od_x1.0_pm01k0\init_seed7\g009_i014,D:\PSPS\runs_A_k4_3od_x1.0_pm01k0\init_seed7\g009_i014\tripinfo.xml
9,15,4,312.496,E13;E34;E37;E41,D:\PSPS\runs_A_k4_3od_x1.0_pm01k0\init_seed7\g009_i015,D:\PSPS\runs_A_k4_3od_x1.0_pm01k0\init_seed7\g009_i015\tripinfo.xml
9,16,4,321.57,E1;E24;E42;E43,D:\PSPS\runs_A_k4_3od_x1.0_pm01k0\init_seed7\g009_i016,D:\PSPS\runs_A_k4_3od_x1.0_pm01k0\init_seed7\g009_i016\tripinfo.xml
9,17,4,308.139,E1;E20;E36;E37,D:\PSPS\runs_A_k4_3od_x1.0_pm01k0\init_seed7\g009_i017,D:\PSPS\runs_A_k4_3od_x1.0_pm01k0\init_seed7\g009_i017\tripinfo.xml
9,18,4,281.691,E1;E23;E31;E8,D:\PSPS\runs_A_k4_3od_x1.0_pm01k0\init_seed7\g009_i018,D:\PSPS\runs_A_k4_3od_x1.0_pm01k0\init_seed7\g009_i018\tripinfo.xml
9,19,4,266.036,E20;E27;E37;E41,D:\PSPS\runs_A_k4_3od_x1.0_pm01k0\init_seed7\g009_i019,D:\PSPS\runs_A_k4_3od_x1.0_pm01k0\init_seed7\g009_i019\tripinfo.xml
9,20,4,280.652,E35;E4;E42;E45,D:\PSPS\runs_A_k4_3od_x1.0_pm01k0\init_seed7\g009_i020,D:\PSPS\runs_A_k4_3od_x1.0_pm01k0\init_seed7\g009_i020\tripinfo.xml
9,21,4,316.786,E13;E20;E31;E6,D:\PSPS\runs_A_k4_3od_x1.0_pm01k0\init_seed7\g009_i021,D:\PSPS\runs_A_k4_3od_x1.0_pm01k0\init_seed7\g009_i021\tripinfo.xml
9,22,4,311.306,E13;E16;E39;E45,D:\PSPS\runs_A_k4_3od_x1.0_pm01k0\init_seed7\g009_i022,D:\PSPS\runs_A_k4_3od_x1.0_pm01k0\init_seed7\g009_i022\tripinfo.xml
9,23,4,285.015,E10;E11;E16;E37,D:\PSPS\runs_A_k4_3od_x1.0_pm01k0\init_seed7\g009_i023,D:\PSPS\runs_A_k4_3od_x1.0_pm01k0\init_seed7\g009_i023\tripinfo.xml
10,0,4,248.638,E20;E21;E36;E8,D:\PSPS\runs_A_k4_3od_x1.0_pm01k0\init_seed7\g010_i000,D:\PSPS\runs_A_k4_3od_x1.0_pm01k0\init_seed7\g010_i000\tripinfo.xml
10,1,4,286.702,E23;E35;E4;E42,D:\PSPS\runs_A_k4_3od_x1.0_pm01k0\init_seed7\g010_i001,D:\PSPS\runs_A_k4_3od_x1.0_pm01k0\init_seed7\g010_i001\tripinfo.xml
10,2,4,304.523,E30;E32;E41;E42,D:\PSPS\runs_A_k4_3od_x1.0_pm01k0\init_seed7\g010_i002,D:\PSPS\runs_A_k4_3od_x1.0_pm01k0\init_seed7\g010_i002\tripinfo.xml
10,3,4,273.51,E20;E23;E31;E8,D:\PSPS\runs_A_k4_3od_x1.0_pm01k0\init_seed7\g010_i003,D:\PSPS\runs_A_k4_3od_x1.0_pm01k0\init_seed7\g010_i003\tripinfo.xml
10,4,4,331.336,E16;E22;E35;E41,D:\PSPS\runs_A_k4_3od_x1.0_pm01k0\init_seed7\g010_i004,D:\PSPS\runs_A_k4_3od_x1.0_pm01k0\init_seed7\g010_i004\tripinfo.xml
10,5,4,320.685,E11;E22;E27;E42,D:\PSPS\runs_A_k4_3od_x1.0_pm01k0\init_seed7\g010_i005,D:\PSPS\runs_A_k4_3od_x1.0_pm01k0\init_seed7\g010_i005\tripinfo.xml
10,6,4,335.878,E22;E29;E34;E8,D:\PSPS\runs_A_k4_3od_x1.0_pm01k0\init_seed7\g010_i006,D:\PSPS\runs_A_k4_3od_x1.0_pm01k0\init_seed7\g010_i006\tripinfo.xml
10,7,4,329.862,E29;E32;E36;E42,D:\PSPS\runs_A_k4_3od_x1.0_pm01k0\init_seed7\g010_i007,D:\PSPS\runs_A_k4_3od_x1.0_pm01k0\init_seed7\g010_i007\tripinfo.xml
10,8,4,288.899,E16;E24;E36;E42,D:\PSPS\runs_A_k4_3od_x1.0_pm01k0\init_seed7\g010_i008,D:\PSPS\runs_A_k4_3od_x1.0_pm01k0\init_seed7\g010_i008\tripinfo.xml
10,9,4,288.422,E20;E33;E36;E7,D:\PSPS\runs_A_k4_3od_x1.0_pm01k0\init_seed7\g010_i009,D:\PSPS\runs_A_k4_3od_x1.0_pm01k0\init_seed7\g010_i009\tripinfo.xml
10,10,4,281.771,E19;E32;E41;E5,D:\PSPS\runs_A_k4_3od_x1.0_pm01k0\init_seed7\g010_i010,D:\PSPS\runs_A_k4_3od_x1.0_pm01k0\init_seed7\g010_i010\tripinfo.xml
10,11,4,285.843,E10;E21;E32;E42,D:\PSPS\runs_A_k4_3od_x1.0_pm01k0\init_seed7\g010_i011,D:\PSPS\runs_A_k4_3od_x1.0_pm01k0\init_seed7\g010_i011\tripinfo.xml
10,12,4,284.865,E11;E27;E36;E8,D:\PSPS\runs_A_k4_3od_x1.0_pm01k0\init_seed7\g010_i012,D:\PSPS\runs_A_k4_3od_x1.0_pm01k0\init_seed7\g010_i012\tripinfo.xml
10,13,4,303.504,E13;E34;E42;E8,D:\PSPS\runs_A_k4_3od_x1.0_pm01k0\init_seed7\g010_i013,D:\PSPS\runs_A_k4_3od_x1.0_pm01k0\init_seed7\g010_i013\tripinfo.xml
10,14,4,312.18,E19;E21;E34;E36,D:\PSPS\runs_A_k4_3od_x1.0_pm01k0\init_seed7\g010_i014,D:\PSPS\runs_A_k4_3od_x1.0_pm01k0\init_seed7\g010_i014\tripinfo.xml
10,15,4,293.333,E15;E21;E32;E8,D:\PSPS\runs_A_k4_3od_x1.0_pm01k0\init_seed7\g010_i015,D:\PSPS\runs_A_k4_3od_x1.0_pm01k0\init_seed7\g010_i015\tripinfo.xml
10,16,4,287.855,E16;E19;E38;E5,D:\PSPS\runs_A_k4_3od_x1.0_pm01k0\init_seed7\g010_i016,D:\PSPS\runs_A_k4_3od_x1.0_pm01k0\init_seed7\g010_i016\tripinfo.xml
10,17,4,238.67,E11;E21;E32;E42,D:\PSPS\runs_A_k4_3od_x1.0_pm01k0\init_seed7\g010_i017,D:\PSPS\runs_A_k4_3od_x1.0_pm01k0\init_seed7\g010_i017\tripinfo.xml
10,18,4,275.898,E16;E20;E24;E38,D:\PSPS\runs_A_k4_3od_x1.0_pm01k0\init_seed7\g010_i018,D:\PSPS\runs_A_k4_3od_x1.0_pm01k0\init_seed7\g010_i018\tripinfo.xml
10,19,4,308.208,E17;E24;E3;E8,D:\PSPS\runs_A_k4_3od_x1.0_pm01k0\init_seed7\g010_i019,D:\PSPS\runs_A_k4_3od_x1.0_pm01k0\init_seed7\g010_i019\tripinfo.xml
10,20,4,323.111,E26;E27;E34;E37,D:\PSPS\runs_A_k4_3od_x1.0_pm01k0\init_seed7\g010_i020,D:\PSPS\runs_A_k4_3od_x1.0_pm01k0\init_seed7\g010_i020\tripinfo.xml
10,21,4,314.334,E16;E22;E42;E8,D:\PSPS\runs_A_k4_3od_x1.0_pm01k0\init_seed7\g010_i021,D:\PSPS\runs_A_k4_3od_x1.0_pm01k0\init_seed7\g010_i021\tripinfo.xml
10,22,4,334.716,E14;E21;E22;E31,D:\PSPS\runs_A_k4_3od_x1.0_pm01k0\init_seed7\g010_i022,D:\PSPS\runs_A_k4_3od_x1.0_pm01k0\init_seed7\g010_i022\tripinfo.xml
10,23,4,290.306,E13;E36;E4;E7,D:\PSPS\runs_A_k4_3od_x1.0_pm01k0\init_seed7\g010_i023,D:\PSPS\runs_A_k4_3od_x1.0_pm01k0\init_seed7\g010_i023\tripinfo.xml
11,0,4,238.67,E11;E21;E32;E42,D:\PSPS\runs_A_k4_3od_x1.0_pm01k0\init_seed7\g011_i000,D:\PSPS\runs_A_k4_3od_x1.0_pm01k0\init_seed7\g011_i000\tripinfo.xml
11,1,4,294.446,E16;E3;E31;E38,D:\PSPS\runs_A_k4_3od_x1.0_pm01k0\init_seed7\g011_i001,D:\PSPS\runs_A_k4_3od_x1.0_pm01k0\init_seed7\g011_i001\tripinfo.xml
11,2,4,302.904,E11;E14;E24;E5,D:\PSPS\runs_A_k4_3od_x1.0_pm01k0\init_seed7\g011_i002,D:\PSPS\runs_A_k4_3od_x1.0_pm01k0\init_seed7\g011_i002\tripinfo.xml
11,3,4,287.844,E20;E25;E29;E8,D:\PSPS\runs_A_k4_3od_x1.0_pm01k0\init_seed7\g011_i003,D:\PSPS\runs_A_k4_3od_x1.0_pm01k0\init_seed7\g011_i003\tripinfo.xml
11,4,4,301.917,E13;E21;E23;E8,D:\PSPS\runs_A_k4_3od_x1.0_pm01k0\init_seed7\g011_i004,D:\PSPS\runs_A_k4_3od_x1.0_pm01k0\init_seed7\g011_i004\tripinfo.xml
11,5,4,323.566,E17;E35;E42;E43,D:\PSPS\runs_A_k4_3od_x1.0_pm01k0\init_seed7\g011_i005,D:\PSPS\runs_A_k4_3od_x1.0_pm01k0\init_seed7\g011_i005\tripinfo.xml
11,6,4,287.555,E13;E19;E33;E8,D:\PSPS\runs_A_k4_3od_x1.0_pm01k0\init_seed7\g011_i006,D:\PSPS\runs_A_k4_3od_x1.0_pm01k0\init_seed7\g011_i006\tripinfo.xml
11,7,4,280.549,E20;E23;E29;E35,D:\PSPS\runs_A_k4_3od_x1.0_pm01k0\init_seed7\g011_i007,D:\PSPS\runs_A_k4_3od_x1.0_pm01k0\init_seed7\g011_i007\tripinfo.xml
11,8,4,290.465,E14;E20;E31;E38,D:\PSPS\runs_A_k4_3od_x1.0_pm01k0\init_seed7\g011_i008,D:\PSPS\runs_A_k4_3od_x1.0_pm01k0\init_seed7\g011_i008\tripinfo.xml
11,9,4,301.233,E24;E36;E39;E8,D:\PSPS\runs_A_k4_3od_x1.0_pm01k0\init_seed7\g011_i009,D:\PSPS\runs_A_k4_3od_x1.0_pm01k0\init_seed7\g011_i009\tripinfo.xml
11,10,4,286.222,E21;E42;E43;E7,D:\PSPS\runs_A_k4_3od_x1.0_pm01k0\init_seed7\g011_i010,D:\PSPS\runs_A_k4_3od_x1.0_pm01k0\init_seed7\g011_i010\tripinfo.xml
11,11,4,276.015,E14;E16;E20;E23,D:\PSPS\runs_A_k4_3od_x1.0_pm01k0\init_seed7\g011_i011,D:\PSPS\runs_A_k4_3od_x1.0_pm01k0\init_seed7\g011_i011\tripinfo.xml
11,12,4,262.906,E23;E39;E4;E42,D:\PSPS\runs_A_k4_3od_x1.0_pm01k0\init_seed7\g011_i012,D:\PSPS\runs_A_k4_3od_x1.0_pm01k0\init_seed7\g011_i012\tripinfo.xml
11,13,4,283.617,E15;E21;E31;E6,D:\PSPS\runs_A_k4_3od_x1.0_pm01k0\init_seed7\g011_i013,D:\PSPS\runs_A_k4_3od_x1.0_pm01k0\init_seed7\g011_i013\tripinfo.xml
11,14,4,309.887,E10;E21;E5;E8,D:\PSPS\runs_A_k4_3od_x1.0_pm01k0\init_seed7\g011_i014,D:\PSPS\runs_A_k4_3od_x1.0_pm01k0\init_seed7\g011_i014\tripinfo.xml
11,15,4,274.495,E11;E21;E32;E41,D:\PSPS\runs_A_k4_3od_x1.0_pm01k0\init_seed7\g011_i015,D:\PSPS\runs_A_k4_3od_x1.0_pm01k0\init_seed7\g011_i015\tripinfo.xml
11,16,4,268.672,E11;E17;E21;E8,D:\PSPS\runs_A_k4_3od_x1.0_pm01k0\init_seed7\g011_i016,D:\PSPS\runs_A_k4_3od_x1.0_pm01k0\init_seed7\g011_i016\tripinfo.xml
11,17,4,284.122,E11;E19;E21;E32,D:\PSPS\runs_A_k4_3od_x1.0_pm01k0\init_seed7\g011_i017,D:\PSPS\runs_A_k4_3od_x1.0_pm01k0\init_seed7\g011_i017\tripinfo.xml
11,18,4,285.73,E11;E30;E32;E8,D:\PSPS\runs_A_k4_3od_x1.0_pm01k0\init_seed7\g011_i018,D:\PSPS\runs_A_k4_3od_x1.0_pm01k0\init_seed7\g011_i018\tripinfo.xml
11,19,4,257.439,E14;E20;E21;E8,D:\PSPS\runs_A_k4_3od_x1.0_pm01k0\init_seed7\g011_i019,D:\PSPS\runs_A_k4_3od_x1.0_pm01k0\init_seed7\g011_i019\tripinfo.xml
11,20,4,291.569,E10;E19;E21;E8,D:\PSPS\runs_A_k4_3od_x1.0_pm01k0\init_seed7\g011_i020,D:\PSPS\runs_A_k4_3od_x1.0_pm01k0\init_seed7\g011_i020\tripinfo.xml
11,21,4,295.017,E15;E20;E29;E8,D:\PSPS\runs_A_k4_3od_x1.0_pm01k0\init_seed7\g011_i021,D:\PSPS\runs_A_k4_3od_x1.0_pm01k0\init_seed7\g011_i021\tripinfo.xml
11,22,4,297.644,E13;E23;E25;E31,D:\PSPS\runs_A_k4_3od_x1.0_pm01k0\init_seed7\g011_i022,D:\PSPS\runs_A_k4_3od_x1.0_pm01k0\init_seed7\g011_i022\tripinfo.xml
11,23,4,301.17,E1;E13;E20;E31,D:\PSPS\runs_A_k4_3od_x1.0_pm01k0\init_seed7\g011_i023,D:\PSPS\runs_A_k4_3od_x1.0_pm01k0\init_seed7\g011_i023\tripinfo.xml
12,0,4,238.67,E11;E21;E32;E42,D:\PSPS\runs_A_k4_3od_x1.0_pm01k0\init_seed7\g012_i000,D:\PSPS\runs_A_k4_3od_x1.0_pm01k0\init_seed7\g012_i000\tripinfo.xml
12,1,4,323.743,E16;E34;E35;E8,D:\PSPS\runs_A_k4_3od_x1.0_pm01k0\init_seed7\g012_i001,D:\PSPS\runs_A_k4_3od_x1.0_pm01k0\init_seed7\g012_i001\tripinfo.xml
12,2,4,276.291,E14;E21;E32;E8,D:\PSPS\runs_A_k4_3od_x1.0_pm01k0\init_seed7\g012_i002,D:\PSPS\runs_A_k4_3od_x1.0_pm01k0\init_seed7\g012_i002\tripinfo.xml
12,3,4,281.389,E14;E20;E31;E41,D:\PSPS\runs_A_k4_3od_x1.0_pm01k0\init_seed7\g012_i003,D:\PSPS\runs_A_k4_3od_x1.0_pm01k0\init_seed7\g012_i003\tripinfo.xml
12,4,4,276.666,E15;E21;E23;E6,D:\PSPS\runs_A_k4_3od_x1.0_pm01k0\init_seed7\g012_i004,D:\PSPS\runs_A_k4_3od_x1.0_pm01k0\init_seed7\g012_i004\tripinfo.xml
12,5,4,284.768,E16;E23;E3;E33,D:\PSPS\runs_A_k4_3od_x1.0_pm01k0\init_seed7\g012_i005,D:\PSPS\runs_A_k4_3od_x1.0_pm01k0\init_seed7\g012_i005\tripinfo.xml
12,6,4,309.555,E11;E14;E19;E31,D:\PSPS\runs_A_k4_3od_x1.0_pm01k0\init_seed7\g012_i006,D:\PSPS\runs_A_k4_3od_x1.0_pm01k0\init_seed7\g012_i006\tripinfo.xml
12,7,4,282.807,E13;E14;E32;E42,D:\PSPS\runs_A_k4_3od_x1.0_pm01k0\init_seed7\g012_i007,D:\PSPS\runs_A_k4_3od_x1.0_pm01k0\init_seed7\g012_i007\tripinfo.xml
12,8,4,308.374,E11;E3;E32;E8,D:\PSPS\runs_A_k4_3od_x1.0_pm01k0\init_seed7\g012_i008,D:\PSPS\runs_A_k4_3od_x1.0_pm01k0\init_seed7\g012_i008\tripinfo.xml
12,9,4,253.458,E13;E14;E20;E21,D:\PSPS\runs_A_k4_3od_x1.0_pm01k0\init_seed7\g012_i009,D:\PSPS\runs_A_k4_3od_x1.0_pm01k0\init_seed7\g012_i009\tripinfo.xml
12,10,4,248.81,E20;E23;E42;E6,D:\PSPS\runs_A_k4_3od_x1.0_pm01k0\init_seed7\g012_i010,D:\PSPS\runs_A_k4_3od_x1.0_pm01k0\init_seed7\g012_i010\tripinfo.xml
12,11,4,305.004,E13;E32;E4;E8,D:\PSPS\runs_A_k4_3od_x1.0_pm01k0\init_seed7\g012_i011,D:\PSPS\runs_A_k4_3od_x1.0_pm01k0\init_seed7\g012_i011\tripinfo.xml
12,12,4,276.209,E10;E23;E3;E42,D:\PSPS\runs_A_k4_3od_x1.0_pm01k0\init_seed7\g012_i012,D:\PSPS\runs_A_k4_3od_x1.0_pm01k0\init_seed7\g012_i012\tripinfo.xml
12,13,4,288.311,E20;E25;E32;E41,D:\PSPS\runs_A_k4_3od_x1.0_pm01k0\init_seed7\g012_i013,D:\PSPS\runs_A_k4_3od_x1.0_pm01k0\init_seed7\g012_i013\tripinfo.xml
12,14,4,302.068,E21;E29;E42;E7,D:\PSPS\runs_A_k4_3od_x1.0_pm01k0\init_seed7\g012_i014,D:\PSPS\runs_A_k4_3od_x1.0_pm01k0\init_seed7\g012_i014\tripinfo.xml
12,15,4,273.226,E1;E24;E37;E42,D:\PSPS\runs_A_k4_3od_x1.0_pm01k0\init_seed7\g012_i015,D:\PSPS\runs_A_k4_3od_x1.0_pm01k0\init_seed7\g012_i015\tripinfo.xml
12,16,4,250.557,E17;E21;E32;E42,D:\PSPS\runs_A_k4_3od_x1.0_pm01k0\init_seed7\g012_i016,D:\PSPS\runs_A_k4_3od_x1.0_pm01k0\init_seed7\g012_i016\tripinfo.xml
12,17,4,256.275,E20;E21;E33;E8,D:\PSPS\runs_A_k4_3od_x1.0_pm01k0\init_seed7\g012_i017,D:\PSPS\runs_A_k4_3od_x1.0_pm01k0\init_seed7\g012_i017\tripinfo.xml
12,18,4,322.25,E20;E22;E24;E34,D:\PSPS\runs_A_k4_3od_x1.0_pm01k0\init_seed7\g012_i018,D:\PSPS\runs_A_k4_3od_x1.0_pm01k0\init_seed7\g012_i018\tripinfo.xml
12,19,4,279.705,E11;E13;E21;E41,D:\PSPS\runs_A_k4_3od_x1.0_pm01k0\init_seed7\g012_i019,D:\PSPS\runs_A_k4_3od_x1.0_pm01k0\init_seed7\g012_i019\tripinfo.xml
12,20,4,265.261,E13;E23;E36;E42,D:\PSPS\runs_A_k4_3od_x1.0_pm01k0\init_seed7\g012_i020,D:\PSPS\runs_A_k4_3od_x1.0_pm01k0\init_seed7\g012_i020\tripinfo.xml
12,21,4,322.504,E22;E23;E39;E4,D:\PSPS\runs_A_k4_3od_x1.0_pm01k0\init_seed7\g012_i021,D:\PSPS\runs_A_k4_3od_x1.0_pm01k0\init_seed7\g012_i021\tripinfo.xml
12,22,4,298.078,E25;E30;E34;E42,D:\PSPS\runs_A_k4_3od_x1.0_pm01k0\init_seed7\g012_i022,D:\PSPS\runs_A_k4_3od_x1.0_pm01k0\init_seed7\g012_i022\tripinfo.xml
12,23,4,305.008,E21;E22;E30;E41,D:\PSPS\runs_A_k4_3od_x1.0_pm01k0\init_seed7\g012_i023,D:\PSPS\runs_A_k4_3od_x1.0_pm01k0\init_seed7\g012_i023\tripinfo.xml
13,0,4,238.67,E11;E21;E32;E42,D:\PSPS\runs_A_k4_3od_x1.0_pm01k0\init_seed7\g013_i000,D:\PSPS\runs_A_k4_3od_x1.0_pm01k0\init_seed7\g013_i000\tripinfo.xml
13,1,4,274.945,E11;E20;E30;E39,D:\PSPS\runs_A_k4_3od_x1.0_pm01k0\init_seed7\g013_i001,D:\PSPS\runs_A_k4_3od_x1.0_pm01k0\init_seed7\g013_i001\tripinfo.xml
13,2,4,290.838,E20;E23;E31;E7,D:\PSPS\runs_A_k4_3od_x1.0_pm01k0\init_seed7\g013_i002,D:\PSPS\runs_A_k4_3od_x1.0_pm01k0\init_seed7\g013_i002\tripinfo.xml
13,3,4,257.847,E11;E21;E42;E7,D:\PSPS\runs_A_k4_3od_x1.0_pm01k0\init_seed7\g013_i003,D:\PSPS\runs_A_k4_3od_x1.0_pm01k0\init_seed7\g013_i003\tripinfo.xml
13,4,4,270.535,E14;E17;E21;E29,D:\PSPS\runs_A_k4_3od_x1.0_pm01k0\init_seed7\g013_i004,D:\PSPS\runs_A_k4_3od_x1.0_pm01k0\init_seed7\g013_i004\tripinfo.xml
13,5,4,284.526,E10;E19;E23;E36,D:\PSPS\runs_A_k4_3od_x1.0_pm01k0\init_seed7\g013_i005,D:\PSPS\runs_A_k4_3od_x1.0_pm01k0\init_seed7\g013_i005\tripinfo.xml
13,6,4,315.146,E10;E13;E43;E7,D:\PSPS\runs_A_k4_3od_x1.0_pm01k0\init_seed7\g013_i006,D:\PSPS\runs_A_k4_3od_x1.0_pm01k0\init_seed7\g013_i006\tripinfo.xml
13,7,4,299.6,E1;E14;E30;E7,D:\PSPS\runs_A_k4_3od_x1.0_pm01k0\init_seed7\g013_i007,D:\PSPS\runs_A_k4_3od_x1.0_pm01k0\init_seed7\g013_i007\tripinfo.xml
13,8,4,272.043,E23;E32;E37;E42,D:\PSPS\runs_A_k4_3od_x1.0_pm01k0\init_seed7\g013_i008,D:\PSPS\runs_A_k4_3od_x1.0_pm01k0\init_seed7\g013_i008\tripinfo.xml
13,9,4,308.439,E1;E20;E27;E42,D:\PSPS\runs_A_k4_3od_x1.0_pm01k0\init_seed7\g013_i009,D:\PSPS\runs_A_k4_3od_x1.0_pm01k0\init_seed7\g013_i009\tripinfo.xml
13,10,4,263.18,E23;E3;E35;E42,D:\PSPS\runs_A_k4_3od_x1.0_pm01k0\init_seed7\g013_i010,D:\PSPS\runs_A_k4_3od_x1.0_pm01k0\init_seed7\g013_i010\tripinfo.xml
13,11,4,241.102,E1;E21;E37;E42,D:\PSPS\runs_A_k4_3od_x1.0_pm01k0\init_seed7\g013_i011,D:\PSPS\runs_A_k4_3od_x1.0_pm01k0\init_seed7\g013_i011\tripinfo.xml
13,12,4,283.662,E10;E14;E20;E37,D:\PSPS\runs_A_k4_3od_x1.0_pm01k0\init_seed7\g013_i012,D:\PSPS\runs_A_k4_3od_x1.0_pm01k0\init_seed7\g013_i012\tripinfo.xml
13,13,4,311.109,E17;E3;E36;E37,D:\PSPS\runs_A_k4_3od_x1.0_pm01k0\init_seed7\g013_i013,D:\PSPS\runs_A_k4_3od_x1.0_pm01k0\init_seed7\g013_i013\tripinfo.xml
13,14,4,275.982,E20;E37;E39;E8,D:\PSPS\runs_A_k4_3od_x1.0_pm01k0\init_seed7\g013_i014,D:\PSPS\runs_A_k4_3od_x1.0_pm01k0\init_seed7\g013_i014\tripinfo.xml
13,15,4,278.669,E37;E41;E42;E45,D:\PSPS\runs_A_k4_3od_x1.0_pm01k0\init_seed7\g013_i015,D:\PSPS\runs_A_k4_3od_x1.0_pm01k0\init_seed7\g013_i015\tripinfo.xml
13,16,4,283.584,E13;E17;E21;E23,D:\PSPS\runs_A_k4_3od_x1.0_pm01k0\init_seed7\g013_i016,D:\PSPS\runs_A_k4_3od_x1.0_pm01k0\init_seed7\g013_i016\tripinfo.xml
13,17,4,285.036,E23;E31;E42;E6,D:\PSPS\runs_A_k4_3od_x1.0_pm01k0\init_seed7\g013_i017,D:\PSPS\runs_A_k4_3od_x1.0_pm01k0\init_seed7\g013_i017\tripinfo.xml
13,18,4,305.699,E13;E14;E16;E32,D:\PSPS\runs_A_k4_3od_x1.0_pm01k0\init_seed7\g013_i018,D:\PSPS\runs_A_k4_3od_x1.0_pm01k0\init_seed7\g013_i018\tripinfo.xml
13,19,4,300.315,E14;E21;E30;E34,D:\PSPS\runs_A_k4_3od_x1.0_pm01k0\init_seed7\g013_i019,D:\PSPS\runs_A_k4_3od_x1.0_pm01k0\init_seed7\g013_i019\tripinfo.xml
13,20,4,313.339,E11;E20;E30;E43,D:\PSPS\runs_A_k4_3od_x1.0_pm01k0\init_seed7\g013_i020,D:\PSPS\runs_A_k4_3od_x1.0_pm01k0\init_seed7\g013_i020\tripinfo.xml
13,21,4,303.068,E20;E31;E32;E37,D:\PSPS\runs_A_k4_3od_x1.0_pm01k0\init_seed7\g013_i021,D:\PSPS\runs_A_k4_3od_x1.0_pm01k0\init_seed7\g013_i021\tripinfo.xml
13,22,4,277.116,E10;E11;E23;E32,D:\PSPS\runs_A_k4_3od_x1.0_pm01k0\init_seed7\g013_i022,D:\PSPS\runs_A_k4_3od_x1.0_pm01k0\init_seed7\g013_i022\tripinfo.xml
13,23,4,288.397,E21;E32;E45;E8,D:\PSPS\runs_A_k4_3od_x1.0_pm01k0\init_seed7\g013_i023,D:\PSPS\runs_A_k4_3od_x1.0_pm01k0\init_seed7\g013_i023\tripinfo.xml
14,0,4,238.67,E11;E21;E32;E42,D:\PSPS\runs_A_k4_3od_x1.0_pm01k0\init_seed7\g014_i000,D:\PSPS\runs_A_k4_3od_x1.0_pm01k0\init_seed7\g014_i000\tripinfo.xml
14,1,4,283.002,E11;E13;E21;E23,D:\PSPS\runs_A_k4_3od_x1.0_pm01k0\init_seed7\g014_i001,D:\PSPS\runs_A_k4_3od_x1.0_pm01k0\init_seed7\g014_i001\tripinfo.xml
14,2,4,269.396,E21;E38;E39;E42,D:\PSPS\runs_A_k4_3od_x1.0_pm01k0\init_seed7\g014_i002,D:\PSPS\runs_A_k4_3od_x1.0_pm01k0\init_seed7\g014_i002\tripinfo.xml
14,3,4,321.703,E11;E32;E36;E37,D:\PSPS\runs_A_k4_3od_x1.0_pm01k0\init_seed7\g014_i003,D:\PSPS\runs_A_k4_3od_x1.0_pm01k0\init_seed7\g014_i003\tripinfo.xml
14,4,4,286.001,E25;E30;E32;E37,D:\PSPS\runs_A_k4_3od_x1.0_pm01k0\init_seed7\g014_i004,D:\PSPS\runs_A_k4_3od_x1.0_pm01k0\init_seed7\g014_i004\tripinfo.xml
14,5,4,252.043,E21;E23;E33;E8,D:\PSPS\runs_A_k4_3od_x1.0_pm01k0\init_seed7\g014_i005,D:\PSPS\runs_A_k4_3od_x1.0_pm01k0\init_seed7\g014_i005\tripinfo.xml
14,6,4,344.995,E32;E33;E4;E6,D:\PSPS\runs_A_k4_3od_x1.0_pm01k0\init_seed7\g014_i006,D:\PSPS\runs_A_k4_3od_x1.0_pm01k0\init_seed7\g014_i006\tripinfo.xml
14,7,4,271.022,E20;E32;E33;E8,D:\PSPS\runs_A_k4_3od_x1.0_pm01k0\init_seed7\g014_i007,D:\PSPS\runs_A_k4_3od_x1.0_pm01k0\init_seed7\g014_i007\tripinfo.xml
14,8,4,363.517,E11;E29;E39;E43,D:\PSPS\runs_A_k4_3od_x1.0_pm01k0\init_seed7\g014_i008,D:\PSPS\runs_A_k4_3od_x1.0_pm01k0\init_seed7\g014_i008\tripinfo.xml
14,9,4,270.783,E1;E30;E39;E42,D:\PSPS\runs_A_k4_3od_x1.0_pm01k0\init_seed7\g014_i009,D:\PSPS\runs_A_k4_3od_x1.0_pm01k0\init_seed7\g014_i009\tripinfo.xml
14,10,4,236.482,E21;E27;E37;E42,D:\PSPS\runs_A_k4_3od_x1.0_pm01k0\init_seed7\g014_i010,D:\PSPS\runs_A_k4_3od_x1.0_pm01k0\init_seed7\g014_i010\tripinfo.xml
14,11,4,313.497,E11;E14;E31;E36,D:\PSPS\runs_A_k4_3od_x1.0_pm01k0\init_seed7\g014_i011,D:\PSPS\runs_A_k4_3od_x1.0_pm01k0\init_seed7\g014_i011\tripinfo.xml
14,12,4,283.221,E10;E11;E16;E20,D:\PSPS\runs_A_k4_3od_x1.0_pm01k0\init_seed7\g014_i012,D:\PSPS\runs_A_k4_3od_x1.0_pm01k0\init_seed7\g014_i012\tripinfo.xml
14,13,4,288.161,E24;E31;E35;E41,D:\PSPS\runs_A_k4_3od_x1.0_pm01k0\init_seed7\g014_i013,D:\PSPS\runs_A_k4_3od_x1.0_pm01k0\init_seed7\g014_i013\tripinfo.xml
14,14,4,289.631,E19;E23;E24;E35,D:\PSPS\runs_A_k4_3od_x1.0_pm01k0\init_seed7\g014_i014,D:\PSPS\runs_A_k4_3od_x1.0_pm01k0\init_seed7\g014_i014\tripinfo.xml
14,15,4,291.327,E14;E27;E7;E8,D:\PSPS\runs_A_k4_3od_x1.0_pm01k0\init_seed7\g014_i015,D:\PSPS\runs_A_k4_3od_x1.0_pm01k0\init_seed7\g014_i015\tripinfo.xml
14,16,4,306.082,E11;E17;E23;E5,D:\PSPS\runs_A_k4_3od_x1.0_pm01k0\init_seed7\g014_i016,D:\PSPS\runs_A_k4_3od_x1.0_pm01k0\init_seed7\g014_i016\tripinfo.xml
14,17,4,305.934,E14;E32;E39;E43,D:\PSPS\runs_A_k4_3od_x1.0_pm01k0\init_seed7\g014_i017,D:\PSPS\runs_A_k4_3od_x1.0_pm01k0\init_seed7\g014_i017\tripinfo.xml
14,18,4,280.416,E11;E23;E30;E31,D:\PSPS\runs_A_k4_3od_x1.0_pm01k0\init_seed7\g014_i018,D:\PSPS\runs_A_k4_3od_x1.0_pm01k0\init_seed7\g014_i018\tripinfo.xml
14,19,4,269.78,E1;E32;E42;E5,D:\PSPS\runs_A_k4_3od_x1.0_pm01k0\init_seed7\g014_i019,D:\PSPS\runs_A_k4_3od_x1.0_pm01k0\init_seed7\g014_i019\tripinfo.xml
14,20,4,295.54,E17;E20;E30;E45,D:\PSPS\runs_A_k4_3od_x1.0_pm01k0\init_seed7\g014_i020,D:\PSPS\runs_A_k4_3od_x1.0_pm01k0\init_seed7\g014_i020\tripinfo.xml
14,21,4,304.432,E14;E3;E30;E4,D:\PSPS\runs_A_k4_3od_x1.0_pm01k0\init_seed7\g014_i021,D:\PSPS\runs_A_k4_3od_x1.0_pm01k0\init_seed7\g014_i021\tripinfo.xml
14,22,4,280.856,E30;E39;E41;E45,D:\PSPS\runs_A_k4_3od_x1.0_pm01k0\init_seed7\g014_i022,D:\PSPS\runs_A_k4_3od_x1.0_pm01k0\init_seed7\g014_i022\tripinfo.xml
14,23,4,289.802,E21;E32;E45;E6,D:\PSPS\runs_A_k4_3od_x1.0_pm01k0\init_seed7\g014_i023,D:\PSPS\runs_A_k4_3od_x1.0_pm01k0\init_seed7\g014_i023\tripinfo.xml
15,0,4,236.482,E21;E27;E37;E42,D:\PSPS\runs_A_k4_3od_x1.0_pm01k0\init_seed7\g015_i000,D:\PSPS\runs_A_k4_3od_x1.0_pm01k0\init_seed7\g015_i000\tripinfo.xml
15,1,4,293.351,E1;E35;E4;E42,D:\PSPS\runs_A_k4_3od_x1.0_pm01k0\init_seed7\g015_i001,D:\PSPS\runs_A_k4_3od_x1.0_pm01k0\init_seed7\g015_i001\tripinfo.xml
15,2,4,272.604,E1;E17;E30;E42,D:\PSPS\runs_A_k4_3od_x1.0_pm01k0\init_seed7\g015_i002,D:\PSPS\runs_A_k4_3od_x1.0_pm01k0\init_seed7\g015_i002\tripinfo.xml
15,3,4,303.979,E11;E14;E23;E24,D:\PSPS\runs_A_k4_3od_x1.0_pm01k0\init_seed7\g015_i003,D:\PSPS\runs_A_k4_3od_x1.0_pm01k0\init_seed7\g015_i003\tripinfo.xml
15,4,4,266.893,E20;E21;E31;E6,D:\PSPS\runs_A_k4_3od_x1.0_pm01k0\init_seed7\g015_i004,D:\PSPS\runs_A_k4_3od_x1.0_pm01k0\init_seed7\g015_i004\tripinfo.xml
15,5,4,300.854,E10;E22;E38;E42,D:\PSPS\runs_A_k4_3od_x1.0_pm01k0\init_seed7\g015_i005,D:\PSPS\runs_A_k4_3od_x1.0_pm01k0\init_seed7\g015_i005\tripinfo.xml
15,6,4,274.259,E23;E39;E42;E5,D:\PSPS\runs_A_k4_3od_x1.0_pm01k0\init_seed7\g015_i006,D:\PSPS\runs_A_k4_3od_x1.0_pm01k0\init_seed7\g015_i006\tripinfo.xml
15,7,4,321.115,E1;E29;E39;E7,D:\PSPS\runs_A_k4_3od_x1.0_pm01k0\init_seed7\g015_i007,D:\PSPS\runs_A_k4_3od_x1.0_pm01k0\init_seed7\g015_i007\tripinfo.xml
15,8,4,305.328,E16;E31;E4;E42,D:\PSPS\runs_A_k4_3od_x1.0_pm01k0\init_seed7\g015_i008,D:\PSPS\runs_A_k4_3od_x1.0_pm01k0\init_seed7\g015_i008\tripinfo.xml
15,9,4,293.246,E21;E34;E4;E42,D:\PSPS\runs_A_k4_3od_x1.0_pm01k0\init_seed7\g015_i009,D:\PSPS\runs_A_k4_3od_x1.0_pm01k0\init_seed7\g015_i009\tripinfo.xml
15,10,4,303.229,E21;E22;E25;E4,D:\PSPS\runs_A_k4_3od_x1.0_pm01k0\init_seed7\g015_i010,D:\PSPS\runs_A_k4_3od_x1.0_pm01k0\init_seed7\g015_i010\tripinfo.xml
15,11,4,300.293,E32;E41;E5;E7,D:\PSPS\runs_A_k4_3od_x1.0_pm01k0\init_seed7\g015_i011,D:\PSPS\runs_A_k4_3od_x1.0_pm01k0\init_seed7\g015_i011\tripinfo.xml
15,12,4,322.978,E14;E17;E29;E5,D:\PSPS\runs_A_k4_3od_x1.0_pm01k0\init_seed7\g015_i012,D:\PSPS\runs_A_k4_3od_x1.0_pm01k0\init_seed7\g015_i012\tripinfo.xml
15,13,4,299.129,E15;E16;E33;E41,D:\PSPS\runs_A_k4_3od_x1.0_pm01k0\init_seed7\g015_i013,D:\PSPS\runs_A_k4_3od_x1.0_pm01k0\init_seed7\g015_i013\tripinfo.xml
15,14,4,292.621,E25;E37;E39;E42,D:\PSPS\runs_A_k4_3od_x1.0_pm01k0\init_seed7\g015_i014,D:\PSPS\runs_A_k4_3od_x1.0_pm01k0\init_seed7\g015_i014\tripinfo.xml
15,15,4,294.049,E11;E15;E32;E42,D:\PSPS\runs_A_k4_3od_x1.0_pm01k0\init_seed7\g015_i015,D:\PSPS\runs_A_k4_3od_x1.0_pm01k0\init_seed7\g015_i015\tripinfo.xml
15,16,4,303.667,E31;E32;E38;E5,D:\PSPS\runs_A_k4_3od_x1.0_pm01k0\init_seed7\g015_i016,D:\PSPS\runs_A_k4_3od_x1.0_pm01k0\init_seed7\g015_i016\tripinfo.xml
15,17,4,260.531,E11;E23;E27;E37,D:\PSPS\runs_A_k4_3od_x1.0_pm01k0\init_seed7\g015_i017,D:\PSPS\runs_A_k4_3od_x1.0_pm01k0\init_seed7\g015_i017\tripinfo.xml
15,18,4,256.358,E13;E23;E42;E5,D:\PSPS\runs_A_k4_3od_x1.0_pm01k0\init_seed7\g015_i018,D:\PSPS\runs_A_k4_3od_x1.0_pm01k0\init_seed7\g015_i018\tripinfo.xml
15,19,4,299.943,E13;E14;E20;E34,D:\PSPS\runs_A_k4_3od_x1.0_pm01k0\init_seed7\g015_i019,D:\PSPS\runs_A_k4_3od_x1.0_pm01k0\init_seed7\g015_i019\tripinfo.xml
15,20,4,246.19,E11;E27;E42;E6,D:\PSPS\runs_A_k4_3od_x1.0_pm01k0\init_seed7\g015_i020,D:\PSPS\runs_A_k4_3od_x1.0_pm01k0\init_seed7\g015_i020\tripinfo.xml
15,21,4,263.524,E1;E33;E42;E45,D:\PSPS\runs_A_k4_3od_x1.0_pm01k0\init_seed7\g015_i021,D:\PSPS\runs_A_k4_3od_x1.0_pm01k0\init_seed7\g015_i021\tripinfo.xml
15,22,4,271.915,E1;E39;E42;E5,D:\PSPS\runs_A_k4_3od_x1.0_pm01k0\init_seed7\g015_i022,D:\PSPS\runs_A_k4_3od_x1.0_pm01k0\init_seed7\g015_i022\tripinfo.xml
15,23,4,298.533,E21;E30;E32;E34,D:\PSPS\runs_A_k4_3od_x1.0_pm01k0\init_seed7\g015_i023,D:\PSPS\runs_A_k4_3od_x1.0_pm01k0\init_seed7\g015_i023\tripinfo.xml
