instance_id,mode,gen1_n,gen1_unique_closed_edges,gen1_best_ATT,gen1_mean_ATT,gen1_unique_ratio,none_gen1_unique_ratio,none_gen1_best_ATT,none_gen1_mean_ATT,mean_ATT,mean_reduction_vs_none_%,delta_gen1_unique_ratio_vs_none,delta_gen1_best_ATT_vs_none,delta_gen1_mean_ATT_vs_none
A_k4_1od_x0.8,both,240,161,230.42625,256.84515104166667,0.6708333333333333,0.7791666666666667,223.90875,262.0212604166667,223.33975,0.545388963972489,0.10833333333333339,-6.5175000000000125,5.17610937500001
A_k4_1od_x0.8,init,240,161,230.42625,256.84515104166667,0.6708333333333333,0.7791666666666667,223.90875,262.0212604166667,225.026375,-0.2056758748600032,0.10833333333333339,-6.5175000000000125,5.17610937500001
A_k4_1od_x0.8,mutation,240,187,223.90875,262.0212604166667,0.7791666666666667,0.7791666666666667,223.90875,262.0212604166667,222.029,1.1290742748742624,0.0,0.0,0.0
A_k4_1od_x1.0,both,240,163,265.957,304.7919625,0.6791666666666667,0.7791666666666667,266.551,308.76684166666666,264.8703,1.47631000241037,0.09999999999999998,0.5939999999999941,3.9748791666666534
A_k4_1od_x1.0,init,240,163,265.957,304.7919625,0.6791666666666667,0.7791666666666667,266.551,308.76684166666666,265.85360000000003,1.1105523301661278,0.09999999999999998,0.5939999999999941,3.9748791666666534
A_k4_1od_x1.0,mutation,240,187,266.551,308.76684166666666,0.7791666666666667,0.7791666666666667,266.551,308.76684166666666,268.3376999999999,0.1865427363271718,0.0,0.0,0.0
A_k4_2od_x0.8,both,240,160,197.12125,243.2461145833333,0.6666666666666666,0.7333333333333333,198.68375,249.41059375,196.666875,0.1715693583724737,0.06666666666666665,1.5625,6.164479166666695
A_k4_2od_x0.8,init,240,160,197.12125,243.2461145833333,0.6666666666666666,0.7333333333333333,198.68375,249.41059375,197.075625,-0.0359128168782644,0.06666666666666665,1.5625,6.164479166666695
A_k4_2od_x0.8,mutation,240,176,198.68375,249.41059375,0.7333333333333333,0.7333333333333333,198.68375,249.41059375,196.372875,0.3208042440574148,0.0,0.0,0.0
A_k4_2od_x1.0,both,240,160,256.571,304.11457083333335,0.6666666666666666,0.7333333333333333,263.804,310.69665833333335,233.4045,3.726345557184351,0.06666666666666665,7.232999999999947,6.5820875
A_k4_2od_x1.0,init,240,160,256.571,304.11457083333335,0.6666666666666666,0.7333333333333333,263.804,310.69665833333335,238.3243,1.6970482423178317,0.06666666666666665,7.232999999999947,6.5820875
A_k4_2od_x1.0,mutation,240,176,263.804,310.69665833333335,0.7333333333333333,0.7333333333333333,263.804,310.69665833333335,239.863,1.0623720810134825,0.0,0.0,0.0
A_k4_2od_x1.2,both,240,134,324.04,377.2279583333333,0.5583333333333333,0.7333333333333333,337.39416666666665,405.66136111111115,311.0399166666666,1.353441046555372,0.17499999999999993,13.354166666666629,28.43340277777787
A_k4_2od_x1.2,init,240,134,324.04,377.2279583333333,0.5583333333333333,0.7333333333333333,337.39416666666665,405.66136111111115,314.57325000000003,0.2328415469664523,0.17499999999999993,13.354166666666629,28.43340277777787
A_k4_2od_x1.2,mutation,240,176,337.39416666666665,405.66136111111115,0.7333333333333333,0.7333333333333333,337.39416666666665,405.66136111111115,314.26875,0.3294139661055577,0.0,0.0,0.0
A_k4_3od_x0.8,both,240,166,206.7675,235.152375,0.6916666666666667,0.7083333333333334,208.58375,238.78718229166668,183.782625,2.480275659882386,0.01666666666666672,1.8162499999999966,3.634807291666675
A_k4_3od_x0.8,init,240,166,206.7675,235.152375,0.6916666666666667,0.7083333333333334,208.58375,238.78718229166668,186.642375,0.9628197432436368,0.01666666666666672,1.8162499999999966,3.634807291666675
A_k4_3od_x0.8,mutation,240,170,208.58375,238.78718229166668,0.7083333333333334,0.7083333333333334,208.58375,238.78718229166668,184.317875,2.196258427823332,0.0,0.0,0.0
A_k4_3od_x1.0,both,240,166,264.694,304.59257083333335,0.6916666666666667,0.7083333333333334,253.104,304.88534583333336,235.3501,0.5012771851026345,0.01666666666666672,-11.590000000000003,0.292775000000006
A_k4_3od_x1.0,init,240,166,264.694,304.59257083333335,0.6916666666666667,0.7083333333333334,253.104,304.88534583333336,237.80990000000003,-0.5386499633459549,0.01666666666666672,-11.590000000000003,0.292775000000006
A_k4_3od_x1.0,mutation,240,170,253.104,304.88534583333336,0.7083333333333334,0.7083333333333334,253.104,304.88534583333336,234.308,0.9418447440091412,0.0,0.0,0.0
A_k4_3od_x1.2,both,240,165,330.2083333333333,389.3770798611111,0.6875,0.7083333333333334,332.0183333333333,391.5853368055556,307.08641666666665,-0.307643311235015,0.02083333333333337,1.8100000000000023,2.2082569444444857
A_k4_3od_x1.2,init,240,165,330.2083333333333,389.3770798611111,0.6875,0.7083333333333334,332.0183333333333,391.5853368055556,306.2894166666667,-0.0473088015330462,0.02083333333333337,1.8100000000000023,2.2082569444444857
A_k4_3od_x1.2,mutation,240,170,332.0183333333333,391.5853368055556,0.7083333333333334,0.7083333333333334,332.0183333333333,391.5853368055556,303.14575,0.9795480621220604,0.0,0.0,0.0
B_k9_1od_x0.8,both,240,207,617.978125,657.8898020833333,0.8625,0.9958333333333333,619.309375,662.4614817708333,613.0829999999999,1.0438121462969376,0.1333333333333333,1.3312500000000682,4.571679687500023
B_k9_1od_x0.8,init,240,207,617.978125,657.8898020833333,0.8625,0.9958333333333333,619.309375,662.4614817708333,620.7587500000001,-0.1951113908392793,0.1333333333333333,1.3312500000000682,4.571679687500023
B_k9_1od_x0.8,mutation,240,239,619.309375,662.4614817708333,0.9958333333333333,0.9958333333333333,619.309375,662.4614817708333,613.5594375000001,0.96691156554267,0.0,0.0,0.0
B_k9_1od_x1.0,both,240,210,616.625,661.5229833333334,0.875,0.9958333333333333,628.629,666.4599208333333,622.745,0.336322600830762,0.12083333333333335,12.004000000000019,4.936937499999885
B_k9_1od_x1.0,init,240,210,616.625,661.5229833333334,0.875,0.9958333333333333,628.629,666.4599208333333,625.8069499999999,-0.1537097511148615,0.12083333333333335,12.004000000000019,4.936937499999885
B_k9_1od_x1.0,mutation,240,239,628.629,666.4599208333333,0.9958333333333333,0.9958333333333333,628.629,666.4599208333333,623.77395,0.1716501572786241,0.0,0.0,0.0
B_k9_1od_x1.2,both,240,211,627.2904166666667,661.4492552083334,0.8791666666666667,0.9958333333333333,623.2129166666666,668.1165208333333,622.836,0.6527791614713025,0.1166666666666667,-4.0775000000001,6.667265624999914
B_k9_1od_x1.2,init,240,211,627.2904166666667,661.4492552083334,0.8791666666666667,0.9958333333333333,623.2129166666666,668.1165208333333,625.0705833333334,0.2963456157244824,0.1166666666666667,-4.0775000000001,6.667265624999914
B_k9_1od_x1.2,mutation,240,239,623.2129166666666,668.1165208333333,0.9958333333333333,0.9958333333333333,623.2129166666666,668.1165208333333,625.5248750000002,0.2238825363047814,0.0,0.0,0.0
B_k9_2od_x0.8,both,240,205,607.84125,643.9695937500001,0.8541666666666666,0.9916666666666667,602.8375,659.6083359375001,601.27525,0.025169321361526,0.13750000000000007,-5.003749999999968,15.638742187500043
B_k9_2od_x0.8,init,240,205,607.84125,643.9695937500001,0.8541666666666666,0.9916666666666667,602.8375,659.6083359375001,604.3020625,-0.4781027943350488,0.13750000000000007,-5.003749999999968,15.638742187500043
B_k9_2od_x0.8,mutation,240,238,602.8375,659.6083359375001,0.9916666666666667,0.9916666666666667,602.8375,659.6083359375001,601.6623750000001,-0.0391984641518078,0.0,0.0,0.0
B_k9_2od_x1.0,both,240,207,765.753,789.6442083333333,0.8625,0.9916666666666667,750.9615,790.0930770833334,743.8192999999999,-0.2080225770711399,0.12916666666666665,-14.791500000000042,0.44886875000008786
B_k9_2od_x1.0,init,240,207,765.753,789.6442083333333,0.8625,0.9916666666666667,750.9615,790.0930770833334,741.2505500000001,0.1380417936635681,0.12916666666666665,-14.791500000000042,0.44886875000008786
B_k9_2od_x1.0,mutation,240,238,750.9615,790.0930770833334,0.9916666666666667,0.9916666666666667,750.9615,790.0930770833334,743.6904999999999,-0.1906705221998528,0.0,0.0,0.0
B_k9_2od_x1.2,both,240,206,792.7316666666667,805.4777968750001,0.8583333333333333,0.9916666666666667,792.2941666666667,811.3743854166667,782.52875,-0.0465268510111593,0.13333333333333341,-0.4375,5.896588541666574
B_k9_2od_x1.2,init,240,206,792.7316666666667,805.4777968750001,0.8583333333333333,0.9916666666666667,792.2941666666667,811.3743854166667,782.2294166666667,-0.008256997832309,0.13333333333333341,-0.4375,5.896588541666574
B_k9_2od_x1.2,mutation,240,238,792.2941666666667,811.3743854166667,0.9916666666666667,0.9916666666666667,792.2941666666667,811.3743854166667,782.0652083333333,0.0127370850432353,0.0,0.0,0.0
B_k9_3od_x0.8,both,240,187,367.308125,407.15465625,0.7791666666666667,1.0,386.950625,415.9679973958334,368.475375,0.3389816755833946,0.22083333333333333,19.642499999999984,8.813341145833363
B_k9_3od_x0.8,init,240,187,367.308125,407.15465625,0.7791666666666667,1.0,386.950625,415.9679973958334,368.0294375,0.4595937663073565,0.22083333333333333,19.642499999999984,8.813341145833363
B_k9_3od_x0.8,mutation,240,240,386.950625,415.9679973958334,1.0,1.0,386.950625,415.9679973958334,367.694,0.5503190768771542,0.0,0.0,0.0
B_k9_3od_x1.0,both,240,211,473.9865,521.3558875,0.8791666666666667,1.0,484.849,587.59103941225,472.98455,1.6185115496984304,0.12083333333333335,10.862500000000011,66.23515191224999
B_k9_3od_x1.0,init,240,211,473.9865,521.3558875,0.8791666666666667,1.0,484.849,587.59103941225,476.2871999999999,0.9315554475796916,0.12083333333333335,10.862500000000011,66.23515191224999
B_k9_3od_x1.0,mutation,240,240,484.849,587.59103941225,1.0,1.0,484.849,587.59103941225,475.5490000000001,1.085102143288878,0.0,0.0,0.0
B_k9_3od_x1.2,both,240,210,571.5104166666666,600.5596371527778,0.875,1.0,576.65125,605.074484375,567.8459583333333,0.2074595974777186,0.125,5.140833333333376,4.514847222222215
B_k9_3od_x1.2,init,240,210,571.5104166666666,600.5596371527778,0.875,1.0,576.65125,605.074484375,570.2708749999999,-0.2186922327498483,0.125,5.140833333333376,4.514847222222215
B_k9_3od_x1.2,mutation,240,240,576.65125,605.074484375,1.0,1.0,576.65125,605.074484375,572.15275,-0.5494105978522391,0.0,0.0,0.0
C_k9_1od_x0.8,both,240,211,452.09125,495.8850598958333,0.8791666666666667,0.9958333333333333,457.354375,498.39855989583333,443.760875,0.4859251302481313,0.1166666666666667,5.263125000000002,2.513500000000022
C_k9_1od_x0.8,init,240,211,452.09125,495.8850598958333,0.8791666666666667,0.9958333333333333,457.354375,498.39855989583333,445.6555,0.0610524911266549,0.1166666666666667,5.263125000000002,2.513500000000022
C_k9_1od_x0.8,mutation,240,239,457.354375,498.39855989583333,0.9958333333333333,0.9958333333333333,457.354375,498.39855989583333,446.037375,-0.0245835788420868,0.0,0.0,0.0
C_k9_1od_x1.0,both,240,213,466.897,487.1353354166667,0.8875,0.9958333333333333,458.837,492.67215833333336,453.12215,0.2289931030139706,0.10833333333333339,-8.060000000000002,5.536822916666665
C_k9_1od_x1.0,init,240,213,466.897,487.1353354166667,0.8875,0.9958333333333333,458.837,492.67215833333336,453.5308999999999,0.1389922079592233,0.10833333333333339,-8.060000000000002,5.536822916666665
C_k9_1od_x1.0,mutation,240,239,458.837,492.67215833333336,0.9958333333333333,0.9958333333333333,458.837,492.67215833333336,452.8293500000001,0.293463468939432,0.0,0.0,0.0
C_k9_1od_x1.2,both,240,207,459.0104166666667,489.44350520833336,0.8625,0.9958333333333333,466.44166666666666,496.08901041666667,449.68641666666673,1.5067383516208233,0.1333333333333333,7.431249999999977,6.645505208333304
C_k9_1od_x1.2,init,240,207,459.0104166666667,489.44350520833336,0.8625,0.9958333333333333,466.44166666666666,496.08901041666667,454.915,0.3615398150101934,0.1333333333333333,7.431249999999977,6.645505208333304
C_k9_1od_x1.2,mutation,240,239,466.44166666666666,496.08901041666667,0.9958333333333333,0.9958333333333333,466.44166666666666,496.08901041666667,448.1585416666667,1.8413835322702767,0.0,0.0,0.0
C_k9_2od_x0.8,both,240,206,802.836875,824.2710546875,0.8583333333333333,0.9916666666666667,798.90375,828.3634270833334,797.91075,-0.2187899692441104,0.13333333333333341,-3.933125000000018,4.0923723958333085
C_k9_2od_x0.8,init,240,206,802.836875,824.2710546875,0.8583333333333333,0.9916666666666667,798.90375,828.3634270833334,797.304625,-0.1426597578512822,0.13333333333333341,-3.933125000000018,4.0923723958333085
C_k9_2od_x0.8,mutation,240,238,798.90375,828.3634270833334,0.9916666666666667,0.9916666666666667,798.90375,828.3634270833334,798.0008750000001,-0.2301098047595284,0.0,0.0,0.0
C_k9_2od_x1.0,both,240,211,805.7975,832.8449395833334,0.8791666666666667,0.9916666666666667,812.06,837.8016708333333,810.5063,0.1513917346444801,0.11250000000000004,6.262499999999932,4.956731249999962
C_k9_2od_x1.0,init,240,211,805.7975,832.8449395833334,0.8791666666666667,0.9916666666666667,812.06,837.8016708333333,806.7733000000001,0.6112707690882184,0.11250000000000004,6.262499999999932,4.956731249999962
C_k9_2od_x1.0,mutation,240,238,812.06,837.8016708333333,0.9916666666666667,0.9916666666666667,812.06,837.8016708333333,808.0348499999999,0.4558567867945061,0.0,0.0,0.0
C_k9_2od_x1.2,both,240,213,826.7745833333333,845.5413993055555,0.8875,0.9916666666666667,821.8216666666667,848.5346961805556,823.9215833333334,-0.0202882058251078,0.10416666666666674,-4.952916666666624,2.9932968750000555
C_k9_2od_x1.2,init,240,213,826.7745833333333,845.5413993055555,0.8875,0.9916666666666667,821.8216666666667,848.5346961805556,820.8850833333332,0.3483289190088844,0.10416666666666674,-4.952916666666624,2.9932968750000555
C_k9_2od_x1.2,mutation,240,238,821.8216666666667,848.5346961805556,0.9916666666666667,0.9916666666666667,821.8216666666667,848.5346961805556,822.7519166666667,0.1217039442426693,0.0,0.0,0.0
C_k9_3od_x0.8,both,240,210,446.263125,490.50463020833337,0.875,1.0,445.68,488.6446484375,445.0129375,-0.5345827498402348,0.125,-0.5831249999999955,-1.8599817708333717
C_k9_3od_x0.8,init,240,210,446.263125,490.50463020833337,0.875,1.0,445.68,488.6446484375,441.5094375,0.2569063979647509,0.125,-0.5831249999999955,-1.8599817708333717
C_k9_3od_x0.8,mutation,240,240,445.68,488.6446484375,1.0,1.0,445.68,488.6446484375,447.521875,-1.1013864614917133,0.0,0.0,0.0
C_k9_3od_x1.0,both,240,210,592.2255,644.7999604166667,0.875,1.0,592.833,653.682825,580.4491499999999,0.6610427277085255,0.125,0.6074999999999591,8.88286458333323
C_k9_3od_x1.0,init,240,210,592.2255,644.7999604166667,0.875,1.0,592.833,653.682825,588.43075,-0.7049405308844604,0.125,0.6074999999999591,8.88286458333323
C_k9_3od_x1.0,mutation,240,240,592.833,653.682825,1.0,1.0,592.833,653.682825,586.5162499999999,-0.3772900662437405,0.0,0.0,0.0
C_k9_3od_x1.2,both,240,211,674.43875,703.6788038194444,0.8791666666666667,1.0,673.1779166666666,711.761295138889,669.7543333333334,0.3159741160572843,0.12083333333333335,-1.2608333333333803,8.082491319444557
C_k9_3od_x1.2,init,240,211,674.43875,703.6788038194444,0.8791666666666667,1.0,673.1779166666666,711.761295138889,670.9166666666666,0.1429762565151184,0.12083333333333335,-1.2608333333333803,8.082491319444557
C_k9_3od_x1.2,mutation,240,240,673.1779166666666,711.761295138889,1.0,1.0,673.1779166666666,711.761295138889,668.43625,0.5121532918802675,0.0,0.0,0.0
D_k9_1od_x0.8,both,240,206,518.064375,534.6726979166666,0.8583333333333333,0.9916666666666667,518.064375,535.6933645833334,513.3991874999999,-0.1613064886690313,0.13333333333333341,0.0,1.0206666666667843
D_k9_1od_x0.8,init,240,206,518.064375,534.6726979166666,0.8583333333333333,0.9916666666666667,518.064375,535.6933645833334,513.579875,-0.1965576080841364,0.13333333333333341,0.0,1.0206666666667843
D_k9_1od_x0.8,mutation,240,238,518.064375,535.6933645833334,0.9916666666666667,0.9916666666666667,518.064375,535.6933645833334,513.2589999999999,-0.1339566924573208,0.0,0.0,0.0
D_k9_1od_x1.0,both,240,207,519.954,536.0572354166667,0.8625,0.9916666666666667,508.6205,538.3840708333333,514.4047000000002,-0.0344789095252748,0.12916666666666665,-11.333499999999958,2.326835416666654
D_k9_1od_x1.0,init,240,207,519.954,536.0572354166667,0.8625,0.9916666666666667,508.6205,538.3840708333333,516.0431499999999,-0.3531025379044108,0.12916666666666665,-11.333499999999958,2.326835416666654
D_k9_1od_x1.0,mutation,240,238,508.6205,538.3840708333333,0.9916666666666667,0.9916666666666667,508.6205,538.3840708333333,513.2571,0.1886908398891136,0.0,0.0,0.0
D_k9_1od_x1.2,both,240,207,520.3104166666667,535.7721006944445,0.8625,0.9916666666666667,523.0454166666667,537.6956163194444,517.1003333333333,0.0557929655765416,0.12916666666666665,2.7350000000000136,1.9235156249999363
D_k9_1od_x1.2,init,240,207,520.3104166666667,535.7721006944445,0.8625,0.9916666666666667,523.0454166666667,537.6956163194444,517.4892083333333,-0.0193680834600602,0.12916666666666665,2.7350000000000136,1.9235156249999363
D_k9_1od_x1.2,mutation,240,238,523.0454166666667,537.6956163194444,0.9916666666666667,0.9916666666666667,523.0454166666667,537.6956163194444,517.5372916666668,-0.0286615422180674,0.0,0.0,0.0
D_k9_2od_x0.8,both,240,209,716.078125,735.7534635416666,0.8708333333333333,1.0,720.39875,735.6724869791667,716.9121874999998,0.1530269168079503,0.12916666666666665,4.32062499999995,-0.08097656249992724
D_k9_2od_x0.8,init,240,209,716.078125,735.7534635416666,0.8708333333333333,1.0,720.39875,735.6724869791667,717.8643125,0.0204209981132734,0.12916666666666665,4.32062499999995,-0.08097656249992724
D_k9_2od_x0.8,mutation,240,240,720.39875,735.6724869791667,1.0,1.0,720.39875,735.6724869791667,716.9134375,0.152852824752404,0.0,0.0,0.0
D_k9_2od_x1.0,both,240,209,728.1235,741.0894229166666,0.8708333333333333,1.0,732.642,743.1786583333334,726.53855,0.1215661564659628,0.12916666666666665,4.518500000000017,2.0892354166667246
D_k9_2od_x1.0,init,240,209,728.1235,741.0894229166666,0.8708333333333333,1.0,732.642,743.1786583333334,727.39915,0.0032580774717469,0.12916666666666665,4.518500000000017,2.0892354166667246
D_k9_2od_x1.0,mutation,240,240,732.642,743.1786583333334,1.0,1.0,732.642,743.1786583333334,726.51635,0.1246180265027644,0.0,0.0,0.0
D_k9_2od_x1.2,both,240,209,734.8283333333334,747.2887621527777,0.8708333333333333,1.0,736.7479166666667,749.9726302083333,732.309,0.0830754741791361,0.12916666666666665,1.9195833333333212,2.6838680555555356
D_k9_2od_x1.2,init,240,209,734.8283333333334,747.2887621527777,0.8708333333333333,1.0,736.7479166666667,749.9726302083333,732.7934166666666,0.0169812113442072,0.12916666666666665,1.9195833333333212,2.6838680555555356
D_k9_2od_x1.2,mutation,240,240,736.7479166666667,749.9726302083333,1.0,1.0,736.7479166666667,749.9726302083333,731.9158333333332,0.1367195017131527,0.0,0.0,0.0
D_k9_3od_x0.8,both,240,209,497.1125,525.8010286458333,0.8708333333333333,0.9958333333333333,500.363125,528.5283802083334,493.2475625,0.0988636252873709,0.125,3.2506250000000136,2.7273515625000755
D_k9_3od_x0.8,init,240,209,497.1125,525.8010286458333,0.8708333333333333,0.9958333333333333,500.363125,528.5283802083334,493.366125,0.0748502709762152,0.125,3.2506250000000136,2.7273515625000755
D_k9_3od_x0.8,mutation,240,239,500.363125,528.5283802083334,0.9958333333333333,0.9958333333333333,500.363125,528.5283802083334,492.1171875000001,0.3278069706071077,0.0,0.0,0.0
D_k9_3od_x1.0,both,240,211,603.405,656.1003791666667,0.8791666666666667,0.9958333333333333,602.668,658.3231208333333,595.3923499999999,0.8934023603952926,0.1166666666666667,-0.7369999999999663,2.222741666666593
D_k9_3od_x1.0,init,240,211,603.405,656.1003791666667,0.8791666666666667,0.9958333333333333,602.668,658.3231208333333,596.50455,0.7082700557985296,0.1166666666666667,-0.7369999999999663,2.222741666666593
D_k9_3od_x1.0,mutation,240,239,602.668,658.3231208333333,0.9958333333333333,0.9958333333333333,602.668,658.3231208333333,599.9045,0.1423281577463072,0.0,0.0,0.0
D_k9_3od_x1.2,both,240,210,678.85375,702.5126545138888,0.875,0.9958333333333333,677.2816666666666,705.3553732638889,670.252875,0.0166451744190965,0.12083333333333335,-1.572083333333353,2.8427187500000173
D_k9_3od_x1.2,init,240,210,678.85375,702.5126545138888,0.875,0.9958333333333333,677.2816666666666,705.3553732638889,672.4949166666668,-0.3178059795458581,0.12083333333333335,-1.572083333333353,2.8427187500000173
D_k9_3od_x1.2,mutation,240,239,677.2816666666666,705.3553732638889,0.9958333333333333,0.9958333333333333,677.2816666666666,705.3553732638889,668.2790833333332,0.311080782114356,0.0,0.0,0.0
J_k9_6od_x0.8,both,240,211,328.0108333333333,402.07663541666665,0.8791666666666667,1.0,342.67583333333334,430.1560381944445,330.02599999999995,-0.8228636019948874,0.12083333333333335,14.66500000000002,28.07940277777783
J_k9_6od_x0.8,init,240,211,328.0108333333333,402.07663541666665,0.8791666666666667,1.0,342.67583333333334,430.1560381944445,327.42575,-0.0284878525658023,0.12083333333333335,14.66500000000002,28.07940277777783
J_k9_6od_x0.8,mutation,240,240,342.67583333333334,430.1560381944445,1.0,1.0,342.67583333333334,430.1560381944445,328.5775,-0.3803472004765635,0.0,0.0,0.0
J_k9_6od_x1.0,both,240,209,373.832,678.5535527777778,0.8708333333333333,1.0,380.0353333333333,1082.769849290971,361.3008666666666,0.6311406351561027,0.12916666666666665,6.203333333333319,404.21629651319324
J_k9_6od_x1.0,init,240,209,373.832,678.5535527777778,0.8708333333333333,1.0,380.0353333333333,1082.769849290971,356.4134,1.975344407294908,0.12916666666666665,6.203333333333319,404.21629651319324
J_k9_6od_x1.0,mutation,240,240,380.0353333333333,1082.769849290971,1.0,1.0,380.0353333333333,1082.769849290971,371.7112666666666,-2.2320398024545502,0.0,0.0,0.0
J_k9_6od_x1.2,both,240,214,439.3355555555556,1019.3331438492063,0.8916666666666667,1.0,439.3355555555556,1417.2200888422485,432.7498333333333,2.824739150536085,0.10833333333333328,0.0,397.8869449930422
J_k9_6od_x1.2,init,240,214,439.3355555555556,1019.3331438492063,0.8916666666666667,1.0,439.3355555555556,1417.2200888422485,455.27816666666666,-2.2340650350315028,0.10833333333333328,0.0,397.8869449930422
J_k9_6od_x1.2,mutation,240,240,439.3355555555556,1417.2200888422485,1.0,1.0,439.3355555555556,1417.2200888422485,425.2991111111111,4.497820962918087,0.0,0.0,0.0
