instance_id,both_n_seed_best_solutions,init_n_seed_best_solutions,mutation_n_seed_best_solutions,none_n_seed_best_solutions,both_mean_pairwise_jaccard,init_mean_pairwise_jaccard,mutation_mean_pairwise_jaccard,none_mean_pairwise_jaccard,both_median_pairwise_jaccard,init_median_pairwise_jaccard,mutation_median_pairwise_jaccard,none_median_pairwise_jaccard,both_min_pairwise_jaccard,init_min_pairwise_jaccard,mutation_min_pairwise_jaccard,none_min_pairwise_jaccard,both_max_pairwise_jaccard,init_max_pairwise_jaccard,mutation_max_pairwise_jaccard,none_max_pairwise_jaccard,both_n_unique_edges_in_seed_bests,init_n_unique_edges_in_seed_bests,mutation_n_unique_edges_in_seed_bests,none_n_unique_edges_in_seed_bests,both_total_edge_uses_in_seed_bests,init_total_edge_uses_in_seed_bests,mutation_total_edge_uses_in_seed_bests,none_total_edge_uses_in_seed_bests,both_edge_freq_hhi,init_edge_freq_hhi,mutation_edge_freq_hhi,none_edge_freq_hhi,both_edge_freq_entropy_norm,init_edge_freq_entropy_norm,mutation_edge_freq_entropy_norm,none_edge_freq_entropy_norm,both_top1_edge_share,init_top1_edge_share,mutation_top1_edge_share,none_top1_edge_share,both_top3_edge_share,init_top3_edge_share,mutation_top3_edge_share,none_top3_edge_share,both_n_seeds,init_n_seeds,mutation_n_seeds,none_n_seeds,both_mean_gen1_best_ATT,init_mean_gen1_best_ATT,mutation_mean_gen1_best_ATT,none_mean_gen1_best_ATT,both_mean_final_best_ATT,init_mean_final_best_ATT,mutation_mean_final_best_ATT,none_mean_final_best_ATT,both_mean_total_improvement_from_gen1,init_mean_total_improvement_from_gen1,mutation_mean_total_improvement_from_gen1,none_mean_total_improvement_from_gen1,both_mean_first_improve_gen,init_mean_first_improve_gen,mutation_mean_first_improve_gen,none_mean_first_improve_gen,both_mean_first_hit_95pct_own_final_gen,init_mean_first_hit_95pct_own_final_gen,mutation_mean_first_hit_95pct_own_final_gen,none_mean_first_hit_95pct_own_final_gen,both_mean_progress_auc,init_mean_progress_auc,mutation_mean_progress_auc,none_mean_progress_auc,both_mean_reduction_vs_none_%,init_mean_reduction_vs_none_%,mutation_mean_reduction_vs_none_%,both_delta_gen1_unique_ratio_vs_none,init_delta_gen1_unique_ratio_vs_none,mutation_delta_gen1_unique_ratio_vs_none,both_delta_gen1_best_ATT_vs_none,init_delta_gen1_best_ATT_vs_none,mutation_delta_gen1_best_ATT_vs_none,both_delta_gen1_mean_ATT_vs_none,init_delta_gen1_mean_ATT_vs_none,mutation_delta_gen1_mean_ATT_vs_none
A_k4_1od_x0.8,10,10,10,10,0.2982010582010582,0.3043386243386243,0.2129100529100529,0.19724867724867726,0.3333333333333333,0.14285714285714285,0.14285714285714285,0.14285714285714285,0.0,0.0,0.0,0.0,0.6,1.0,0.6,0.6,14,11,17,15,40,40,40,40,0.11875000000000001,0.11625,0.09875000000000002,0.09125000000000001,0.89114271663055,0.9447950756111191,0.9007267407720894,0.9335007070570496,0.2,0.2,0.2,0.15,0.525,0.475,0.425,0.4,10,10,10,10,237.25425,237.25425,238.628375,238.628375,223.33975,225.026375,222.029,224.5645,13.914500000000004,12.227875000000006,16.599375000000006,14.063875,2.8,3.5,4.1,3.1,8.7,9.1,7.3,9.1,0.7081727222193493,0.7302196654104116,0.712633721662105,0.6975467540081606,0.545388963972489,-0.2056758748600032,1.1290742748742624,0.10833333333333339,0.10833333333333339,0.0,-6.5175000000000125,-6.5175000000000125,0.0,5.17610937500001,5.17610937500001,0.0
A_k4_1od_x1.0,10,10,10,10,0.22962962962962966,0.17015873015873018,0.17671957671957672,0.16465608465608467,0.14285714285714285,0.14285714285714285,0.14285714285714285,0.14285714285714285,0.0,0.0,0.0,0.0,1.0,0.6,1.0,1.0,15,20,19,20,40,40,40,40,0.1,0.08375,0.08625000000000001,0.08125,0.9174005854701788,0.911011488116538,0.9113921487266197,0.9159557685019779,0.2,0.15,0.175,0.15,0.4,0.425,0.4,0.4,10,10,10,10,285.0743,285.0743,283.73979999999995,283.73979999999995,264.8703,265.85360000000003,268.3377,268.8392,20.203999999999994,19.220699999999994,15.40209999999999,14.900599999999987,2.6,2.7,2.2222222222222223,3.6666666666666665,8.5,10.5,6.8,9.0,0.7704156235979109,0.7300277507537235,0.6897258092657127,0.5480989988736187,1.47631000241037,1.1105523301661278,0.1865427363271718,0.09999999999999998,0.09999999999999998,0.0,0.5939999999999941,0.5939999999999941,0.0,3.9748791666666534,3.9748791666666534,0.0
A_k4_2od_x0.8,10,10,10,10,0.3688888888888888,0.34560846560846553,0.40444444444444433,0.4166666666666666,0.3333333333333333,0.3333333333333333,0.3333333333333333,0.3333333333333333,0.3333333333333333,0.14285714285714285,0.3333333333333333,0.3333333333333333,0.6,1.0,0.6,1.0,16,16,14,13,40,40,40,39,0.14500000000000002,0.13625,0.1524999999999999,0.15844838921762003,0.8402410118609203,0.8523351895717286,0.8384014427960125,0.8432270556533378,0.25,0.25,0.25,0.2564102564102564,0.55,0.55,0.6,0.6153846153846154,10,10,10,10,217.673875,217.673875,221.984,221.984,196.666875,197.075625,196.372875,197.004875,21.007000000000005,20.598250000000007,25.611125000000005,24.979125,2.2222222222222223,2.6666666666666665,2.1,2.2222222222222223,7.2,8.4,4.9,8.5,0.726156751273892,0.6425905653612756,0.8742961801633197,0.7236629741404491,0.1715693583724737,-0.0359128168782644,0.3208042440574148,0.06666666666666665,0.06666666666666665,0.0,1.5625,1.5625,0.0,6.164479166666695,6.164479166666695,0.0
A_k4_2od_x1.0,10,10,10,10,0.5348148148148149,0.40571428571428575,0.431111111111111,0.37862433862433853,0.6,0.3333333333333333,0.3333333333333333,0.3333333333333333,0.3333333333333333,0.14285714285714285,0.3333333333333333,0.14285714285714285,1.0,1.0,1.0,1.0,12,12,13,14,40,40,40,40,0.17749999999999994,0.14999999999999997,0.15624999999999994,0.1424999999999999,0.8067286224912582,0.8566200047662736,0.8389131349884233,0.8496264663329752,0.25,0.225,0.25,0.25,0.7,0.625,0.6,0.6,10,10,10,10,266.8781,266.8781,275.7762,275.7762,233.4045,238.3243,239.863,242.4386,33.47360000000001,28.553800000000006,35.9132,33.337599999999995,2.5,3.2,2.0,2.4,9.1,9.1,8.8,10.4,0.676279290005515,0.68006748429618,0.7983688267374989,0.688174938045224,3.726345557184351,1.6970482423178317,1.0623720810134825,0.06666666666666665,0.06666666666666665,0.0,7.232999999999947,7.232999999999947,0.0,6.5820875,6.5820875,0.0
A_k4_2od_x1.2,10,10,10,10,0.23513227513227514,0.22878306878306873,0.23301587301587307,0.17841269841269838,0.14285714285714285,0.14285714285714285,0.14285714285714285,0.14285714285714285,0.14285714285714285,0.14285714285714285,0.14285714285714285,0.14285714285714285,0.6,1.0,1.0,0.6,19,20,19,23,40,40,40,40,0.1075,0.10375,0.10500000000000001,0.09125000000000001,0.8830671068263323,0.886718332099043,0.8880975185363267,0.9044744188121733,0.25,0.25,0.25,0.25,0.475,0.45,0.45,0.35,10,10,10,10,335.4531666666667,335.4531666666667,359.0844166666667,359.0844166666667,311.03991666666667,314.57325000000003,314.26875,315.30741666666665,24.413250000000005,20.879916666666666,44.81566666666666,43.776999999999994,2.2,2.6,2.1,2.4,7.9,9.3,7.8,8.9,0.7139836843513785,0.6580597819918877,0.8369180473312241,0.763082031398536,1.353441046555372,0.2328415469664523,0.3294139661055577,0.17499999999999993,0.17499999999999993,0.0,13.354166666666629,13.354166666666629,0.0,28.43340277777787,28.43340277777787,0.0
A_k4_3od_x0.8,10,10,10,10,0.5022222222222221,0.3820105820105819,0.5140740740740741,0.34285714285714286,0.3333333333333333,0.3333333333333333,0.6,0.3333333333333333,0.3333333333333333,0.14285714285714285,0.3333333333333333,0.0,1.0,1.0,1.0,0.6,8,13,9,14,40,40,40,40,0.16999999999999998,0.14499999999999993,0.17375,0.13499999999999993,0.9104517904392737,0.8621863383132082,0.8664825891370495,0.8591136527631508,0.25,0.25,0.25,0.225,0.625,0.575,0.65,0.575,10,10,10,10,215.12475,215.12475,219.08712500000001,219.08712500000001,183.782625,186.642375,184.31787500000002,188.456875,31.342125,28.482375000000008,34.76925,30.63025,2.1,2.7,2.0,2.2,7.9,8.5,9.6,9.7,0.7689128126491047,0.7218404629162474,0.7736989198252462,0.7319453087208998,2.480275659882386,0.9628197432436368,2.196258427823332,0.01666666666666672,0.01666666666666672,0.0,1.8162499999999966,1.8162499999999966,0.0,3.634807291666675,3.634807291666675,0.0
A_k4_3od_x1.0,10,10,10,10,0.39936507936507937,0.3760846560846561,0.37354497354497346,0.3079365079365079,0.3333333333333333,0.3333333333333333,0.3333333333333333,0.3333333333333333,0.14285714285714285,0.14285714285714285,0.14285714285714285,0.0,1.0,1.0,1.0,1.0,13,14,11,16,40,40,40,40,0.14624999999999994,0.14124999999999993,0.14249999999999996,0.125,0.852250525956846,0.8463023907145995,0.8877038002168534,0.8623954425369588,0.25,0.25,0.225,0.225,0.6,0.575,0.575,0.55,10,10,10,10,270.5996,270.5996,274.0347,274.0347,235.35010000000003,237.80990000000003,234.308,236.53580000000002,35.2495,32.7897,39.72670000000001,37.498900000000006,2.0,2.2,2.1,2.3,7.6,10.3,9.2,8.9,0.8017909529475358,0.7352365216021243,0.7470499585090434,0.7738343946014441,0.5012771851026345,-0.5386499633459549,0.9418447440091412,0.01666666666666672,0.01666666666666672,0.0,-11.590000000000003,-11.590000000000003,0.0,0.292775000000006,0.292775000000006,0.0
A_k4_3od_x1.2,10,10,10,10,0.3299470899470899,0.27597883597883593,0.28656084656084657,0.25904761904761897,0.3333333333333333,0.3333333333333333,0.3333333333333333,0.14285714285714285,0.14285714285714285,0.0,0.0,0.0,0.6,0.6,1.0,1.0,13,16,16,15,40,40,40,40,0.12999999999999995,0.115,0.12,0.11,0.8852235297954818,0.8779593487599154,0.8692917115854603,0.904352485149685,0.25,0.225,0.225,0.225,0.525,0.5,0.525,0.475,10,10,10,10,346.8798333333333,346.8798333333333,355.65216666666663,355.65216666666663,307.08641666666665,306.2894166666666,303.14575,306.14458333333334,39.79341666666666,40.59041666666668,52.50641666666668,49.50758333333335,2.7,2.5,2.1,2.2,12.6,8.0,7.0,10.7,0.685382265555414,0.7361026498283791,0.809151823400763,0.7028027564750429,-0.307643311235015,-0.0473088015330462,0.9795480621220604,0.02083333333333337,0.02083333333333337,0.0,1.8100000000000023,1.8100000000000023,0.0,2.2082569444444857,2.2082569444444857,0.0
B_k9_1od_x0.8,10,10,10,10,0.1924136321195145,0.07695378151260504,0.17634130575307047,0.07346082022552611,0.2,0.058823529411764705,0.2,0.058823529411764705,0.0,0.0,0.058823529411764705,0.0,0.5,0.21428571428571427,0.38461538461538464,0.2,43,53,40,54,90,88,90,87,0.042222222222222223,0.025309917355371896,0.040246913580246915,0.02523450918219052,0.9182441513278367,0.9649521431529919,0.9317019809362733,0.9642211844999905,0.1,0.06818181818181818,0.07777777777777778,0.06896551724137931,0.24444444444444444,0.14772727272727273,0.2222222222222222,0.16091954022988506,10,10,10,10,633.118125,633.118125,634.1096249999999,634.1096249999999,613.083,620.75875,613.5594375,619.5499374999999,20.035124999999994,12.359375,20.550187499999993,14.559687500000006,2.8,2.5,2.6,3.888888888888889,7.1,4.8,9.5,7.1,0.7893857110189438,0.6451192742496308,0.7276996909548186,0.6060096083775005,1.0438121462969376,-0.1951113908392793,0.96691156554267,0.1333333333333333,0.1333333333333333,0.0,1.3312500000000682,1.3312500000000682,0.0,4.571679687500023,4.571679687500023,0.0
B_k9_1od_x1.0,10,10,10,10,0.1197935071464483,0.0992933863522099,0.11883286647992532,0.08094771241830065,0.125,0.07692307692307693,0.125,0.058823529411764705,0.0,0.0,0.0,0.0,0.38461538461538464,0.2727272727272727,0.2857142857142857,0.2,51,50,50,55,90,86,90,90,0.031358024691358025,0.029745808545159548,0.03185185185185185,0.025679012345679018,0.9451029656060458,0.9538426920814407,0.9483239383426074,0.9592289086635284,0.08888888888888889,0.08139534883720931,0.1,0.06666666666666667,0.2,0.18604651162790697,0.2,0.15555555555555556,10,10,10,10,637.9235,637.9235,642.8811,642.8811,622.745,625.8069499999999,623.77395,624.8465,15.178499999999985,12.116549999999984,19.10714999999999,18.0346,3.0,2.375,2.7,3.0,8.1,6.5,7.3,12.2,0.7398601354720352,0.5829020514476688,0.7680661584787215,0.6446578049819978,0.336322600830762,-0.1537097511148615,0.1716501572786241,0.12083333333333335,0.12083333333333335,0.0,12.004000000000019,12.004000000000019,0.0,4.936937499999885,4.936937499999885,0.0
B_k9_1od_x1.2,10,10,10,10,0.1592296918767507,0.11371537503890446,0.1476179702650291,0.09739028944911297,0.125,0.125,0.125,0.07142857142857142,0.058823529411764705,0.0,0.058823529411764705,0.0,0.2857142857142857,0.2857142857142857,0.38461538461538464,0.2857142857142857,47,50,49,49,90,89,90,87,0.03802469135802467,0.031182931448049477,0.03629629629629629,0.02946228035407584,0.9301786527229129,0.9489742004949653,0.9380675659173953,0.954046886350244,0.1111111111111111,0.07865168539325842,0.1111111111111111,0.06896551724137931,0.24444444444444444,0.21348314606741572,0.23333333333333334,0.1839080459770115,10,10,10,10,636.4214166666667,636.4214166666667,643.7829583333333,643.7829583333333,622.836,625.0705833333334,625.5248750000001,626.9284583333333,13.585416666666674,11.350833333333332,18.25808333333331,16.854499999999984,4.2,3.111111111111111,2.3,2.6666666666666665,6.7,7.7,7.1,8.8,0.7159209281989809,0.6241255871219515,0.7964070894872627,0.6193131310400134,0.6527791614713025,0.2963456157244824,0.2238825363047814,0.1166666666666667,0.1166666666666667,0.0,-4.0775000000001,-4.0775000000001,0.0,6.667265624999914,6.667265624999914,0.0
B_k9_2od_x0.8,10,10,10,10,0.1522829131652661,0.11128233059605608,0.1373098578980932,0.12693169575522517,0.125,0.125,0.125,0.125,0.058823529411764705,0.058823529411764705,0.058823529411764705,0.058823529411764705,0.2857142857142857,0.2222222222222222,0.2857142857142857,0.38461538461538464,50,52,48,51,90,83,86,90,0.037037037037037035,0.03353171723036725,0.03623580313683072,0.03308641975308641,0.9300542264261169,0.9450847853814891,0.9370165763581815,0.94323306500047,0.1111111111111111,0.12048192771084337,0.11627906976744186,0.1111111111111111,0.24444444444444444,0.21686746987951808,0.22093023255813954,0.2,10,10,10,10,610.0390625,610.0390625,629.8101875,629.8101875,601.27525,604.3020625,601.662375,601.426625,8.763812499999982,5.736999999999989,28.147812500000022,28.383562500000004,4.8,5.875,2.6666666666666665,3.0,9.9,6.2,6.9,9.8,0.5355304011334314,0.5086379844472136,0.7163084498311385,0.7043850019161318,0.025169321361526,-0.4781027943350488,-0.0391984641518078,0.13750000000000007,0.13750000000000007,0.0,-5.003749999999968,-5.003749999999968,0.0,15.638742187500043,15.638742187500043,0.0
B_k9_2od_x1.0,10,10,10,10,0.14539933922286863,0.10865438483085542,0.14498958557782088,0.12004201680672266,0.125,0.125,0.125,0.125,0.0,0.058823529411764705,0.0,0.058823529411764705,0.38461538461538464,0.38461538461538464,0.38461538461538464,0.2857142857142857,42,56,45,52,90,90,90,90,0.03555555555555555,0.03012345679012346,0.03555555555555554,0.032098765432098754,0.9457540962004097,0.9490416403365411,0.9380310556871135,0.947155163595177,0.08888888888888889,0.1111111111111111,0.08888888888888889,0.1111111111111111,0.2,0.18888888888888888,0.2111111111111111,0.2111111111111111,10,10,10,10,771.675,771.675,766.55615,766.55615,743.8193,741.25055,743.6904999999999,742.2752,27.855700000000013,30.424450000000014,22.86564999999998,24.280949999999997,2.1,2.0,3.1,2.8,7.3,9.8,9.5,8.6,0.7833112430732055,0.724473263907176,0.7212290786567574,0.670960879437807,-0.2080225770711399,0.1380417936635681,-0.1906705221998528,0.12916666666666665,0.12916666666666665,0.0,-14.791500000000042,-14.791500000000042,0.0,0.44886875000008786,0.44886875000008786,0.0
B_k9_2od_x1.2,10,10,10,10,0.0940641384759032,0.0865032679738562,0.13887847446670976,0.0630718954248366,0.058823529411764705,0.058823529411764705,0.125,0.058823529411764705,0.0,0.0,0.0,0.0,0.38461538461538464,0.2,0.38461538461538464,0.125,48,52,40,57,90,90,90,90,0.027160493827160494,0.026419753086419754,0.034567901234567905,0.022716049382716052,0.9633560726481297,0.960000352917075,0.9523566910300608,0.9681262964902849,0.044444444444444446,0.05555555555555555,0.06666666666666667,0.044444444444444446,0.13333333333333333,0.15555555555555556,0.17777777777777778,0.12222222222222222,10,10,10,10,794.2873333333333,794.2873333333333,795.104375,795.104375,782.5287500000001,782.2294166666667,782.0652083333333,782.1648333333334,11.75858333333332,12.057916666666642,13.039166666666665,12.939541666666685,2.1,2.5,2.3,3.1,8.5,10.5,6.6,9.9,0.758479739936377,0.6674525211832827,0.8057363405168971,0.7006376049959987,-0.0465268510111593,-0.008256997832309,0.0127370850432353,0.13333333333333341,0.13333333333333341,0.0,-0.4375,-0.4375,0.0,5.896588541666574,5.896588541666574,0.0
B_k9_3od_x0.8,10,10,10,10,0.146840000957648,0.09812324929971987,0.12050312432665373,0.08732385261797027,0.125,0.058823529411764705,0.125,0.058823529411764705,0.0,0.0,0.0,0.0,0.38461538461538464,0.2857142857142857,0.38461538461538464,0.38461538461538464,42,54,47,54,86,90,90,90,0.03758788534342888,0.028395061728395066,0.03135802469135803,0.026172839506172843,0.9388904271838577,0.9492673634187928,0.9480727985991646,0.9607210567047954,0.09302325581395349,0.06666666666666667,0.05555555555555555,0.07777777777777778,0.22093023255813954,0.17777777777777778,0.16666666666666666,0.16666666666666666,10,10,10,10,385.8549375,385.8549375,392.1218125,392.1218125,368.475375,368.0294375,367.694,369.72868750000004,17.379562500000002,17.825499999999998,24.427812499999998,22.393124999999987,2.6666666666666665,2.5,2.2,2.3,9.5,5.7,7.1,8.5,0.6234937838545151,0.8056080244943031,0.7847027994952683,0.7302037735108093,0.3389816755833946,0.4595937663073565,0.5503190768771542,0.22083333333333333,0.22083333333333333,0.0,19.642499999999984,19.642499999999984,0.0,8.813341145833363,8.813341145833363,0.0
B_k9_3od_x1.0,10,10,10,10,0.18511814982403219,0.10631652661064425,0.15331465919701212,0.09519996343525755,0.125,0.125,0.125,0.058823529411764705,0.0,0.0,0.0,0.0,0.5,0.2857142857142857,0.2857142857142857,0.36363636363636365,42,49,49,49,90,90,90,87,0.041234567901234566,0.029629629629629634,0.03703703703703704,0.028405337561104506,0.9291891712298743,0.9530436964835133,0.9284977996077118,0.9588874717489968,0.1,0.07777777777777778,0.1,0.06896551724137931,0.25555555555555554,0.16666666666666666,0.24444444444444444,0.1724137931034483,10,10,10,10,490.98425,490.98425,499.77465,499.77465,472.98455,476.28720000000004,475.549,480.7658,17.9997,14.69705,24.22565,19.008850000000002,2.9,3.3,2.4,2.5555555555555554,7.2,8.5,9.5,8.0,0.7843411724022903,0.7049433629067953,0.7308486522965032,0.673684394965434,1.6185115496984304,0.9315554475796916,1.085102143288878,0.12083333333333335,0.12083333333333335,0.0,10.862500000000011,10.862500000000011,0.0,66.23515191224999,66.23515191224999,0.0
B_k9_3od_x1.2,10,10,10,10,0.09400560224089637,0.052973856209150315,0.08023809523809522,0.07801587301587301,0.058823529411764705,0.058823529411764705,0.058823529411764705,0.058823529411764705,0.0,0.0,0.0,0.0,0.2857142857142857,0.2,0.2857142857142857,0.2857142857142857,46,58,52,57,90,90,90,90,0.027654320987654323,0.02074074074074074,0.0254320987654321,0.024938271604938275,0.9660185109874944,0.9772939195443662,0.9662752703075675,0.9590686795578427,0.044444444444444446,0.044444444444444446,0.06666666666666667,0.06666666666666667,0.13333333333333333,0.1111111111111111,0.15555555555555556,0.15555555555555556,10,10,10,10,578.4871666666666,578.4871666666666,584.5227083333333,584.5227083333333,567.8459583333333,570.2708749999999,572.15275,569.0264583333334,10.641208333333315,8.216291666666644,12.36995833333333,15.496250000000009,4.3,6.0,3.2,3.4,10.0,9.1,8.2,11.0,0.5691816097875229,0.5708505320840799,0.7184375350966986,0.6036376393674393,0.2074595974777186,-0.2186922327498483,-0.5494105978522391,0.125,0.125,0.0,5.140833333333376,5.140833333333376,0.0,4.514847222222215,4.514847222222215,0.0
C_k9_1od_x0.8,10,10,10,10,0.1380252100840336,0.12739495798319325,0.12717086834733893,0.1327871148459384,0.125,0.125,0.125,0.125,0.058823529411764705,0.058823529411764705,0.058823529411764705,0.058823529411764705,0.5,0.2857142857142857,0.2857142857142857,0.2857142857142857,50,52,48,51,90,90,90,90,0.0345679012345679,0.033333333333333326,0.032839506172839504,0.03407407407407407,0.9390907793538416,0.9414642097528068,0.9499688228037052,0.9397573079558541,0.1111111111111111,0.1111111111111111,0.1111111111111111,0.1111111111111111,0.2222222222222222,0.2111111111111111,0.17777777777777778,0.2222222222222222,10,10,10,10,461.35825000000006,461.35825000000006,469.622875,469.622875,443.76087500000006,445.6555,446.037375,445.92775,17.597375,15.702749999999998,23.58549999999999,23.695125000000008,2.3,3.2,2.1,2.3,8.5,8.0,4.4,7.9,0.744942644388533,0.7611041805437788,0.8502312483245171,0.784016094621193,0.4859251302481313,0.0610524911266549,-0.0245835788420868,0.1166666666666667,0.1166666666666667,0.0,5.263125000000002,5.263125000000002,0.0,2.513500000000022,2.513500000000022,0.0
C_k9_1od_x1.0,10,10,10,10,0.10869281045751633,0.11011671335200747,0.13747899159663865,0.11241099858746918,0.125,0.125,0.125,0.125,0.0,0.0,0.058823529411764705,0.0,0.2,0.2857142857142857,0.2857142857142857,0.2857142857142857,55,54,49,52,90,90,90,86,0.030370370370370377,0.030370370370370377,0.03481481481481481,0.03217955651703623,0.9453046323747444,0.9472490180322287,0.9427151110083759,0.9430856517464867,0.1,0.1,0.1111111111111111,0.08139534883720931,0.2,0.2,0.2222222222222222,0.23255813953488372,10,10,10,10,471.83594999999997,471.83594999999997,470.7072,470.7072,453.12215,453.53090000000003,452.82935,454.16215,18.713799999999992,18.30505,17.877849999999995,16.54505000000001,2.1,2.1,2.6,2.3333333333333335,7.7,9.4,10.5,7.8,0.7960074858966588,0.7505848091328647,0.6940520941396382,0.6067297466922336,0.2289931030139706,0.1389922079592233,0.293463468939432,0.10833333333333339,0.10833333333333339,0.0,-8.060000000000002,-8.060000000000002,0.0,5.536822916666665,5.536822916666665,0.0
C_k9_1od_x1.2,10,10,10,10,0.20159556130144357,0.10595238095238094,0.18362529627235508,0.11370214752567694,0.2,0.058823529411764705,0.2,0.125,0.058823529411764705,0.0,0.058823529411764705,0.0,0.5,0.2857142857142857,0.38461538461538464,0.2857142857142857,45,53,44,50,90,90,90,90,0.0439506172839506,0.02938271604938272,0.04123456790123456,0.030864197530864203,0.9157039179633122,0.949049548012672,0.923249524604481,0.9481727850231118,0.1111111111111111,0.08888888888888889,0.08888888888888889,0.07777777777777778,0.28888888888888886,0.17777777777777778,0.26666666666666666,0.2,10,10,10,10,467.0032499999999,467.0032499999999,475.14212499999996,475.14212499999996,449.6864166666666,454.91499999999996,448.1585416666667,456.5656666666667,17.316833333333324,12.088249999999988,26.983583333333314,18.576458333333328,2.2,2.9,2.0,2.5,7.7,7.0,7.7,7.8,0.7793697357373752,0.7203117006019983,0.8197064571371613,0.7269222111081043,1.5067383516208233,0.3615398150101934,1.8413835322702767,0.1333333333333333,0.1333333333333333,0.0,7.431249999999977,7.431249999999977,0.0,6.645505208333304,6.645505208333304,0.0
C_k9_2od_x0.8,10,10,10,10,0.08555555555555555,0.07464052287581699,0.09534583063994828,0.08856029591323708,0.058823529411764705,0.058823529411764705,0.058823529411764705,0.058823529411764705,0.0,0.0,0.0,0.0,0.2,0.2,0.38461538461538464,0.2857142857142857,50,56,48,52,90,90,87,87,0.026172839506172836,0.024444444444444446,0.028933808957590172,0.027348394768133177,0.9649190921590963,0.9659032257467434,0.9577803709466784,0.9595247884575177,0.05555555555555555,0.07777777777777778,0.06896551724137931,0.08045977011494253,0.14444444444444443,0.14444444444444443,0.1724137931034483,0.1724137931034483,10,10,10,10,808.355375,808.355375,809.18125,809.18125,797.91075,797.304625,798.000875,796.1688125,10.444625000000007,11.050749999999994,11.180375000000003,13.012437499999999,2.9,2.9,3.5555555555555554,3.4444444444444446,6.7,8.6,8.0,6.9,0.7280536769751225,0.7023630050670862,0.6516586514764307,0.659399554307325,-0.2187899692441104,-0.1426597578512822,-0.2301098047595284,0.13333333333333341,0.13333333333333341,0.0,-3.933125000000018,-3.933125000000018,0.0,4.0923723958333085,4.0923723958333085,0.0
C_k9_2od_x1.0,10,10,10,10,0.07487598458186695,0.09813725490196078,0.07223155929038282,0.08022875816993465,0.058823529411764705,0.058823529411764705,0.058823529411764705,0.058823529411764705,0.0,0.0,0.0,0.0,0.2,0.5,0.2857142857142857,0.2,51,53,47,52,86,90,83,90,0.02568956192536506,0.027901234567901233,0.026273769777906814,0.0254320987654321,0.9666087091419532,0.954362461394852,0.9708230453803105,0.9638483376509046,0.05813953488372093,0.07777777777777778,0.04819277108433735,0.044444444444444446,0.1511627906976744,0.17777777777777778,0.12048192771084337,0.13333333333333333,10,10,10,10,816.0453,816.0453,818.1647,818.1647,810.5063,806.7733000000001,808.03485,811.7352,5.53900000000001,9.271999999999991,10.129849999999987,6.429499999999973,3.875,3.0,3.4444444444444446,5.6,6.3,4.2,7.0,9.8,0.5385120652779769,0.7180201178077369,0.6149946330064966,0.5931378810753161,0.1513917346444801,0.6112707690882184,0.4558567867945061,0.11250000000000004,0.11250000000000004,0.0,6.262499999999932,6.262499999999932,0.0,4.956731249999962,4.956731249999962,0.0
C_k9_2od_x1.2,10,10,10,10,0.07451914098972921,0.07444444444444444,0.0656385118149824,0.050007541478129705,0.058823529411764705,0.058823529411764705,0.058823529411764705,0.058823529411764705,0.0,0.0,0.0,0.0,0.2857142857142857,0.2,0.38461538461538464,0.2,56,56,54,57,90,90,90,86,0.024444444444444442,0.024444444444444446,0.022716049382716052,0.02136289886425095,0.9637921038972012,0.9614098518228966,0.9735255051810903,0.9755715956688313,0.06666666666666667,0.044444444444444446,0.044444444444444446,0.03488372093023256,0.15555555555555556,0.13333333333333333,0.1111111111111111,0.10465116279069768,10,10,10,10,833.2171666666667,833.2171666666667,831.611125,831.611125,823.9215833333334,820.8850833333333,822.7519166666667,823.7544583333332,9.29558333333332,12.332083333333333,8.859208333333346,7.856666666666683,3.8,3.3,2.8,3.3333333333333335,10.2,8.1,7.1,7.6,0.6305088366892222,0.7129846288323757,0.7498865129847707,0.644246968812759,-0.0202882058251078,0.3483289190088844,0.1217039442426693,0.10416666666666674,0.10416666666666674,0.0,-4.952916666666624,-4.952916666666624,0.0,2.9932968750000555,2.9932968750000555,0.0
C_k9_3od_x0.8,10,10,10,10,0.10126050420168067,0.06620915032679738,0.0596512964160023,0.06978057889822596,0.058823529411764705,0.058823529411764705,0.058823529411764705,0.058823529411764705,0.0,0.0,0.0,0.0,0.2857142857142857,0.2,0.25,0.2857142857142857,55,57,53,58,90,90,87,90,0.028888888888888895,0.023209876543209877,0.022592152199762187,0.023703703703703706,0.9517332968598701,0.9664980718495978,0.9767875618868326,0.9628603526042546,0.1,0.05555555555555555,0.04597701149425287,0.05555555555555555,0.17777777777777778,0.13333333333333333,0.11494252873563218,0.14444444444444443,10,10,10,10,461.913,461.913,456.84681250000006,456.84681250000006,445.0129375,441.5094375,447.521875,442.64662500000003,16.90006249999999,20.403562499999985,9.324937500000004,14.200187500000004,3.5,3.4,3.111111111111111,3.4,9.4,9.9,7.9,6.6,0.6491997545931909,0.6274244979730896,0.605516238056121,0.6983576912602112,-0.5345827498402348,0.2569063979647509,-1.1013864614917133,0.125,0.125,0.0,-0.5831249999999955,-0.5831249999999955,0.0,-1.8599817708333717,-1.8599817708333717,0.0
C_k9_3od_x1.0,10,10,10,10,0.12416900093370682,0.07322803195352215,0.17068878833584716,0.08222222222222221,0.125,0.058823529411764705,0.2,0.058823529411764705,0.0,0.0,0.0,0.0,0.2857142857142857,0.2,0.38461538461538464,0.2,52,50,47,55,90,82,90,90,0.03259259259259258,0.026769779892920884,0.03925925925925924,0.025679012345679018,0.942532833915395,0.9654140031091388,0.9248676845147645,0.9597375596837512,0.1,0.07317073170731707,0.1,0.06666666666666667,0.2111111111111111,0.15853658536585366,0.25555555555555554,0.16666666666666666,10,10,10,10,598.9367,598.9367,608.4638,608.4638,580.44915,588.43075,586.51625,584.3117,18.487549999999988,10.505949999999995,21.94755,24.152099999999972,5.1,4.666666666666667,4.5,3.0,9.4,7.6,9.6,9.4,0.5888590125242539,0.6204618646602034,0.5961030156226037,0.6587756469657605,0.6610427277085255,-0.7049405308844604,-0.3772900662437405,0.125,0.125,0.0,0.6074999999999591,0.6074999999999591,0.0,8.88286458333323,8.88286458333323,0.0
C_k9_3od_x1.2,10,10,10,10,0.09024743230625584,0.09654528478057889,0.13051820728291316,0.11045643898585074,0.058823529411764705,0.058823529411764705,0.125,0.07142857142857142,0.0,0.0,0.058823529411764705,0.0,0.2857142857142857,0.2857142857142857,0.2857142857142857,0.38461538461538464,47,54,49,52,83,90,90,87,0.030047902453186243,0.028148148148148155,0.03358024691358024,0.03157616594001849,0.9580754241986547,0.957568706134901,0.9444894125546366,0.9464435611850662,0.08433734939759036,0.1,0.1111111111111111,0.10344827586206896,0.18072289156626506,0.16666666666666666,0.2,0.20689655172413793,10,10,10,10,685.8850416666667,685.8850416666667,686.1214166666666,686.1214166666666,669.7543333333333,670.9166666666667,668.43625,671.8772916666667,16.130708333333324,14.968375000000004,17.685166666666657,14.244125000000007,3.2222222222222223,2.9,2.7,4.222222222222222,7.1,8.4,8.6,8.7,0.6563511962608727,0.6855844938384735,0.6905798088128103,0.5948888087505398,0.3159741160572843,0.1429762565151184,0.5121532918802675,0.12083333333333335,0.12083333333333335,0.0,-1.2608333333333803,-1.2608333333333803,0.0,8.082491319444557,8.082491319444557,0.0
D_k9_1od_x0.8,10,10,10,10,0.11205882352941177,0.09036881419234359,0.11439775910364144,0.09621848739495797,0.125,0.058823529411764705,0.125,0.058823529411764705,0.058823529411764705,0.0,0.058823529411764705,0.0,0.2,0.2857142857142857,0.2857142857142857,0.2857142857142857,53,57,52,55,90,90,90,90,0.0308641975308642,0.026913580246913583,0.031111111111111117,0.028148148148148155,0.950563999233222,0.9535509326944038,0.9481787861878167,0.9560857187788724,0.1111111111111111,0.07777777777777778,0.1,0.1,0.18888888888888888,0.17777777777777778,0.2,0.17777777777777778,10,10,10,10,525.35075,525.35075,524.4060625,524.4060625,513.3991874999999,513.579875,513.259,512.572375,11.951562500000017,11.770875000000018,11.147062500000022,11.833687500000025,2.9,3.6,2.1,2.7,9.8,9.1,8.4,9.6,0.7177586167686518,0.6623773233393646,0.7903544067854729,0.7230031301356095,-0.1613064886690313,-0.1965576080841364,-0.1339566924573208,0.13333333333333341,0.13333333333333341,0.0,0.0,0.0,0.0,1.0206666666667843,1.0206666666667843,0.0
D_k9_1od_x1.0,10,10,10,10,0.11981325863678803,0.11268332974215328,0.12520445785151668,0.10664799253034547,0.125,0.125,0.125,0.125,0.0,0.0,0.0,0.0,0.2857142857142857,0.38461538461538464,0.2857142857142857,0.2857142857142857,50,53,50,52,90,90,88,88,0.03185185185185185,0.030370370370370374,0.03357438016528926,0.030475206611570244,0.9488449818309033,0.9482665840166735,0.9414137999995202,0.948692080543673,0.1,0.1,0.10227272727272728,0.09090909090909091,0.2111111111111111,0.18888888888888888,0.2159090909090909,0.20454545454545456,10,10,10,10,520.8542,520.8542,524.01075,524.01075,514.4047,516.0431500000001,513.2571,514.2274,6.449499999999977,4.811049999999978,10.753650000000004,9.783350000000013,3.1,3.2,2.3333333333333335,2.5555555555555554,9.7,9.1,7.5,8.2,0.6350702232160265,0.6682887464494972,0.6641371938467858,0.6085139248539939,-0.0344789095252748,-0.3531025379044108,0.1886908398891136,0.12916666666666665,0.12916666666666665,0.0,-11.333499999999958,-11.333499999999958,0.0,2.326835416666654,2.326835416666654,0.0
D_k9_1od_x1.2,10,10,10,10,0.12310816634346047,0.12147058823529411,0.14621381886087767,0.08759103641456584,0.125,0.125,0.125,0.058823529411764705,0.058823529411764705,0.058823529411764705,0.0,0.0,0.38461538461538464,0.2,0.2857142857142857,0.2857142857142857,52,52,45,58,90,90,90,90,0.03234567901234567,0.03234567901234567,0.03604938271604937,0.026666666666666672,0.9449228854545548,0.9414642097528068,0.9389437712444477,0.9552733623969781,0.1111111111111111,0.1,0.1,0.08888888888888889,0.2,0.2111111111111111,0.2222222222222222,0.17777777777777778,10,10,10,10,525.0865833333334,525.0865833333334,525.4921666666667,525.4921666666667,517.1003333333333,517.4892083333333,517.5372916666666,517.389,7.986250000000018,7.5973749999999995,7.954875000000027,8.103166666666663,2.7,2.8,2.4,3.0,11.0,6.7,10.1,8.9,0.6770116807431916,0.8170492354384413,0.6824343714617829,0.6116278533447705,0.0557929655765416,-0.0193680834600602,-0.0286615422180674,0.12916666666666665,0.12916666666666665,0.0,2.7350000000000136,2.7350000000000136,0.0,1.9235156249999363,1.9235156249999363,0.0
D_k9_2od_x0.8,10,10,10,10,0.12326330532212884,0.08436507936507935,0.10258169934640524,0.08717553688141924,0.125,0.058823529411764705,0.125,0.058823529411764705,0.0,0.0,0.0,0.0,0.2857142857142857,0.2857142857142857,0.2,0.2857142857142857,44,51,51,52,90,90,90,90,0.03234567901234567,0.025925925925925925,0.029135802469135805,0.026419753086419757,0.9544798370453139,0.9647415014361344,0.955181443148302,0.9611505380001757,0.08888888888888889,0.05555555555555555,0.08888888888888889,0.06666666666666667,0.17777777777777778,0.15555555555555556,0.18888888888888888,0.15555555555555556,10,10,10,10,723.2648750000001,723.2648750000001,725.1040624999999,725.1040624999999,716.9121875,717.8643125000001,716.9134375,718.0109375,6.35268749999999,5.40056249999999,8.190624999999978,7.093124999999998,2.5,2.8,2.0,2.5,8.1,5.1,9.9,7.3,0.6934084193900942,0.7892440113019575,0.7428059122332422,0.7456326178075561,0.1530269168079503,0.0204209981132734,0.152852824752404,0.12916666666666665,0.12916666666666665,0.0,4.32062499999995,4.32062499999995,0.0,-0.08097656249992724,-0.08097656249992724,0.0
D_k9_2od_x1.0,10,10,10,10,0.12030704589528121,0.05984593837535014,0.1380672268907563,0.058342670401493914,0.125,0.058823529411764705,0.125,0.058823529411764705,0.0,0.0,0.058823529411764705,0.0,0.38461538461538464,0.2,0.2857142857142857,0.2857142857142857,48,56,41,58,90,87,90,90,0.031604938271604946,0.02285638789800502,0.03481481481481482,0.021481481481481483,0.9471583921225218,0.9703735646532358,0.9480039946510865,0.972998426479484,0.07777777777777778,0.04597701149425287,0.06666666666666667,0.044444444444444446,0.18888888888888888,0.13793103448275862,0.18888888888888888,0.1111111111111111,10,10,10,10,733.65015,733.65015,735.0648,735.0648,726.53855,727.39915,726.51635,727.42285,7.111599999999998,6.2509999999999994,8.548450000000026,7.64195000000002,2.2,2.7777777777777777,2.1,2.3,8.6,7.8,10.6,8.6,0.7354082090491024,0.6251469447566824,0.7348755226051675,0.7627493905568584,0.1215661564659628,0.0032580774717469,0.1246180265027644,0.12916666666666665,0.12916666666666665,0.0,4.518500000000017,4.518500000000017,0.0,2.0892354166667246,2.0892354166667246,0.0
D_k9_2od_x1.2,10,10,10,10,0.1059746462687639,0.1072642390289449,0.08926596279537456,0.07562091503267973,0.125,0.125,0.058823529411764705,0.058823529411764705,0.0,0.0,0.0,0.0,0.38461538461538464,0.2857142857142857,0.38461538461538464,0.2,50,52,50,52,90,90,90,90,0.029382716049382716,0.029876543209876545,0.026666666666666665,0.024691358024691357,0.9547895974489436,0.9497767507678806,0.9636295443156273,0.967991676925647,0.08888888888888889,0.08888888888888889,0.06666666666666667,0.05555555555555555,0.17777777777777778,0.2,0.15555555555555556,0.13333333333333333,10,10,10,10,739.68975,739.68975,740.7684166666667,740.7684166666667,732.309,732.7934166666666,731.9158333333332,732.917875,7.380749999999978,6.896333333333326,8.852583333333325,7.850541666666641,2.6,4.1,2.1,2.5,10.9,10.1,6.3,9.5,0.6533994013676814,0.6205191049021945,0.8058214941464555,0.7238123499223436,0.0830754741791361,0.0169812113442072,0.1367195017131527,0.12916666666666665,0.12916666666666665,0.0,1.9195833333333212,1.9195833333333212,0.0,2.6838680555555356,2.6838680555555356,0.0
D_k9_3od_x0.8,10,10,10,10,0.15647777059541765,0.08444444444444445,0.14067945126768655,0.12110069668893197,0.125,0.058823529411764705,0.125,0.125,0.0,0.0,0.0,0.0,0.38461538461538464,0.2,0.38461538461538464,0.38461538461538464,42,56,41,48,90,90,90,90,0.03728395061728395,0.02592592592592593,0.0345679012345679,0.031604938271604946,0.9359234436068735,0.9589969634430059,0.9500852469692791,0.9489935352533119,0.07777777777777778,0.07777777777777778,0.07777777777777778,0.08888888888888889,0.2111111111111111,0.16666666666666666,0.18888888888888888,0.2,10,10,10,10,505.4736875,505.4736875,511.2126875,511.2126875,493.2475625,493.366125,492.1171875,493.73568750000004,12.226124999999996,12.10756249999999,19.095499999999987,17.476999999999983,2.3,3.2,2.2,2.0,7.9,9.4,10.1,7.4,0.7644081116446969,0.6867555797633713,0.7662956557377962,0.7073674702772855,0.0988636252873709,0.0748502709762152,0.3278069706071077,0.125,0.125,0.0,3.2506250000000136,3.2506250000000136,0.0,2.7273515625000755,2.7273515625000755,0.0
D_k9_3od_x1.0,10,10,10,10,0.1314181570063923,0.10083566760037349,0.13495582848524024,0.10897292250233426,0.125,0.058823529411764705,0.125,0.125,0.0,0.0,0.058823529411764705,0.0,0.38461538461538464,0.2857142857142857,0.38461538461538464,0.2857142857142857,49,53,48,54,90,90,90,90,0.03333333333333333,0.028641975308641977,0.034074074074074076,0.030123456790123463,0.9405315549201031,0.9528981186234287,0.9405091203705109,0.9426338886706122,0.08888888888888889,0.07777777777777778,0.1,0.06666666666666667,0.2111111111111111,0.2,0.2111111111111111,0.2,10,10,10,10,618.9112,618.9112,625.83855,625.83855,595.39235,596.50455,599.9045,600.75955,23.518850000000008,22.406650000000013,25.934049999999992,25.078999999999986,3.2,4.8,3.4,2.5,9.7,9.2,7.6,8.8,0.7038911327940132,0.602432850497199,0.7296231637933388,0.7277398638814676,0.8934023603952926,0.7082700557985296,0.1423281577463072,0.1166666666666667,0.1166666666666667,0.0,-0.7369999999999663,-0.7369999999999663,0.0,2.222741666666593,2.222741666666593,0.0
D_k9_3od_x1.2,10,10,10,10,0.15148459383753501,0.13003734827264238,0.16557207498383966,0.10972455648926238,0.125,0.125,0.125,0.125,0.058823529411764705,0.0,0.058823529411764705,0.0,0.2857142857142857,0.2857142857142857,0.38461538461538464,0.2857142857142857,46,50,46,51,90,90,90,90,0.03679012345679011,0.033333333333333326,0.038765432098765415,0.030370370370370374,0.9365064868025907,0.9425332758453213,0.9283434340429821,0.9526659357443583,0.1,0.08888888888888889,0.1,0.1,0.24444444444444444,0.2222222222222222,0.24444444444444444,0.18888888888888888,10,10,10,10,687.8109999999999,687.8109999999999,685.4179166666667,685.4179166666667,670.252875,672.4949166666667,668.2790833333333,670.3644583333333,17.558124999999997,15.316083333333335,17.13883333333332,15.053458333333321,2.4,2.4,3.2,3.0,9.1,10.3,9.4,8.1,0.7563286438026762,0.6805441244514334,0.674553353440124,0.7135605589962817,0.0166451744190965,-0.3178059795458581,0.311080782114356,0.12083333333333335,0.12083333333333335,0.0,-1.572083333333353,-1.572083333333353,0.0,2.8427187500000173,2.8427187500000173,0.0
J_k9_6od_x0.8,10,10,10,10,0.042919389978213505,0.07176462970580616,0.035784313725490194,0.03790849673202614,0.058823529411764705,0.06666666666666667,0.058823529411764705,0.058823529411764705,0.0,0.058823529411764705,0.0,0.0,0.125,0.16666666666666666,0.125,0.058823529411764705,69,69,78,82,83,79,90,90,0.020467411815938454,0.027399455215510325,0.01777777777777778,0.01827160493827161,0.9733125431736112,0.9589823379981434,0.976893716888759,0.9756843833813696,0.08433734939759036,0.12658227848101267,0.07777777777777778,0.08888888888888889,0.13253012048192772,0.16455696202531644,0.12222222222222222,0.12222222222222222,10,10,10,10,365.8805,365.8805,374.53049999999996,374.53049999999996,330.026,327.42575,328.5775,327.3325,35.85449999999998,38.45474999999998,45.953,47.198,2.75,4.571428571428571,2.6,4.8,6.3,7.5,6.6,6.6,0.639602451732378,0.4710819819117863,0.8411101181584668,0.6953627089535874,-0.8228636019948874,-0.0284878525658023,-0.3803472004765635,0.12083333333333335,0.12083333333333335,0.0,14.66500000000002,14.66500000000002,0.0,28.07940277777783,28.07940277777783,0.0
J_k9_6od_x1.0,10,10,10,10,0.07715686274509802,0.058823529411764684,0.03872549019607844,0.0380718954248366,0.058823529411764705,0.058823529411764705,0.058823529411764705,0.058823529411764705,0.058823529411764705,0.058823529411764705,0.0,0.0,0.2,0.058823529411764705,0.125,0.125,69,81,77,82,85,90,90,90,0.026712802768166094,0.022222222222222227,0.018271604938271607,0.01827160493827161,0.9554038730986314,0.9657562831754187,0.9749111502228665,0.9756843833813696,0.11764705882352941,0.1111111111111111,0.07777777777777778,0.08888888888888889,0.18823529411764706,0.13333333333333333,0.13333333333333333,0.12222222222222222,10,10,10,10,538.3522666666667,538.3522666666667,531.351,531.351,361.30086666666665,356.4134,371.7112666666667,363.59566666666666,177.0514,181.93886666666668,159.63973333333334,167.75533333333334,3.888888888888889,3.7,3.8,3.6,7.6,9.0,7.8,5.4,0.5941990038106832,0.7013446742487568,0.6385339612795476,0.7898988824616107,0.6311406351561027,1.975344407294908,-2.2320398024545502,0.12916666666666665,0.12916666666666665,0.0,6.203333333333319,6.203333333333319,0.0,404.21629651319324,404.21629651319324,0.0
J_k9_6od_x1.2,10,10,10,10,0.0580065359477124,0.0428322440087146,0.05277777777777778,0.04999999999999998,0.058823529411764705,0.058823529411764705,0.058823529411764705,0.058823529411764705,0.0,0.0,0.0,0.0,0.125,0.13333333333333333,0.125,0.125,75,78,78,80,89,89,90,90,0.02209317005428607,0.019315742961747248,0.02098765432098766,0.020493827160493833,0.965169508592303,0.9730774031953304,0.968270843357135,0.9697067191730255,0.10112359550561797,0.0898876404494382,0.1,0.1,0.15730337078651685,0.1348314606741573,0.14444444444444443,0.14444444444444443,10,10,10,10,562.3132222222223,562.3132222222223,598.0203333333334,598.0203333333334,432.7498333333333,455.27816666666666,425.29911111111113,445.32922222222226,129.56338888888888,107.03505555555554,172.72122222222225,152.6911111111111,3.4444444444444446,4.666666666666667,3.4,3.3,6.7,7.6,8.2,8.5,0.6405840292582377,0.5593795260439849,0.7084841460215655,0.634436067224024,2.824739150536085,-2.2340650350315028,4.497820962918087,0.10833333333333328,0.10833333333333328,0.0,0.0,0.0,0.0,397.8869449930422,397.8869449930422,0.0
