instance_id,mode,seed,sol_id,att_default,sumo_seed,att
A_k4_3od_x0.8,both,0,S0014,183.64,201,195.31375
A_k4_3od_x0.8,both,0,S0014,183.64,202,190.45125
A_k4_3od_x0.8,both,0,S0014,183.64,203,197.89875
A_k4_3od_x0.8,both,0,S0014,183.64,204,195.11625
A_k4_3od_x0.8,both,0,S0014,183.64,205,192.015
A_k4_3od_x0.8,both,1,S0003,181.055,201,188.25
A_k4_3od_x0.8,both,1,S0003,181.055,202,192.7275
A_k4_3od_x0.8,both,1,S0003,181.055,203,188.595
A_k4_3od_x0.8,both,1,S0003,181.055,204,182.21625
A_k4_3od_x0.8,both,1,S0003,181.055,205,193.7925
A_k4_3od_x0.8,both,2,S0020,184.725,201,193.43125
A_k4_3od_x0.8,both,2,S0020,184.725,202,197.07625
A_k4_3od_x0.8,both,2,S0020,184.725,203,194.02375
A_k4_3od_x0.8,both,2,S0020,184.725,204,195.115
A_k4_3od_x0.8,both,2,S0020,184.725,205,203.54875
A_k4_3od_x0.8,both,3,S0003,181.055,201,188.25
A_k4_3od_x0.8,both,3,S0003,181.055,202,192.7275
A_k4_3od_x0.8,both,3,S0003,181.055,203,188.595
A_k4_3od_x0.8,both,3,S0003,181.055,204,182.21625
A_k4_3od_x0.8,both,3,S0003,181.055,205,193.7925
A_k4_3od_x0.8,both,4,S0020,184.725,201,193.43125
A_k4_3od_x0.8,both,4,S0020,184.725,202,197.07625
A_k4_3od_x0.8,both,4,S0020,184.725,203,194.02375
A_k4_3od_x0.8,both,4,S0020,184.725,204,195.115
A_k4_3od_x0.8,both,4,S0020,184.725,205,203.54875
A_k4_3od_x0.8,both,5,S0003,181.055,201,188.25
A_k4_3od_x0.8,both,5,S0003,181.055,202,192.7275
A_k4_3od_x0.8,both,5,S0003,181.055,203,188.595
A_k4_3od_x0.8,both,5,S0003,181.055,204,182.21625
A_k4_3od_x0.8,both,5,S0003,181.055,205,193.7925
A_k4_3od_x0.8,both,6,S0018,184.34625,201,190.625
A_k4_3od_x0.8,both,6,S0018,184.34625,202,196.98875
A_k4_3od_x0.8,both,6,S0018,184.34625,203,198.29875
A_k4_3od_x0.8,both,6,S0018,184.34625,204,189.42875
A_k4_3od_x0.8,both,6,S0018,184.34625,205,196.7275
A_k4_3od_x0.8,both,7,S0014,183.64,201,195.31375
A_k4_3od_x0.8,both,7,S0014,183.64,202,190.45125
A_k4_3od_x0.8,both,7,S0014,183.64,203,197.89875
A_k4_3od_x0.8,both,7,S0014,183.64,204,195.11625
A_k4_3od_x0.8,both,7,S0014,183.64,205,192.015
A_k4_3od_x0.8,both,8,S0002,191.55,201,200.74625
A_k4_3od_x0.8,both,8,S0002,191.55,202,201.52625
A_k4_3od_x0.8,both,8,S0002,191.55,203,193.57875
A_k4_3od_x0.8,both,8,S0002,191.55,204,197.58625
A_k4_3od_x0.8,both,8,S0002,191.55,205,197.72875
A_k4_3od_x0.8,both,9,S0017,182.035,201,190.5525
A_k4_3od_x0.8,both,9,S0017,182.035,202,187.905
A_k4_3od_x0.8,both,9,S0017,182.035,203,197.07375
A_k4_3od_x0.8,both,9,S0017,182.035,204,208.29
A_k4_3od_x0.8,both,9,S0017,182.035,205,185.38625
A_k4_3od_x0.8,init,0,S0021,185.5775,201,198.52125
A_k4_3od_x0.8,init,0,S0021,185.5775,202,199.4425
A_k4_3od_x0.8,init,0,S0021,185.5775,203,202.06125
A_k4_3od_x0.8,init,0,S0021,185.5775,204,196.1375
A_k4_3od_x0.8,init,0,S0021,185.5775,205,196.3975
A_k4_3od_x0.8,init,1,S0001,187.2875,201,198.42125
A_k4_3od_x0.8,init,1,S0001,187.2875,202,195.94875
A_k4_3od_x0.8,init,1,S0001,187.2875,203,194.89
A_k4_3od_x0.8,init,1,S0001,187.2875,204,194.45
A_k4_3od_x0.8,init,1,S0001,187.2875,205,203.00125
A_k4_3od_x0.8,init,2,S0006,189.48,201,192.72
A_k4_3od_x0.8,init,2,S0006,189.48,202,189.0175
A_k4_3od_x0.8,init,2,S0006,189.48,203,187.34375
A_k4_3od_x0.8,init,2,S0006,189.48,204,192.0
A_k4_3od_x0.8,init,2,S0006,189.48,205,186.34375
A_k4_3od_x0.8,init,3,S0019,181.0325,201,184.51625
A_k4_3od_x0.8,init,3,S0019,181.0325,202,186.70875
A_k4_3od_x0.8,init,3,S0019,181.0325,203,187.54375
A_k4_3od_x0.8,init,3,S0019,181.0325,204,178.99625
A_k4_3od_x0.8,init,3,S0019,181.0325,205,192.33375
A_k4_3od_x0.8,init,4,S0009,189.34875,201,189.70375
A_k4_3od_x0.8,init,4,S0009,189.34875,202,199.46875
A_k4_3od_x0.8,init,4,S0009,189.34875,203,187.625
A_k4_3od_x0.8,init,4,S0009,189.34875,204,186.22875
A_k4_3od_x0.8,init,4,S0009,189.34875,205,203.75125
A_k4_3od_x0.8,init,5,S0012,189.695,201,195.62625
A_k4_3od_x0.8,init,5,S0012,189.695,202,203.7025
A_k4_3od_x0.8,init,5,S0012,189.695,203,193.54
A_k4_3od_x0.8,init,5,S0012,189.695,204,199.18375
A_k4_3od_x0.8,init,5,S0012,189.695,205,200.605
A_k4_3od_x0.8,init,6,S0017,182.035,201,190.5525
A_k4_3od_x0.8,init,6,S0017,182.035,202,187.905
A_k4_3od_x0.8,init,6,S0017,182.035,203,197.07375
A_k4_3od_x0.8,init,6,S0017,182.035,204,208.29
A_k4_3od_x0.8,init,6,S0017,182.035,205,185.38625
A_k4_3od_x0.8,init,7,S0011,187.7625,201,191.905
A_k4_3od_x0.8,init,7,S0011,187.7625,202,192.01375
A_k4_3od_x0.8,init,7,S0011,187.7625,203,189.06375
A_k4_3od_x0.8,init,7,S0011,187.7625,204,199.31125
A_k4_3od_x0.8,init,7,S0011,187.7625,205,197.0225
A_k4_3od_x0.8,init,8,S0006,189.48,201,192.72
A_k4_3od_x0.8,init,8,S0006,189.48,202,189.0175
A_k4_3od_x0.8,init,8,S0006,189.48,203,187.34375
A_k4_3od_x0.8,init,8,S0006,189.48,204,192.0
A_k4_3od_x0.8,init,8,S0006,189.48,205,186.34375
A_k4_3od_x0.8,init,9,S0020,184.725,201,193.43125
A_k4_3od_x0.8,init,9,S0020,184.725,202,197.07625
A_k4_3od_x0.8,init,9,S0020,184.725,203,194.02375
A_k4_3od_x0.8,init,9,S0020,184.725,204,195.115
A_k4_3od_x0.8,init,9,S0020,184.725,205,203.54875
A_k4_3od_x0.8,mutation,0,S0008,189.10375,201,199.6325
A_k4_3od_x0.8,mutation,0,S0008,189.10375,202,192.40625
A_k4_3od_x0.8,mutation,0,S0008,189.10375,203,198.4325
A_k4_3od_x0.8,mutation,0,S0008,189.10375,204,195.38125
A_k4_3od_x0.8,mutation,0,S0008,189.10375,205,196.97125
A_k4_3od_x0.8,mutation,1,S0020,184.725,201,193.43125
A_k4_3od_x0.8,mutation,1,S0020,184.725,202,197.07625
A_k4_3od_x0.8,mutation,1,S0020,184.725,203,194.02375
A_k4_3od_x0.8,mutation,1,S0020,184.725,204,195.115
A_k4_3od_x0.8,mutation,1,S0020,184.725,205,203.54875
A_k4_3od_x0.8,mutation,2,S0019,181.0325,201,184.51625
A_k4_3od_x0.8,mutation,2,S0019,181.0325,202,186.70875
A_k4_3od_x0.8,mutation,2,S0019,181.0325,203,187.54375
A_k4_3od_x0.8,mutation,2,S0019,181.0325,204,178.99625
A_k4_3od_x0.8,mutation,2,S0019,181.0325,205,192.33375
A_k4_3od_x0.8,mutation,3,S0017,182.035,201,190.5525
A_k4_3od_x0.8,mutation,3,S0017,182.035,202,187.905
A_k4_3od_x0.8,mutation,3,S0017,182.035,203,197.07375
A_k4_3od_x0.8,mutation,3,S0017,182.035,204,208.29
A_k4_3od_x0.8,mutation,3,S0017,182.035,205,185.38625
A_k4_3od_x0.8,mutation,4,S0003,181.055,201,188.25
A_k4_3od_x0.8,mutation,4,S0003,181.055,202,192.7275
A_k4_3od_x0.8,mutation,4,S0003,181.055,203,188.595
A_k4_3od_x0.8,mutation,4,S0003,181.055,204,182.21625
A_k4_3od_x0.8,mutation,4,S0003,181.055,205,193.7925
A_k4_3od_x0.8,mutation,5,S0020,184.725,201,193.43125
A_k4_3od_x0.8,mutation,5,S0020,184.725,202,197.07625
A_k4_3od_x0.8,mutation,5,S0020,184.725,203,194.02375
A_k4_3od_x0.8,mutation,5,S0020,184.725,204,195.115
A_k4_3od_x0.8,mutation,5,S0020,184.725,205,203.54875
A_k4_3od_x0.8,mutation,6,S0017,182.035,201,190.5525
A_k4_3od_x0.8,mutation,6,S0017,182.035,202,187.905
A_k4_3od_x0.8,mutation,6,S0017,182.035,203,197.07375
A_k4_3od_x0.8,mutation,6,S0017,182.035,204,208.29
A_k4_3od_x0.8,mutation,6,S0017,182.035,205,185.38625
A_k4_3od_x0.8,mutation,7,S0016,185.0225,201,189.2975
A_k4_3od_x0.8,mutation,7,S0016,185.0225,202,192.69125
A_k4_3od_x0.8,mutation,7,S0016,185.0225,203,192.655
A_k4_3od_x0.8,mutation,7,S0016,185.0225,204,185.66625
A_k4_3od_x0.8,mutation,7,S0016,185.0225,205,195.85
A_k4_3od_x0.8,mutation,8,S0019,181.0325,201,184.51625
A_k4_3od_x0.8,mutation,8,S0019,181.0325,202,186.70875
A_k4_3od_x0.8,mutation,8,S0019,181.0325,203,187.54375
A_k4_3od_x0.8,mutation,8,S0019,181.0325,204,178.99625
A_k4_3od_x0.8,mutation,8,S0019,181.0325,205,192.33375
A_k4_3od_x0.8,mutation,9,S0022,192.4125,201,197.335
A_k4_3od_x0.8,mutation,9,S0022,192.4125,202,211.05375
A_k4_3od_x0.8,mutation,9,S0022,192.4125,203,203.41625
A_k4_3od_x0.8,mutation,9,S0022,192.4125,204,194.92
A_k4_3od_x0.8,mutation,9,S0022,192.4125,205,205.5475
A_k4_3od_x0.8,none,0,S0007,187.4175,201,195.04375
A_k4_3od_x0.8,none,0,S0007,187.4175,202,201.94625
A_k4_3od_x0.8,none,0,S0007,187.4175,203,200.84
A_k4_3od_x0.8,none,0,S0007,187.4175,204,191.0175
A_k4_3od_x0.8,none,0,S0007,187.4175,205,189.7325
A_k4_3od_x0.8,none,1,S0000,190.4975,201,215.39625
A_k4_3od_x0.8,none,1,S0000,190.4975,202,203.91375
A_k4_3od_x0.8,none,1,S0000,190.4975,203,205.34125
A_k4_3od_x0.8,none,1,S0000,190.4975,204,208.75375
A_k4_3od_x0.8,none,1,S0000,190.4975,205,209.86625
A_k4_3od_x0.8,none,2,S0015,189.4425,201,197.715
A_k4_3od_x0.8,none,2,S0015,189.4425,202,185.545
A_k4_3od_x0.8,none,2,S0015,189.4425,203,183.49125
A_k4_3od_x0.8,none,2,S0015,189.4425,204,179.77
A_k4_3od_x0.8,none,2,S0015,189.4425,205,188.445
A_k4_3od_x0.8,none,3,S0010,188.32625,201,191.00625
A_k4_3od_x0.8,none,3,S0010,188.32625,202,193.355
A_k4_3od_x0.8,none,3,S0010,188.32625,203,190.79
A_k4_3od_x0.8,none,3,S0010,188.32625,204,189.2375
A_k4_3od_x0.8,none,3,S0010,188.32625,205,184.78625
A_k4_3od_x0.8,none,4,S0013,194.5025,201,199.79375
A_k4_3od_x0.8,none,4,S0013,194.5025,202,206.24875
A_k4_3od_x0.8,none,4,S0013,194.5025,203,201.69
A_k4_3od_x0.8,none,4,S0013,194.5025,204,199.03625
A_k4_3od_x0.8,none,4,S0013,194.5025,205,208.74375
A_k4_3od_x0.8,none,5,S0016,185.0225,201,189.2975
A_k4_3od_x0.8,none,5,S0016,185.0225,202,192.69125
A_k4_3od_x0.8,none,5,S0016,185.0225,203,192.655
A_k4_3od_x0.8,none,5,S0016,185.0225,204,185.66625
A_k4_3od_x0.8,none,5,S0016,185.0225,205,195.85
A_k4_3od_x0.8,none,6,S0004,190.4975,201,214.83625
A_k4_3od_x0.8,none,6,S0004,190.4975,202,203.91375
A_k4_3od_x0.8,none,6,S0004,190.4975,203,205.34125
A_k4_3od_x0.8,none,6,S0004,190.4975,204,208.75375
A_k4_3od_x0.8,none,6,S0004,190.4975,205,209.86625
A_k4_3od_x0.8,none,7,S0014,183.64,201,195.31375
A_k4_3od_x0.8,none,7,S0014,183.64,202,190.45125
A_k4_3od_x0.8,none,7,S0014,183.64,203,197.89875
A_k4_3od_x0.8,none,7,S0014,183.64,204,195.11625
A_k4_3od_x0.8,none,7,S0014,183.64,205,192.015
A_k4_3od_x0.8,none,8,S0005,190.4975,201,203.205
A_k4_3od_x0.8,none,8,S0005,190.4975,202,201.90125
A_k4_3od_x0.8,none,8,S0005,190.4975,203,208.97
A_k4_3od_x0.8,none,8,S0005,190.4975,204,206.5875
A_k4_3od_x0.8,none,8,S0005,190.4975,205,206.26625
A_k4_3od_x0.8,none,9,S0020,184.725,201,193.43125
A_k4_3od_x0.8,none,9,S0020,184.725,202,197.07625
A_k4_3od_x0.8,none,9,S0020,184.725,203,194.02375
A_k4_3od_x0.8,none,9,S0020,184.725,204,195.115
A_k4_3od_x0.8,none,9,S0020,184.725,205,203.54875
A_k4_3od_x1.0,both,0,S0010,236.189,201,256.114
A_k4_3od_x1.0,both,0,S0010,236.189,202,253.388
A_k4_3od_x1.0,both,0,S0010,236.189,203,242.797
A_k4_3od_x1.0,both,0,S0010,236.189,204,237.863
A_k4_3od_x1.0,both,0,S0010,236.189,205,247.84
A_k4_3od_x1.0,both,1,S0008,238.848,201,258.166
A_k4_3od_x1.0,both,1,S0008,238.848,202,245.768
A_k4_3od_x1.0,both,1,S0008,238.848,203,253.038
A_k4_3od_x1.0,both,1,S0008,238.848,204,242.925
A_k4_3od_x1.0,both,1,S0008,238.848,205,251.763
A_k4_3od_x1.0,both,2,S0012,237.496,201,260.223
A_k4_3od_x1.0,both,2,S0012,237.496,202,247.624
A_k4_3od_x1.0,both,2,S0012,237.496,203,249.428
A_k4_3od_x1.0,both,2,S0012,237.496,204,248.562
A_k4_3od_x1.0,both,2,S0012,237.496,205,264.95
A_k4_3od_x1.0,both,3,S0010,236.189,201,256.114
A_k4_3od_x1.0,both,3,S0010,236.189,202,253.388
A_k4_3od_x1.0,both,3,S0010,236.189,203,242.797
A_k4_3od_x1.0,both,3,S0010,236.189,204,237.863
A_k4_3od_x1.0,both,3,S0010,236.189,205,247.84
A_k4_3od_x1.0,both,4,S0016,224.053,201,232.232
A_k4_3od_x1.0,both,4,S0016,224.053,202,228.66
A_k4_3od_x1.0,both,4,S0016,224.053,203,247.158
A_k4_3od_x1.0,both,4,S0016,224.053,204,231.113
A_k4_3od_x1.0,both,4,S0016,224.053,205,231.291
A_k4_3od_x1.0,both,5,S0014,229.631,201,236.305
A_k4_3od_x1.0,both,5,S0014,229.631,202,239.005
A_k4_3od_x1.0,both,5,S0014,229.631,203,243.815
A_k4_3od_x1.0,both,5,S0014,229.631,204,241.52
A_k4_3od_x1.0,both,5,S0014,229.631,205,240.271
A_k4_3od_x1.0,both,6,S0021,247.213,201,228.451
A_k4_3od_x1.0,both,6,S0021,247.213,202,238.839
A_k4_3od_x1.0,both,6,S0021,247.213,203,229.092
A_k4_3od_x1.0,both,6,S0021,247.213,204,238.028
A_k4_3od_x1.0,both,6,S0021,247.213,205,230.516
A_k4_3od_x1.0,both,7,S0016,224.053,201,232.232
A_k4_3od_x1.0,both,7,S0016,224.053,202,228.66
A_k4_3od_x1.0,both,7,S0016,224.053,203,247.158
A_k4_3od_x1.0,both,7,S0016,224.053,204,231.113
A_k4_3od_x1.0,both,7,S0016,224.053,205,231.291
A_k4_3od_x1.0,both,8,S0020,234.812,201,234.712
A_k4_3od_x1.0,both,8,S0020,234.812,202,230.029
A_k4_3od_x1.0,both,8,S0020,234.812,203,246.385
A_k4_3od_x1.0,both,8,S0020,234.812,204,238.111
A_k4_3od_x1.0,both,8,S0020,234.812,205,232.094
A_k4_3od_x1.0,both,9,S0001,245.017,201,248.008
A_k4_3od_x1.0,both,9,S0001,245.017,202,246.182
A_k4_3od_x1.0,both,9,S0001,245.017,203,260.375
A_k4_3od_x1.0,both,9,S0001,245.017,204,253.512
A_k4_3od_x1.0,both,9,S0001,245.017,205,256.091
A_k4_3od_x1.0,init,0,S0006,223.893,201,213.267
A_k4_3od_x1.0,init,0,S0006,223.893,202,221.098
A_k4_3od_x1.0,init,0,S0006,223.893,203,235.792
A_k4_3od_x1.0,init,0,S0006,223.893,204,229.109
A_k4_3od_x1.0,init,0,S0006,223.893,205,235.35
A_k4_3od_x1.0,init,1,S0009,230.928,201,241.792
A_k4_3od_x1.0,init,1,S0009,230.928,202,224.738
A_k4_3od_x1.0,init,1,S0009,230.928,203,238.255
A_k4_3od_x1.0,init,1,S0009,230.928,204,243.019
A_k4_3od_x1.0,init,1,S0009,230.928,205,234.084
A_k4_3od_x1.0,init,2,S0022,250.921,201,267.159
A_k4_3od_x1.0,init,2,S0022,250.921,202,261.508
A_k4_3od_x1.0,init,2,S0022,250.921,203,266.449
A_k4_3od_x1.0,init,2,S0022,250.921,204,281.91
A_k4_3od_x1.0,init,2,S0022,250.921,205,247.471
A_k4_3od_x1.0,init,3,S0007,241.102,201,257.94
A_k4_3od_x1.0,init,3,S0007,241.102,202,245.028
A_k4_3od_x1.0,init,3,S0007,241.102,203,251.878
A_k4_3od_x1.0,init,3,S0007,241.102,204,277.557
A_k4_3od_x1.0,init,3,S0007,241.102,205,263.914
A_k4_3od_x1.0,init,4,S0003,250.135,201,267.885
A_k4_3od_x1.0,init,4,S0003,250.135,202,260.356
A_k4_3od_x1.0,init,4,S0003,250.135,203,261.536
A_k4_3od_x1.0,init,4,S0003,250.135,204,272.223
A_k4_3od_x1.0,init,4,S0003,250.135,205,248.897
A_k4_3od_x1.0,init,5,S0006,223.893,201,213.267
A_k4_3od_x1.0,init,5,S0006,223.893,202,221.098
A_k4_3od_x1.0,init,5,S0006,223.893,203,235.792
A_k4_3od_x1.0,init,5,S0006,223.893,204,229.109
A_k4_3od_x1.0,init,5,S0006,223.893,205,235.35
A_k4_3od_x1.0,init,6,S0005,244.083,201,266.689
A_k4_3od_x1.0,init,6,S0005,244.083,202,275.474
A_k4_3od_x1.0,init,6,S0005,244.083,203,254.307
A_k4_3od_x1.0,init,6,S0005,244.083,204,262.158
A_k4_3od_x1.0,init,6,S0005,244.083,205,255.154
A_k4_3od_x1.0,init,7,S0024,236.482,201,222.741
A_k4_3od_x1.0,init,7,S0024,236.482,202,239.839
A_k4_3od_x1.0,init,7,S0024,236.482,203,273.931
A_k4_3od_x1.0,init,7,S0024,236.482,204,242.496
A_k4_3od_x1.0,init,7,S0024,236.482,205,235.42
A_k4_3od_x1.0,init,8,S0023,234.275,201,249.872
A_k4_3od_x1.0,init,8,S0023,234.275,202,234.956
A_k4_3od_x1.0,init,8,S0023,234.275,203,240.172
A_k4_3od_x1.0,init,8,S0023,234.275,204,249.856
A_k4_3od_x1.0,init,8,S0023,234.275,205,231.254
A_k4_3od_x1.0,init,9,S0011,242.387,201,259.103
A_k4_3od_x1.0,init,9,S0011,242.387,202,259.39
A_k4_3od_x1.0,init,9,S0011,242.387,203,260.293
A_k4_3od_x1.0,init,9,S0011,242.387,204,255.865
A_k4_3od_x1.0,init,9,S0011,242.387,205,254.715
A_k4_3od_x1.0,mutation,0,S0013,233.371,201,266.406
A_k4_3od_x1.0,mutation,0,S0013,233.371,202,241.886
A_k4_3od_x1.0,mutation,0,S0013,233.371,203,248.329
A_k4_3od_x1.0,mutation,0,S0013,233.371,204,245.482
A_k4_3od_x1.0,mutation,0,S0013,233.371,205,235.719
A_k4_3od_x1.0,mutation,1,S0009,230.928,201,241.792
A_k4_3od_x1.0,mutation,1,S0009,230.928,202,224.738
A_k4_3od_x1.0,mutation,1,S0009,230.928,203,238.255
A_k4_3od_x1.0,mutation,1,S0009,230.928,204,243.019
A_k4_3od_x1.0,mutation,1,S0009,230.928,205,234.084
A_k4_3od_x1.0,mutation,2,S0009,230.928,201,241.792
A_k4_3od_x1.0,mutation,2,S0009,230.928,202,224.738
A_k4_3od_x1.0,mutation,2,S0009,230.928,203,238.255
A_k4_3od_x1.0,mutation,2,S0009,230.928,204,243.019
A_k4_3od_x1.0,mutation,2,S0009,230.928,205,234.084
A_k4_3od_x1.0,mutation,3,S0016,224.053,201,232.232
A_k4_3od_x1.0,mutation,3,S0016,224.053,202,228.66
A_k4_3od_x1.0,mutation,3,S0016,224.053,203,247.158
A_k4_3od_x1.0,mutation,3,S0016,224.053,204,231.113
A_k4_3od_x1.0,mutation,3,S0016,224.053,205,231.291
A_k4_3od_x1.0,mutation,4,S0015,240.346,201,255.101
A_k4_3od_x1.0,mutation,4,S0015,240.346,202,245.8
A_k4_3od_x1.0,mutation,4,S0015,240.346,203,240.187
A_k4_3od_x1.0,mutation,4,S0015,240.346,204,260.248
A_k4_3od_x1.0,mutation,4,S0015,240.346,205,244.853
A_k4_3od_x1.0,mutation,5,S0018,231.718,201,241.845
A_k4_3od_x1.0,mutation,5,S0018,231.718,202,247.319
A_k4_3od_x1.0,mutation,5,S0018,231.718,203,262.568
A_k4_3od_x1.0,mutation,5,S0018,231.718,204,262.242
A_k4_3od_x1.0,mutation,5,S0018,231.718,205,246.333
A_k4_3od_x1.0,mutation,6,S0010,236.189,201,256.114
A_k4_3od_x1.0,mutation,6,S0010,236.189,202,253.388
A_k4_3od_x1.0,mutation,6,S0010,236.189,203,242.797
A_k4_3od_x1.0,mutation,6,S0010,236.189,204,237.863
A_k4_3od_x1.0,mutation,6,S0010,236.189,205,247.84
A_k4_3od_x1.0,mutation,7,S0019,242.95,201,262.054
A_k4_3od_x1.0,mutation,7,S0019,242.95,202,244.021
A_k4_3od_x1.0,mutation,7,S0019,242.95,203,253.347
A_k4_3od_x1.0,mutation,7,S0019,242.95,204,245.176
A_k4_3od_x1.0,mutation,7,S0019,242.95,205,265.999
A_k4_3od_x1.0,mutation,8,S0002,242.966,201,253.797
A_k4_3od_x1.0,mutation,8,S0002,242.966,202,247.564
A_k4_3od_x1.0,mutation,8,S0002,242.966,203,254.483
A_k4_3od_x1.0,mutation,8,S0002,242.966,204,257.178
A_k4_3od_x1.0,mutation,8,S0002,242.966,205,259.508
A_k4_3od_x1.0,mutation,9,S0014,229.631,201,236.305
A_k4_3od_x1.0,mutation,9,S0014,229.631,202,239.005
A_k4_3od_x1.0,mutation,9,S0014,229.631,203,243.815
A_k4_3od_x1.0,mutation,9,S0014,229.631,204,241.52
A_k4_3od_x1.0,mutation,9,S0014,229.631,205,240.271
A_k4_3od_x1.0,none,0,S0000,241.621,201,252.549
A_k4_3od_x1.0,none,0,S0000,241.621,202,270.747
A_k4_3od_x1.0,none,0,S0000,241.621,203,267.453
A_k4_3od_x1.0,none,0,S0000,241.621,204,300.382
A_k4_3od_x1.0,none,0,S0000,241.621,205,263.463
A_k4_3od_x1.0,none,1,S0004,239.198,201,258.375
A_k4_3od_x1.0,none,1,S0004,239.198,202,245.673
A_k4_3od_x1.0,none,1,S0004,239.198,203,244.232
A_k4_3od_x1.0,none,1,S0004,239.198,204,258.712
A_k4_3od_x1.0,none,1,S0004,239.198,205,246.35
A_k4_3od_x1.0,none,2,S0017,237.158,201,265.967
A_k4_3od_x1.0,none,2,S0017,237.158,202,260.052
A_k4_3od_x1.0,none,2,S0017,237.158,203,265.127
A_k4_3od_x1.0,none,2,S0017,237.158,204,261.843
A_k4_3od_x1.0,none,2,S0017,237.158,205,262.064
A_k4_3od_x1.0,none,3,S0014,229.631,201,236.305
A_k4_3od_x1.0,none,3,S0014,229.631,202,239.005
A_k4_3od_x1.0,none,3,S0014,229.631,203,243.815
A_k4_3od_x1.0,none,3,S0014,229.631,204,241.52
A_k4_3od_x1.0,none,3,S0014,229.631,205,240.271
A_k4_3od_x1.0,none,4,S0025,231.076,201,227.124
A_k4_3od_x1.0,none,4,S0025,231.076,202,237.833
A_k4_3od_x1.0,none,4,S0025,231.076,203,238.949
A_k4_3od_x1.0,none,4,S0025,231.076,204,251.048
A_k4_3od_x1.0,none,4,S0025,231.076,205,229.46
A_k4_3od_x1.0,none,5,S0026,240.305,201,250.593
A_k4_3od_x1.0,none,5,S0026,240.305,202,249.367
A_k4_3od_x1.0,none,5,S0026,240.305,203,244.986
A_k4_3od_x1.0,none,5,S0026,240.305,204,241.935
A_k4_3od_x1.0,none,5,S0026,240.305,205,232.882
A_k4_3od_x1.0,none,6,S0028,238.339,201,251.289
A_k4_3od_x1.0,none,6,S0028,238.339,202,262.39
A_k4_3od_x1.0,none,6,S0028,238.339,203,255.09
A_k4_3od_x1.0,none,6,S0028,238.339,204,255.757
A_k4_3od_x1.0,none,6,S0028,238.339,205,239.547
A_k4_3od_x1.0,none,7,S0027,245.028,201,257.071
A_k4_3od_x1.0,none,7,S0027,245.028,202,258.732
A_k4_3od_x1.0,none,7,S0027,245.028,203,276.93
A_k4_3od_x1.0,none,7,S0027,245.028,204,243.643
A_k4_3od_x1.0,none,7,S0027,245.028,205,249.122
A_k4_3od_x1.0,none,8,S0014,229.631,201,236.305
A_k4_3od_x1.0,none,8,S0014,229.631,202,239.005
A_k4_3od_x1.0,none,8,S0014,229.631,203,243.815
A_k4_3od_x1.0,none,8,S0014,229.631,204,241.52
A_k4_3od_x1.0,none,8,S0014,229.631,205,240.271
A_k4_3od_x1.0,none,9,S0013,233.371,201,266.406
A_k4_3od_x1.0,none,9,S0013,233.371,202,241.886
A_k4_3od_x1.0,none,9,S0013,233.371,203,248.329
A_k4_3od_x1.0,none,9,S0013,233.371,204,245.482
A_k4_3od_x1.0,none,9,S0013,233.371,205,235.719
A_k4_3od_x1.2,both,0,S0022,299.43416666666667,201,313.51666666666665
A_k4_3od_x1.2,both,0,S0022,299.43416666666667,202,311.86833333333334
A_k4_3od_x1.2,both,0,S0022,299.43416666666667,203,339.30083333333334
A_k4_3od_x1.2,both,0,S0022,299.43416666666667,204,314.19666666666666
A_k4_3od_x1.2,both,0,S0022,299.43416666666667,205,288.9583333333333
A_k4_3od_x1.2,both,1,S0025,297.1525,201,333.30583333333334
A_k4_3od_x1.2,both,1,S0025,297.1525,202,320.9725
A_k4_3od_x1.2,both,1,S0025,297.1525,203,309.81083333333333
A_k4_3od_x1.2,both,1,S0025,297.1525,204,290.61083333333335
A_k4_3od_x1.2,both,1,S0025,297.1525,205,340.3525
A_k4_3od_x1.2,both,2,S0011,290.00416666666666,201,310.17333333333335
A_k4_3od_x1.2,both,2,S0011,290.00416666666666,202,307.87166666666667
A_k4_3od_x1.2,both,2,S0011,290.00416666666666,203,293.6066666666667
A_k4_3od_x1.2,both,2,S0011,290.00416666666666,204,308.8775
A_k4_3od_x1.2,both,2,S0011,290.00416666666666,205,305.28333333333336
A_k4_3od_x1.2,both,3,S0027,319.53583333333336,201,375.74833333333333
A_k4_3od_x1.2,both,3,S0027,319.53583333333336,202,339.89166666666665
A_k4_3od_x1.2,both,3,S0027,319.53583333333336,203,321.7366666666667
A_k4_3od_x1.2,both,3,S0027,319.53583333333336,204,341.7708333333333
A_k4_3od_x1.2,both,3,S0027,319.53583333333336,205,338.39166666666665
A_k4_3od_x1.2,both,4,S0014,305.1666666666667,201,315.3958333333333
A_k4_3od_x1.2,both,4,S0014,305.1666666666667,202,340.94083333333333
A_k4_3od_x1.2,both,4,S0014,305.1666666666667,203,322.29083333333335
A_k4_3od_x1.2,both,4,S0014,305.1666666666667,204,354.04833333333335
A_k4_3od_x1.2,both,4,S0014,305.1666666666667,205,310.23
A_k4_3od_x1.2,both,5,S0021,314.36333333333334,201,318.07166666666666
A_k4_3od_x1.2,both,5,S0021,314.36333333333334,202,274.93083333333334
A_k4_3od_x1.2,both,5,S0021,314.36333333333334,203,316.92833333333334
A_k4_3od_x1.2,both,5,S0021,314.36333333333334,204,321.405
A_k4_3od_x1.2,both,5,S0021,314.36333333333334,205,306.9766666666667
A_k4_3od_x1.2,both,6,S0001,317.7816666666667,201,329.7625
A_k4_3od_x1.2,both,6,S0001,317.7816666666667,202,328.4875
A_k4_3od_x1.2,both,6,S0001,317.7816666666667,203,346.9916666666667
A_k4_3od_x1.2,both,6,S0001,317.7816666666667,204,295.22833333333335
A_k4_3od_x1.2,both,6,S0001,317.7816666666667,205,324.4433333333333
A_k4_3od_x1.2,both,7,S0019,316.49333333333334,201,337.9425
A_k4_3od_x1.2,both,7,S0019,316.49333333333334,202,339.3475
A_k4_3od_x1.2,both,7,S0019,316.49333333333334,203,340.22583333333336
A_k4_3od_x1.2,both,7,S0019,316.49333333333334,204,326.11
A_k4_3od_x1.2,both,7,S0019,316.49333333333334,205,345.29
A_k4_3od_x1.2,both,8,S0018,315.73,201,328.20166666666665
A_k4_3od_x1.2,both,8,S0018,315.73,202,349.72583333333336
A_k4_3od_x1.2,both,8,S0018,315.73,203,344.605
A_k4_3od_x1.2,both,8,S0018,315.73,204,312.66333333333336
A_k4_3od_x1.2,both,8,S0018,315.73,205,359.0808333333333
A_k4_3od_x1.2,both,9,S0023,295.2025,201,343.795
A_k4_3od_x1.2,both,9,S0023,295.2025,202,309.16083333333336
A_k4_3od_x1.2,both,9,S0023,295.2025,203,318.50333333333333
A_k4_3od_x1.2,both,9,S0023,295.2025,204,306.06166666666667
A_k4_3od_x1.2,both,9,S0023,295.2025,205,312.775
A_k4_3od_x1.2,init,0,S0002,299.8425,201,296.67333333333335
A_k4_3od_x1.2,init,0,S0002,299.8425,202,325.56
A_k4_3od_x1.2,init,0,S0002,299.8425,203,313.09
A_k4_3od_x1.2,init,0,S0002,299.8425,204,327.0466666666667
A_k4_3od_x1.2,init,0,S0002,299.8425,205,285.41
A_k4_3od_x1.2,init,1,S0005,300.69,201,360.1933333333333
A_k4_3od_x1.2,init,1,S0005,300.69,202,344.34833333333336
A_k4_3od_x1.2,init,1,S0005,300.69,203,373.69916666666666
A_k4_3od_x1.2,init,1,S0005,300.69,204,317.825
A_k4_3od_x1.2,init,1,S0005,300.69,205,319.09583333333336
A_k4_3od_x1.2,init,2,S0023,295.2025,201,343.795
A_k4_3od_x1.2,init,2,S0023,295.2025,202,309.16083333333336
A_k4_3od_x1.2,init,2,S0023,295.2025,203,318.50333333333333
A_k4_3od_x1.2,init,2,S0023,295.2025,204,306.06166666666667
A_k4_3od_x1.2,init,2,S0023,295.2025,205,312.775
A_k4_3od_x1.2,init,3,S0007,317.1725,201,333.5875
A_k4_3od_x1.2,init,3,S0007,317.1725,202,362.935
A_k4_3od_x1.2,init,3,S0007,317.1725,203,339.1625
A_k4_3od_x1.2,init,3,S0007,317.1725,204,378.51666666666665
A_k4_3od_x1.2,init,3,S0007,317.1725,205,315.615
A_k4_3od_x1.2,init,4,S0013,305.7625,201,334.63416666666666
A_k4_3od_x1.2,init,4,S0013,305.7625,202,319.8525
A_k4_3od_x1.2,init,4,S0013,305.7625,203,338.3491666666667
A_k4_3od_x1.2,init,4,S0013,305.7625,204,321.905
A_k4_3od_x1.2,init,4,S0013,305.7625,205,324.985
A_k4_3od_x1.2,init,5,S0014,305.1666666666667,201,315.3958333333333
A_k4_3od_x1.2,init,5,S0014,305.1666666666667,202,340.94083333333333
A_k4_3od_x1.2,init,5,S0014,305.1666666666667,203,322.29083333333335
A_k4_3od_x1.2,init,5,S0014,305.1666666666667,204,354.04833333333335
A_k4_3od_x1.2,init,5,S0014,305.1666666666667,205,310.23
A_k4_3od_x1.2,init,6,S0026,300.4433333333333,201,334.14
A_k4_3od_x1.2,init,6,S0026,300.4433333333333,202,331.5783333333333
A_k4_3od_x1.2,init,6,S0026,300.4433333333333,203,335.37
A_k4_3od_x1.2,init,6,S0026,300.4433333333333,204,332.7675
A_k4_3od_x1.2,init,6,S0026,300.4433333333333,205,326.5316666666667
A_k4_3od_x1.2,init,7,S0015,306.03,201,324.3375
A_k4_3od_x1.2,init,7,S0015,306.03,202,345.1383333333333
A_k4_3od_x1.2,init,7,S0015,306.03,203,349.30583333333334
A_k4_3od_x1.2,init,7,S0015,306.03,204,329.4683333333333
A_k4_3od_x1.2,init,7,S0015,306.03,205,319.1625
A_k4_3od_x1.2,init,8,S0028,323.9658333333333,201,373.325
A_k4_3od_x1.2,init,8,S0028,323.9658333333333,202,343.3833333333333
A_k4_3od_x1.2,init,8,S0028,323.9658333333333,203,339.0833333333333
A_k4_3od_x1.2,init,8,S0028,323.9658333333333,204,323.4375
A_k4_3od_x1.2,init,8,S0028,323.9658333333333,205,344.66
A_k4_3od_x1.2,init,9,S0017,308.61833333333334,201,338.7366666666667
A_k4_3od_x1.2,init,9,S0017,308.61833333333334,202,343.38166666666666
A_k4_3od_x1.2,init,9,S0017,308.61833333333334,203,330.5325
A_k4_3od_x1.2,init,9,S0017,308.61833333333334,204,320.9775
A_k4_3od_x1.2,init,9,S0017,308.61833333333334,205,312.0975
A_k4_3od_x1.2,mutation,0,S0008,315.00916666666666,201,306.305
A_k4_3od_x1.2,mutation,0,S0008,315.00916666666666,202,316.67333333333335
A_k4_3od_x1.2,mutation,0,S0008,315.00916666666666,203,311.6191666666667
A_k4_3od_x1.2,mutation,0,S0008,315.00916666666666,204,316.9483333333333
A_k4_3od_x1.2,mutation,0,S0008,315.00916666666666,205,289.885
A_k4_3od_x1.2,mutation,1,S0014,305.1666666666667,201,315.3958333333333
A_k4_3od_x1.2,mutation,1,S0014,305.1666666666667,202,340.94083333333333
A_k4_3od_x1.2,mutation,1,S0014,305.1666666666667,203,322.29083333333335
A_k4_3od_x1.2,mutation,1,S0014,305.1666666666667,204,354.04833333333335
A_k4_3od_x1.2,mutation,1,S0014,305.1666666666667,205,310.23
A_k4_3od_x1.2,mutation,2,S0024,296.7075,201,315.6983333333333
A_k4_3od_x1.2,mutation,2,S0024,296.7075,202,303.8408333333333
A_k4_3od_x1.2,mutation,2,S0024,296.7075,203,309.85
A_k4_3od_x1.2,mutation,2,S0024,296.7075,204,300.80833333333334
A_k4_3od_x1.2,mutation,2,S0024,296.7075,205,300.45916666666665
A_k4_3od_x1.2,mutation,3,S0020,293.535,201,334.11583333333334
A_k4_3od_x1.2,mutation,3,S0020,293.535,202,319.61083333333335
A_k4_3od_x1.2,mutation,3,S0020,293.535,203,340.8383333333333
A_k4_3od_x1.2,mutation,3,S0020,293.535,204,337.5075
A_k4_3od_x1.2,mutation,3,S0020,293.535,205,321.19666666666666
A_k4_3od_x1.2,mutation,4,S0012,303.1533333333333,201,372.2266666666667
A_k4_3od_x1.2,mutation,4,S0012,303.1533333333333,202,309.4291666666667
A_k4_3od_x1.2,mutation,4,S0012,303.1533333333333,203,318.42583333333334
A_k4_3od_x1.2,mutation,4,S0012,303.1533333333333,204,319.95
A_k4_3od_x1.2,mutation,4,S0012,303.1533333333333,205,317.39416666666665
A_k4_3od_x1.2,mutation,5,S0016,294.6975,201,357.4241666666667
A_k4_3od_x1.2,mutation,5,S0016,294.6975,202,351.175
A_k4_3od_x1.2,mutation,5,S0016,294.6975,203,343.0391666666667
A_k4_3od_x1.2,mutation,5,S0016,294.6975,204,338.9941666666667
A_k4_3od_x1.2,mutation,5,S0016,294.6975,205,353.32416666666666
A_k4_3od_x1.2,mutation,6,S0029,317.0433333333333,201,362.3016666666667
A_k4_3od_x1.2,mutation,6,S0029,317.0433333333333,202,384.22583333333336
A_k4_3od_x1.2,mutation,6,S0029,317.0433333333333,203,381.3125
A_k4_3od_x1.2,mutation,6,S0029,317.0433333333333,204,327.0933333333333
A_k4_3od_x1.2,mutation,6,S0029,317.0433333333333,205,334.525
A_k4_3od_x1.2,mutation,7,S0003,306.48583333333335,201,357.3441666666667
A_k4_3od_x1.2,mutation,7,S0003,306.48583333333335,202,349.7375
A_k4_3od_x1.2,mutation,7,S0003,306.48583333333335,203,329.55583333333334
A_k4_3od_x1.2,mutation,7,S0003,306.48583333333335,204,361.78333333333336
A_k4_3od_x1.2,mutation,7,S0003,306.48583333333335,205,340.53833333333336
A_k4_3od_x1.2,mutation,8,S0000,302.95166666666665,201,341.05833333333334
A_k4_3od_x1.2,mutation,8,S0000,302.95166666666665,202,313.9841666666667
A_k4_3od_x1.2,mutation,8,S0000,302.95166666666665,203,337.7725
A_k4_3od_x1.2,mutation,8,S0000,302.95166666666665,204,304.08416666666665
A_k4_3od_x1.2,mutation,8,S0000,302.95166666666665,205,319.7841666666667
A_k4_3od_x1.2,mutation,9,S0024,296.7075,201,315.6983333333333
A_k4_3od_x1.2,mutation,9,S0024,296.7075,202,303.8408333333333
A_k4_3od_x1.2,mutation,9,S0024,296.7075,203,309.85
A_k4_3od_x1.2,mutation,9,S0024,296.7075,204,300.80833333333334
A_k4_3od_x1.2,mutation,9,S0024,296.7075,205,300.45916666666665
A_k4_3od_x1.2,none,0,S0009,304.525,201,339.89166666666665
A_k4_3od_x1.2,none,0,S0009,304.525,202,375.01
A_k4_3od_x1.2,none,0,S0009,304.525,203,352.2525
A_k4_3od_x1.2,none,0,S0009,304.525,204,390.20916666666665
A_k4_3od_x1.2,none,0,S0009,304.525,205,337.0516666666667
A_k4_3od_x1.2,none,1,S0010,315.69916666666666,201,337.89166666666665
A_k4_3od_x1.2,none,1,S0010,315.69916666666666,202,346.31166666666667
A_k4_3od_x1.2,none,1,S0010,315.69916666666666,203,327.73083333333335
A_k4_3od_x1.2,none,1,S0010,315.69916666666666,204,326.99083333333334
A_k4_3od_x1.2,none,1,S0010,315.69916666666666,205,330.7225
A_k4_3od_x1.2,none,2,S0006,317.52666666666664,201,344.9275
A_k4_3od_x1.2,none,2,S0006,317.52666666666664,202,334.0083333333333
A_k4_3od_x1.2,none,2,S0006,317.52666666666664,203,345.31416666666667
A_k4_3od_x1.2,none,2,S0006,317.52666666666664,204,319.40416666666664
A_k4_3od_x1.2,none,2,S0006,317.52666666666664,205,358.66333333333336
A_k4_3od_x1.2,none,3,S0023,295.2025,201,343.795
A_k4_3od_x1.2,none,3,S0023,295.2025,202,309.16083333333336
A_k4_3od_x1.2,none,3,S0023,295.2025,203,318.50333333333333
A_k4_3od_x1.2,none,3,S0023,295.2025,204,306.06166666666667
A_k4_3od_x1.2,none,3,S0023,295.2025,205,312.775
A_k4_3od_x1.2,none,4,S0023,295.2025,201,343.795
A_k4_3od_x1.2,none,4,S0023,295.2025,202,309.16083333333336
A_k4_3od_x1.2,none,4,S0023,295.2025,203,318.50333333333333
A_k4_3od_x1.2,none,4,S0023,295.2025,204,306.06166666666667
A_k4_3od_x1.2,none,4,S0023,295.2025,205,312.775
A_k4_3od_x1.2,none,5,S0015,306.03,201,324.3375
A_k4_3od_x1.2,none,5,S0015,306.03,202,345.1383333333333
A_k4_3od_x1.2,none,5,S0015,306.03,203,349.30583333333334
A_k4_3od_x1.2,none,5,S0015,306.03,204,329.4683333333333
A_k4_3od_x1.2,none,5,S0015,306.03,205,319.1625
A_k4_3od_x1.2,none,6,S0025,297.1525,201,333.30583333333334
A_k4_3od_x1.2,none,6,S0025,297.1525,202,320.9725
A_k4_3od_x1.2,none,6,S0025,297.1525,203,309.81083333333333
A_k4_3od_x1.2,none,6,S0025,297.1525,204,290.61083333333335
A_k4_3od_x1.2,none,6,S0025,297.1525,205,340.3525
A_k4_3od_x1.2,none,7,S0026,300.4433333333333,201,334.14
A_k4_3od_x1.2,none,7,S0026,300.4433333333333,202,331.5783333333333
A_k4_3od_x1.2,none,7,S0026,300.4433333333333,203,335.37
A_k4_3od_x1.2,none,7,S0026,300.4433333333333,204,332.7675
A_k4_3od_x1.2,none,7,S0026,300.4433333333333,205,326.5316666666667
A_k4_3od_x1.2,none,8,S0004,312.1375,201,328.08
A_k4_3od_x1.2,none,8,S0004,312.1375,202,313.6016666666667
A_k4_3od_x1.2,none,8,S0004,312.1375,203,353.3025
A_k4_3od_x1.2,none,8,S0004,312.1375,204,318.93083333333334
A_k4_3od_x1.2,none,8,S0004,312.1375,205,334.24333333333334
A_k4_3od_x1.2,none,9,S0006,317.52666666666664,201,344.9275
A_k4_3od_x1.2,none,9,S0006,317.52666666666664,202,334.0083333333333
A_k4_3od_x1.2,none,9,S0006,317.52666666666664,203,345.31416666666667
A_k4_3od_x1.2,none,9,S0006,317.52666666666664,204,319.40416666666664
A_k4_3od_x1.2,none,9,S0006,317.52666666666664,205,358.66333333333336
