instance_id,sol_id,sumo_seed,att
A_k4_3od_x1.0,S000,202,221.098
A_k4_3od_x1.0,S000,204,229.109
A_k4_3od_x1.0,S000,201,213.267
A_k4_3od_x1.0,S000,203,235.792
A_k4_3od_x1.0,S000,205,235.35
A_k4_3od_x1.0,S001,203,255.835
A_k4_3od_x1.0,S001,201,265.499
A_k4_3od_x1.0,S001,202,272.172
A_k4_3od_x1.0,S002,202,228.66
A_k4_3od_x1.0,S002,201,232.232
A_k4_3od_x1.0,S001,205,267.369
A_k4_3od_x1.0,S002,203,247.158
A_k4_3od_x1.0,S002,204,231.113
A_k4_3od_x1.0,S002,205,231.291
A_k4_3od_x1.0,S001,204,252.177
A_k4_3od_x1.0,S003,201,236.305
A_k4_3od_x1.0,S003,204,241.52
A_k4_3od_x1.0,S003,203,243.815
A_k4_3od_x1.0,S003,205,240.271
A_k4_3od_x1.0,S004,201,224.89
A_k4_3od_x1.0,S003,202,239.005
A_k4_3od_x1.0,S004,202,232.999
A_k4_3od_x1.0,S004,203,239.61
A_k4_3od_x1.0,S004,204,241.817
A_k4_3od_x1.0,S004,205,232.262
A_k4_3od_x1.0,S005,202,234.956
A_k4_3od_x1.0,S005,201,249.872
A_k4_3od_x1.0,S005,204,249.856
A_k4_3od_x1.0,S005,205,231.254
A_k4_3od_x1.0,S005,203,240.172
A_k4_3od_x1.0,S006,201,245.03
A_k4_3od_x1.0,S006,202,232.875
A_k4_3od_x1.0,S006,203,231.425
A_k4_3od_x1.0,S006,204,233.616
A_k4_3od_x1.0,S007,202,247.319
A_k4_3od_x1.0,S006,205,248.788
A_k4_3od_x1.0,S007,205,246.333
A_k4_3od_x1.0,S007,203,262.568
A_k4_3od_x1.0,S007,201,241.845
A_k4_3od_x1.0,S007,204,262.242
A_k4_3od_x1.0,S008,201,232.232
A_k4_3od_x1.0,S008,202,228.66
A_k4_3od_x1.0,S008,204,231.113
A_k4_3od_x1.0,S008,203,247.158
A_k4_3od_x1.0,S008,205,231.291
A_k4_3od_x1.0,S009,201,263.03
A_k4_3od_x1.0,S009,202,255.413
A_k4_3od_x1.0,S009,203,250.647
A_k4_3od_x1.0,S009,205,262.753
A_k4_3od_x1.0,S010,201,255.26
A_k4_3od_x1.0,S009,204,273.769
A_k4_3od_x1.0,S010,202,253.115
A_k4_3od_x1.0,S010,203,247.755
A_k4_3od_x1.0,S010,204,243.281
A_k4_3od_x1.0,S010,205,260.46
A_k4_3od_x1.0,S011,201,223.147
A_k4_3od_x1.0,S011,202,254.959
A_k4_3od_x1.0,S011,204,234.967
A_k4_3od_x1.0,S011,205,231.459
A_k4_3od_x1.0,S011,203,266.661
A_k4_3od_x1.0,S012,201,242.0
A_k4_3od_x1.0,S012,202,225.634
A_k4_3od_x1.0,S012,204,236.772
A_k4_3od_x1.0,S012,203,228.115
A_k4_3od_x1.0,S012,205,221.827
A_k4_3od_x1.0,S013,202,248.391
A_k4_3od_x1.0,S013,201,248.777
A_k4_3od_x1.0,S013,203,239.056
A_k4_3od_x1.0,S013,205,247.924
A_k4_3od_x1.0,S013,204,256.912
A_k4_3od_x1.0,S014,201,224.89
A_k4_3od_x1.0,S014,202,242.688
A_k4_3od_x1.0,S014,203,244.789
A_k4_3od_x1.0,S014,204,235.921
A_k4_3od_x1.0,S014,205,232.95
A_k4_3od_x1.0,S015,201,294.035
A_k4_3od_x1.0,S015,203,279.877
A_k4_3od_x1.0,S015,204,289.493
A_k4_3od_x1.0,S015,205,302.419
A_k4_3od_x1.0,S015,202,314.763
B_k9_3od_x1.0,S000,203,514.7235
B_k9_3od_x1.0,S000,201,526.489
B_k9_3od_x1.0,S001,203,503.8205
B_k9_3od_x1.0,S000,204,521.2185
B_k9_3od_x1.0,S001,201,500.1315
B_k9_3od_x1.0,S001,202,529.197
B_k9_3od_x1.0,S000,205,518.298
B_k9_3od_x1.0,S000,202,588.523
B_k9_3od_x1.0,S001,204,514.2755
B_k9_3od_x1.0,S001,205,501.387
B_k9_3od_x1.0,S002,203,505.5165
B_k9_3od_x1.0,S002,201,543.9755
B_k9_3od_x1.0,S002,205,515.0595
B_k9_3od_x1.0,S002,202,552.242
B_k9_3od_x1.0,S002,204,518.7295
B_k9_3od_x1.0,S003,201,534.5565
B_k9_3od_x1.0,S003,203,513.7715
B_k9_3od_x1.0,S003,202,549.5975
B_k9_3od_x1.0,S003,204,512.571
B_k9_3od_x1.0,S003,205,523.4365
B_k9_3od_x1.0,S004,203,516.903
B_k9_3od_x1.0,S004,201,526.489
B_k9_3od_x1.0,S004,202,529.3585
B_k9_3od_x1.0,S004,204,521.3565
B_k9_3od_x1.0,S004,205,516.7225
B_k9_3od_x1.0,S005,203,502.518
B_k9_3od_x1.0,S005,201,526.9695
B_k9_3od_x1.0,S005,202,535.578
B_k9_3od_x1.0,S005,204,518.46
B_k9_3od_x1.0,S005,205,515.841
B_k9_3od_x1.0,S006,201,504.8415
B_k9_3od_x1.0,S006,202,569.9865
B_k9_3od_x1.0,S006,203,501.6515
B_k9_3od_x1.0,S006,204,493.254
B_k9_3od_x1.0,S006,205,508.3975
B_k9_3od_x1.0,S007,202,519.717
B_k9_3od_x1.0,S007,203,508.9585
B_k9_3od_x1.0,S007,201,534.1475
B_k9_3od_x1.0,S007,204,522.4625
B_k9_3od_x1.0,S007,205,534.0655
B_k9_3od_x1.0,S008,201,522.9275
B_k9_3od_x1.0,S008,202,553.714
B_k9_3od_x1.0,S008,203,517.04
B_k9_3od_x1.0,S008,205,524.0525
B_k9_3od_x1.0,S008,204,533.346
B_k9_3od_x1.0,S009,201,523.182
B_k9_3od_x1.0,S009,202,511.6005
B_k9_3od_x1.0,S009,203,517.4305
B_k9_3od_x1.0,S009,204,514.2935
B_k9_3od_x1.0,S009,205,506.087
B_k9_3od_x1.0,S010,201,482.1135
B_k9_3od_x1.0,S010,204,481.962
B_k9_3od_x1.0,S010,202,508.142
B_k9_3od_x1.0,S010,203,509.798
B_k9_3od_x1.0,S010,205,493.3615
B_k9_3od_x1.0,S011,201,522.341
B_k9_3od_x1.0,S011,202,491.475
B_k9_3od_x1.0,S011,204,469.745
B_k9_3od_x1.0,S011,203,488.5835
B_k9_3od_x1.0,S011,205,500.1095
B_k9_3od_x1.0,S012,201,535.278
B_k9_3od_x1.0,S012,203,518.7645
B_k9_3od_x1.0,S012,202,573.9655
B_k9_3od_x1.0,S012,204,519.5705
B_k9_3od_x1.0,S012,205,542.125
B_k9_3od_x1.0,S013,203,492.5345
B_k9_3od_x1.0,S013,201,527.9735
B_k9_3od_x1.0,S013,202,520.5685
B_k9_3od_x1.0,S013,204,507.5945
B_k9_3od_x1.0,S013,205,528.8295
B_k9_3od_x1.0,S014,201,524.371
B_k9_3od_x1.0,S014,202,524.915
B_k9_3od_x1.0,S014,203,514.869
B_k9_3od_x1.0,S014,205,521.351
B_k9_3od_x1.0,S014,204,511.859
B_k9_3od_x1.0,S015,201,492.271
B_k9_3od_x1.0,S015,202,524.993
B_k9_3od_x1.0,S015,203,492.5625
B_k9_3od_x1.0,S015,204,507.531
B_k9_3od_x1.0,S016,203,481.359
B_k9_3od_x1.0,S016,204,479.816
B_k9_3od_x1.0,S016,202,505.546
B_k9_3od_x1.0,S016,201,514.7955
B_k9_3od_x1.0,S015,205,555.36
B_k9_3od_x1.0,S016,205,495.8655
B_k9_3od_x1.0,S017,201,511.314
B_k9_3od_x1.0,S017,202,514.021
B_k9_3od_x1.0,S017,203,513.702
B_k9_3od_x1.0,S017,204,518.9165
B_k9_3od_x1.0,S018,201,522.164
B_k9_3od_x1.0,S018,202,536.3815
B_k9_3od_x1.0,S017,205,518.455
B_k9_3od_x1.0,S018,203,517.5575
B_k9_3od_x1.0,S018,204,523.7895
B_k9_3od_x1.0,S018,205,526.4395
B_k9_3od_x1.0,S019,202,501.493
B_k9_3od_x1.0,S019,201,522.6885
B_k9_3od_x1.0,S019,204,492.1755
B_k9_3od_x1.0,S019,203,499.5355
B_k9_3od_x1.0,S019,205,492.2865
B_k9_3od_x1.0,S020,201,509.438
B_k9_3od_x1.0,S020,202,516.0535
B_k9_3od_x1.0,S020,203,504.4
B_k9_3od_x1.0,S020,205,513.3755
B_k9_3od_x1.0,S020,204,511.237
B_k9_3od_x1.0,S021,203,505.704
B_k9_3od_x1.0,S021,201,541.0645
B_k9_3od_x1.0,S021,202,556.1945
B_k9_3od_x1.0,S021,204,528.8025
B_k9_3od_x1.0,S021,205,533.815
B_k9_3od_x1.0,S022,201,498.1965
B_k9_3od_x1.0,S022,202,509.611
B_k9_3od_x1.0,S022,203,506.2855
B_k9_3od_x1.0,S022,204,506.832
B_k9_3od_x1.0,S022,205,480.1995
B_k9_3od_x1.0,S023,201,506.4325
B_k9_3od_x1.0,S023,203,497.402
B_k9_3od_x1.0,S023,202,547.7225
B_k9_3od_x1.0,S023,204,507.389
B_k9_3od_x1.0,S023,205,492.396
B_k9_3od_x1.0,S024,201,518.7945
B_k9_3od_x1.0,S024,202,524.9535
B_k9_3od_x1.0,S024,203,532.0565
B_k9_3od_x1.0,S024,204,536.0855
B_k9_3od_x1.0,S024,205,521.3
B_k9_3od_x1.0,S025,201,518.264
B_k9_3od_x1.0,S025,202,530.2095
B_k9_3od_x1.0,S025,203,495.26
B_k9_3od_x1.0,S025,204,521.022
B_k9_3od_x1.0,S025,205,501.5555
B_k9_3od_x1.0,S026,201,508.0135
B_k9_3od_x1.0,S026,202,537.98
B_k9_3od_x1.0,S026,203,518.795
B_k9_3od_x1.0,S026,205,517.729
B_k9_3od_x1.0,S026,204,524.761
B_k9_3od_x1.0,S027,201,506.0515
B_k9_3od_x1.0,S027,202,494.582
B_k9_3od_x1.0,S027,203,503.3795
B_k9_3od_x1.0,S027,204,506.43
B_k9_3od_x1.0,S027,205,483.287
B_k9_3od_x1.0,S028,201,499.9285
B_k9_3od_x1.0,S028,203,499.336
B_k9_3od_x1.0,S028,202,507.291
B_k9_3od_x1.0,S028,204,516.7385
B_k9_3od_x1.0,S028,205,488.476
B_k9_3od_x1.0,S029,201,522.9695
B_k9_3od_x1.0,S029,202,531.0265
B_k9_3od_x1.0,S030,201,481.868
B_k9_3od_x1.0,S029,203,554.57
B_k9_3od_x1.0,S029,205,531.2285
B_k9_3od_x1.0,S029,204,541.369
B_k9_3od_x1.0,S030,203,464.5795
B_k9_3od_x1.0,S030,202,502.721
B_k9_3od_x1.0,S030,204,493.339
B_k9_3od_x1.0,S030,205,478.374
B_k9_3od_x1.0,S031,201,478.972
B_k9_3od_x1.0,S031,202,488.7015
B_k9_3od_x1.0,S031,203,479.888
B_k9_3od_x1.0,S031,204,487.6525
B_k9_3od_x1.0,S031,205,493.434
B_k9_3od_x1.0,S032,201,515.2475
B_k9_3od_x1.0,S032,202,508.6615
B_k9_3od_x1.0,S032,203,507.583
B_k9_3od_x1.0,S032,204,512.4365
B_k9_3od_x1.0,S032,205,486.2565
B_k9_3od_x1.0,S033,201,507.0345
B_k9_3od_x1.0,S033,202,503.705
B_k9_3od_x1.0,S033,203,504.8325
B_k9_3od_x1.0,S033,204,483.1745
B_k9_3od_x1.0,S033,205,484.122
B_k9_3od_x1.0,S034,201,515.438
B_k9_3od_x1.0,S034,202,480.641
B_k9_3od_x1.0,S034,203,502.8015
B_k9_3od_x1.0,S034,204,497.765
B_k9_3od_x1.0,S034,205,493.8605
B_k9_3od_x1.0,S035,201,490.4005
B_k9_3od_x1.0,S035,202,494.02
B_k9_3od_x1.0,S035,203,500.9065
B_k9_3od_x1.0,S035,204,491.4745
B_k9_3od_x1.0,S035,205,482.621
B_k9_3od_x1.0,S036,201,472.187
B_k9_3od_x1.0,S036,202,464.7605
B_k9_3od_x1.0,S036,203,472.1605
B_k9_3od_x1.0,S036,205,480.8335
B_k9_3od_x1.0,S036,204,502.316
B_k9_3od_x1.0,S037,201,481.775
B_k9_3od_x1.0,S037,202,486.011
B_k9_3od_x1.0,S037,203,476.208
B_k9_3od_x1.0,S037,204,492.858
B_k9_3od_x1.0,S037,205,491.02
B_k9_3od_x1.0,S038,201,484.05
B_k9_3od_x1.0,S038,203,465.2145
B_k9_3od_x1.0,S038,202,527.903
B_k9_3od_x1.0,S038,204,483.272
B_k9_3od_x1.0,S038,205,472.7085
B_k9_3od_x1.0,S039,201,508.8045
B_k9_3od_x1.0,S039,202,501.4885
B_k9_3od_x1.0,S039,204,512.8485
B_k9_3od_x1.0,S039,203,506.2495
B_k9_3od_x1.0,S039,205,496.09
B_k9_3od_x1.0,S040,201,520.57
B_k9_3od_x1.0,S040,202,544.666
B_k9_3od_x1.0,S040,203,518.6815
B_k9_3od_x1.0,S040,205,517.6515
B_k9_3od_x1.0,S040,204,543.36
J_k9_6od_x1.0,S000,202,364.77666666666664
J_k9_6od_x1.0,S000,201,386.28866666666664
J_k9_6od_x1.0,S000,203,391.512
J_k9_6od_x1.0,S001,201,347.38
J_k9_6od_x1.0,S000,204,392.64666666666665
J_k9_6od_x1.0,S001,202,347.60133333333334
J_k9_6od_x1.0,S000,205,367.2873333333333
J_k9_6od_x1.0,S001,203,374.89866666666666
J_k9_6od_x1.0,S001,204,361.94866666666667
J_k9_6od_x1.0,S001,205,343.8233333333333
J_k9_6od_x1.0,S002,201,352.71
J_k9_6od_x1.0,S002,203,349.498
J_k9_6od_x1.0,S002,202,360.53333333333336
J_k9_6od_x1.0,S002,205,348.0806666666667
J_k9_6od_x1.0,S002,204,365.33
J_k9_6od_x1.0,S003,201,374.3553333333333
J_k9_6od_x1.0,S003,202,358.7486666666667
J_k9_6od_x1.0,S003,203,383.506
J_k9_6od_x1.0,S003,205,356.23133333333334
J_k9_6od_x1.0,S003,204,375.114
J_k9_6od_x1.0,S004,201,357.44466666666665
J_k9_6od_x1.0,S004,203,355.3826666666667
J_k9_6od_x1.0,S004,204,351.34066666666666
J_k9_6od_x1.0,S004,202,434.672
J_k9_6od_x1.0,S004,205,350.616
J_k9_6od_x1.0,S005,201,354.74466666666666
J_k9_6od_x1.0,S005,203,370.596
J_k9_6od_x1.0,S005,202,403.6693333333333
J_k9_6od_x1.0,S005,204,380.4626666666667
J_k9_6od_x1.0,S005,205,374.98533333333336
J_k9_6od_x1.0,S006,201,387.14933333333335
J_k9_6od_x1.0,S006,202,356.93333333333334
J_k9_6od_x1.0,S006,203,366.8433333333333
J_k9_6od_x1.0,S006,204,361.9653333333333
J_k9_6od_x1.0,S007,201,352.47133333333335
J_k9_6od_x1.0,S007,202,355.8426666666667
J_k9_6od_x1.0,S006,205,356.02866666666665
J_k9_6od_x1.0,S007,203,368.7873333333333
J_k9_6od_x1.0,S007,205,357.54133333333334
J_k9_6od_x1.0,S007,204,356.3813333333333
J_k9_6od_x1.0,S008,202,346.958
J_k9_6od_x1.0,S008,201,382.58933333333334
J_k9_6od_x1.0,S008,204,360.808
J_k9_6od_x1.0,S008,205,355.05533333333335
J_k9_6od_x1.0,S008,203,388.8786666666667
J_k9_6od_x1.0,S009,201,367.80466666666666
J_k9_6od_x1.0,S009,203,363.6553333333333
J_k9_6od_x1.0,S009,202,366.29133333333334
J_k9_6od_x1.0,S009,204,372.63
J_k9_6od_x1.0,S009,205,369.31333333333333
J_k9_6od_x1.0,S011,201,463.8593333333333
J_k9_6od_x1.0,S010,201,514.844
J_k9_6od_x1.0,S010,202,522.246
J_k9_6od_x1.0,S010,203,514.6106666666667
J_k9_6od_x1.0,S010,204,484.52666666666664
J_k9_6od_x1.0,S010,205,467.46733333333333
J_k9_6od_x1.0,S011,202,377.782
J_k9_6od_x1.0,S011,203,471.3786666666667
J_k9_6od_x1.0,S011,205,410.776
J_k9_6od_x1.0,S012,201,389.1566666666667
J_k9_6od_x1.0,S012,202,389.31533333333334
J_k9_6od_x1.0,S012,204,377.832
J_k9_6od_x1.0,S011,204,498.4766666666667
J_k9_6od_x1.0,S012,203,477.58666666666664
J_k9_6od_x1.0,S012,205,427.916
J_k9_6od_x1.0,S013,201,340.89733333333334
J_k9_6od_x1.0,S013,202,340.596
J_k9_6od_x1.0,S013,203,343.7366666666667
J_k9_6od_x1.0,S013,204,343.4513333333333
J_k9_6od_x1.0,S013,205,342.264
J_k9_6od_x1.0,S014,201,432.812
J_k9_6od_x1.0,S014,202,466.58733333333333
J_k9_6od_x1.0,S014,204,422.3566666666667
J_k9_6od_x1.0,S014,203,454.36
J_k9_6od_x1.0,S015,201,391.402
J_k9_6od_x1.0,S015,202,378.11066666666665
J_k9_6od_x1.0,S015,203,386.67533333333336
J_k9_6od_x1.0,S014,205,447.47133333333335
J_k9_6od_x1.0,S015,204,369.674
J_k9_6od_x1.0,S015,205,376.1533333333333
J_k9_6od_x1.0,S016,201,590.6586666666667
J_k9_6od_x1.0,S016,202,602.7866666666666
J_k9_6od_x1.0,S016,203,592.9346666666667
J_k9_6od_x1.0,S016,204,608.3893333333333
J_k9_6od_x1.0,S017,201,611.6413333333334
J_k9_6od_x1.0,S016,205,637.9786666666666
J_k9_6od_x1.0,S017,202,617.8486666666666
J_k9_6od_x1.0,S017,203,646.2253333333333
J_k9_6od_x1.0,S017,204,637.89
J_k9_6od_x1.0,S017,205,628.9133333333333
J_k9_6od_x1.0,S018,201,616.5593333333334
J_k9_6od_x1.0,S019,201,374.73266666666666
J_k9_6od_x1.0,S018,202,634.232
J_k9_6od_x1.0,S018,203,623.5053333333333
J_k9_6od_x1.0,S018,204,654.846
J_k9_6od_x1.0,S018,205,646.0973333333334
J_k9_6od_x1.0,S019,203,378.62266666666665
J_k9_6od_x1.0,S019,202,386.8713333333333
J_k9_6od_x1.0,S019,204,373.79333333333335
J_k9_6od_x1.0,S019,205,372.1433333333333
J_k9_6od_x1.0,S020,202,560.9273333333333
J_k9_6od_x1.0,S020,201,608.3733333333333
J_k9_6od_x1.0,S020,203,613.7026666666667
J_k9_6od_x1.0,S020,204,615.43
J_k9_6od_x1.0,S021,201,592.046
J_k9_6od_x1.0,S020,205,614.234
J_k9_6od_x1.0,S021,202,584.3506666666667
J_k9_6od_x1.0,S021,203,611.466
J_k9_6od_x1.0,S021,204,604.18
J_k9_6od_x1.0,S021,205,608.9226666666667
J_k9_6od_x1.0,S022,201,591.0053333333333
J_k9_6od_x1.0,S022,202,638.9193333333334
J_k9_6od_x1.0,S022,203,617.692
J_k9_6od_x1.0,S022,204,642.622
J_k9_6od_x1.0,S022,205,614.338
J_k9_6od_x1.0,S023,201,592.046
J_k9_6od_x1.0,S023,202,584.3506666666667
J_k9_6od_x1.0,S023,203,611.466
J_k9_6od_x1.0,S023,204,604.18
J_k9_6od_x1.0,S024,202,499.5
J_k9_6od_x1.0,S024,201,524.432
J_k9_6od_x1.0,S023,205,608.9226666666667
J_k9_6od_x1.0,S024,203,546.848
J_k9_6od_x1.0,S024,204,526.9546666666666
J_k9_6od_x1.0,S024,205,509.002
J_k9_6od_x1.0,S025,202,560.9273333333333
J_k9_6od_x1.0,S025,201,608.3733333333333
J_k9_6od_x1.0,S025,203,613.7026666666667
J_k9_6od_x1.0,S025,205,614.234
J_k9_6od_x1.0,S025,204,615.43
J_k9_6od_x1.0,S026,201,630.14
J_k9_6od_x1.0,S026,202,636.6846666666667
J_k9_6od_x1.0,S026,203,625.644
J_k9_6od_x1.0,S027,202,354.35266666666666
J_k9_6od_x1.0,S027,201,363.84933333333333
J_k9_6od_x1.0,S027,203,359.36266666666666
J_k9_6od_x1.0,S026,204,647.6166666666667
J_k9_6od_x1.0,S026,205,631.5293333333333
J_k9_6od_x1.0,S027,204,358.0013333333333
J_k9_6od_x1.0,S027,205,394.042
J_k9_6od_x1.0,S028,201,611.0253333333334
J_k9_6od_x1.0,S028,203,574.0666666666667
J_k9_6od_x1.0,S028,204,606.4993333333333
J_k9_6od_x1.0,S028,202,631.652
J_k9_6od_x1.0,S028,205,548.1933333333334
J_k9_6od_x1.0,S029,201,650.156
J_k9_6od_x1.0,S029,202,654.8826666666666
J_k9_6od_x1.0,S029,203,609.0286666666667
J_k9_6od_x1.0,S029,204,614.2213333333333
J_k9_6od_x1.0,S029,205,607.4353333333333
J_k9_6od_x1.0,S030,201,608.6913333333333
J_k9_6od_x1.0,S030,203,590.306
J_k9_6od_x1.0,S030,202,617.4493333333334
J_k9_6od_x1.0,S030,204,572.2446666666667
J_k9_6od_x1.0,S030,205,572.632
J_k9_6od_x1.0,S031,201,605.284
J_k9_6od_x1.0,S031,203,608.0153333333334
J_k9_6od_x1.0,S031,202,651.9853333333333
J_k9_6od_x1.0,S031,205,586.6473333333333
J_k9_6od_x1.0,S031,204,630.8306666666666
J_k9_6od_x1.0,S032,201,626.592
J_k9_6od_x1.0,S032,202,612.7226666666667
J_k9_6od_x1.0,S032,203,569.5426666666667
J_k9_6od_x1.0,S032,204,647.61
J_k9_6od_x1.0,S032,205,579.8153333333333
J_k9_6od_x1.0,S033,201,621.1786666666667
J_k9_6od_x1.0,S033,202,593.6226666666666
J_k9_6od_x1.0,S033,203,606.89
J_k9_6od_x1.0,S033,204,648.1333333333333
J_k9_6od_x1.0,S033,205,599.1233333333333
J_k9_6od_x1.0,S034,201,616.7073333333333
J_k9_6od_x1.0,S034,202,592.9506666666666
J_k9_6od_x1.0,S034,203,597.694
J_k9_6od_x1.0,S034,204,622.072
J_k9_6od_x1.0,S034,205,621.8146666666667
J_k9_6od_x1.0,S035,202,614.042
J_k9_6od_x1.0,S035,201,636.6093333333333
J_k9_6od_x1.0,S035,203,651.086
J_k9_6od_x1.0,S035,204,639.9673333333334
J_k9_6od_x1.0,S035,205,615.384
J_k9_6od_x1.0,S036,201,623.7546666666667
J_k9_6od_x1.0,S036,202,649.2906666666667
J_k9_6od_x1.0,S036,203,621.2533333333333
J_k9_6od_x1.0,S036,205,614.856
J_k9_6od_x1.0,S036,204,612.3873333333333
J_k9_6od_x1.0,S037,201,608.3733333333333
J_k9_6od_x1.0,S037,202,560.9273333333333
J_k9_6od_x1.0,S037,203,613.7026666666667
J_k9_6od_x1.0,S038,201,524.432
J_k9_6od_x1.0,S037,204,615.43
J_k9_6od_x1.0,S037,205,614.234
J_k9_6od_x1.0,S038,202,499.5
J_k9_6od_x1.0,S038,203,546.848
J_k9_6od_x1.0,S038,204,526.9546666666666
J_k9_6od_x1.0,S038,205,509.002
J_k9_6od_x1.0,S039,201,461.5853333333333
J_k9_6od_x1.0,S039,202,471.2493333333333
J_k9_6od_x1.0,S039,204,459.918
J_k9_6od_x1.0,S039,205,424.95733333333334
J_k9_6od_x1.0,S039,203,486.4
J_k9_6od_x1.0,S040,202,609.22
J_k9_6od_x1.0,S040,201,616.076
J_k9_6od_x1.0,S040,203,636.716
J_k9_6od_x1.0,S040,204,577.03
J_k9_6od_x1.0,S040,205,583.7193333333333
