instance_id,arm,seed,sol_id,att_default,k,source,closed
A_k4_3od_x1.0,heuristic,0,S000,223.893,4,heuristic_seed0,E1 E21 E27 E42
A_k4_3od_x1.0,heuristic,1,S000,223.893,4,heuristic_seed1,E1 E21 E27 E42
A_k4_3od_x1.0,heuristic,2,S001,235.676,4,heuristic_seed2,E12 E16 E21 E42
A_k4_3od_x1.0,heuristic,3,S002,224.053,4,heuristic_seed3,E19 E21 E27 E42
A_k4_3od_x1.0,heuristic,4,S000,223.893,4,heuristic_seed4,E1 E21 E27 E42
A_k4_3od_x1.0,heuristic,5,S003,229.631,4,heuristic_seed5,E16 E21 E27 E42
A_k4_3od_x1.0,heuristic,6,S004,227.561,4,heuristic_seed6,E21 E27 E42 E8
A_k4_3od_x1.0,heuristic,7,S003,229.631,4,heuristic_seed7,E16 E21 E27 E42
A_k4_3od_x1.0,heuristic,8,S003,229.631,4,heuristic_seed8,E16 E21 E27 E42
A_k4_3od_x1.0,heuristic,9,S005,234.275,4,heuristic_seed9,E21 E27 E32 E42
A_k4_3od_x1.0,sa,0,S006,229.978,4,sa_seed0,E23 E27 E42 E6
A_k4_3od_x1.0,sa,1,S006,229.978,4,sa_seed1,E23 E27 E42 E6
A_k4_3od_x1.0,sa,2,S000,223.893,4,sa_seed2,E1 E21 E27 E42
A_k4_3od_x1.0,sa,3,S000,223.893,4,sa_seed3,E1 E21 E27 E42
A_k4_3od_x1.0,sa,4,S000,223.893,4,sa_seed4,E1 E21 E27 E42
A_k4_3od_x1.0,sa,5,S007,231.718,4,sa_seed5,E20 E21 E30 E42
A_k4_3od_x1.0,sa,6,S000,223.893,4,sa_seed6,E1 E21 E27 E42
A_k4_3od_x1.0,sa,7,S000,223.893,4,sa_seed7,E1 E21 E27 E42
A_k4_3od_x1.0,sa,8,S008,224.053,4,sa_seed8,E18 E21 E27 E42
A_k4_3od_x1.0,sa,9,S000,223.893,4,sa_seed9,E1 E21 E27 E42
A_k4_3od_x1.0,surrogate_submitted,0,S009,242.925,4,surrogate_seed0,E12 E21 E42 E5
A_k4_3od_x1.0,surrogate_submitted,1,S010,252.03,4,surrogate_seed1,E12 E16 E21 E27
A_k4_3od_x1.0,surrogate_submitted,2,S011,239.403,4,surrogate_seed2,E12 E21 E27 E42
A_k4_3od_x1.0,surrogate_submitted,3,S012,237.221,4,surrogate_seed3,E20 E21 E27 E42
A_k4_3od_x1.0,surrogate_submitted,4,S011,239.403,4,surrogate_seed4,E12 E21 E27 E42
A_k4_3od_x1.0,surrogate_submitted,5,S011,239.403,4,surrogate_seed5,E12 E21 E27 E42
A_k4_3od_x1.0,surrogate_submitted,6,S013,242.958,4,surrogate_seed6,E12 E20 E21 E42
A_k4_3od_x1.0,surrogate_submitted,7,S011,239.403,4,surrogate_seed7,E12 E21 E27 E42
A_k4_3od_x1.0,surrogate_submitted,8,S014,236.759,3,surrogate_seed8,E21 E27 E42
A_k4_3od_x1.0,surrogate_submitted,9,S011,239.403,4,surrogate_seed9,E12 E21 E27 E42
A_k4_3od_x1.0,surrogate_repaired,0,S000,223.893,4,arm_A_sum_run/s0_r08,E1 E21 E27 E42
A_k4_3od_x1.0,surrogate_repaired,1,S008,224.053,4,arm_A_sum_run/s1_r07,E18 E21 E27 E42
A_k4_3od_x1.0,surrogate_repaired,2,S000,223.893,4,arm_A_sum_run/s2_r07,E1 E21 E27 E42
A_k4_3od_x1.0,surrogate_repaired,3,S003,229.631,4,arm_A_sum_run/s3_r00,E16 E21 E27 E42
A_k4_3od_x1.0,surrogate_repaired,4,S000,223.893,4,arm_A_sum_run/s4_r08,E1 E21 E27 E42
A_k4_3od_x1.0,surrogate_repaired,5,S004,227.561,4,arm_A_sum_run/s5_r08,E21 E27 E42 E8
A_k4_3od_x1.0,surrogate_repaired,6,S008,224.053,4,arm_A_sum_run/s6_r06,E18 E21 E27 E42
A_k4_3od_x1.0,surrogate_repaired,7,S003,229.631,4,arm_A_sum_run/s7_r00,E16 E21 E27 E42
A_k4_3od_x1.0,surrogate_repaired,8,S002,224.053,4,arm_A_sum_run/s8_r08,E19 E21 E27 E42
A_k4_3od_x1.0,surrogate_repaired,9,S000,223.893,4,arm_A_sum_run/s9_r07,E1 E21 E27 E42
A_k4_3od_x1.0,no_closure,0,S015,,0,empty set,
B_k9_3od_x1.0,heuristic,0,S000,479.655,9,heuristic_seed0,-E17 -E45 -E46 -E6 -E7 E17 E40 E45 E7
B_k9_3od_x1.0,heuristic,1,S001,488.4535,5,heuristic_seed1,-E26 -E27 E45 E7 E9
B_k9_3od_x1.0,heuristic,2,S002,487.4305,9,heuristic_seed2,-E26 -E35 -E6 E17 E26 E46 E47 E64 E7
B_k9_3od_x1.0,heuristic,3,S003,490.9035,3,heuristic_seed3,E34 E52 E6
B_k9_3od_x1.0,heuristic,4,S004,479.655,9,heuristic_seed4,-E17 -E45 -E6 -E7 E17 E40 E45 E47 E7
B_k9_3od_x1.0,heuristic,5,S005,482.4865,9,heuristic_seed5,-E17 -E20 -E26 -E40 -E6 -E7 E14 E21 E7
B_k9_3od_x1.0,heuristic,6,S006,478.313,9,heuristic_seed6,-E16 -E26 -E46 E110 E40 E45 E46 E57 E6
B_k9_3od_x1.0,heuristic,7,S007,487.9965,9,heuristic_seed7,-E12 -E16 -E26 -E38 -E6 E16 E22 E57 E7
B_k9_3od_x1.0,heuristic,8,S008,482.783,9,heuristic_seed8,-E12 -E20 -E51 -E6 -E63 E14 E16 E64 E7
B_k9_3od_x1.0,heuristic,9,S009,485.5385,9,heuristic_seed9,-E16 E14 E39 E40 E45 E57 E62 E63 E7
B_k9_3od_x1.0,sa,0,S010,472.803,9,sa_seed0,-E11 E13 E16 E17 E30 E40 E50 E56 E6
B_k9_3od_x1.0,sa,1,S011,464.76,8,sa_seed1,-E14 -E16 -E63 E25 E40 E47 E7 E9
B_k9_3od_x1.0,sa,2,S012,473.359,8,sa_seed2,-E17 -E39 -E40 -E44 E16 E21 E30 E46
B_k9_3od_x1.0,sa,3,S013,479.8495,4,sa_seed3,-E11 -E40 E110 E7
B_k9_3od_x1.0,sa,4,S014,490.292,3,sa_seed4,-E13 -E31 E13
B_k9_3od_x1.0,sa,5,S015,482.3115,8,sa_seed5,-E11 -E17 -E46 -E7 E11 E28 E57 E62
B_k9_3od_x1.0,sa,6,S016,478.1415,6,sa_seed6,-E11 -E31 -E46 E33 E40 E9
B_k9_3od_x1.0,sa,7,S017,487.2085,8,sa_seed7,-E16 -E17 -E51 -E52 E11 E26 E29 E9
B_k9_3od_x1.0,sa,8,S018,479.7095,8,sa_seed8,-E15 -E22 -E28 E33 E46 E47 E63 E7
B_k9_3od_x1.0,sa,9,S019,479.1745,7,sa_seed9,-E31 -E43 -E52 E40 E49 E56 E9
B_k9_3od_x1.0,surrogate_submitted,0,S020,506.0535,9,surrogate_seed0,-E12 -E19 E11 E28 E39 E40 E52 E57 E63
B_k9_3od_x1.0,surrogate_submitted,1,S021,504.229,9,surrogate_seed1,-E12 -E22 -E25 -E50 -E64 E33 E40 E52 E63
B_k9_3od_x1.0,surrogate_submitted,2,S022,490.6745,9,surrogate_seed2,-E14 -E50 -E58 E11 E13 E27 E30 E40 E63
B_k9_3od_x1.0,surrogate_submitted,3,S023,512.2135,9,surrogate_seed3,-E14 -E50 -E9 E110 E24 E33 E40 E57 E58
B_k9_3od_x1.0,surrogate_submitted,4,S024,497.2735,9,surrogate_seed4,-E14 -E25 -E38 -E50 -E64 E13 E28 E53 E57
B_k9_3od_x1.0,surrogate_submitted,5,S025,503.5805,9,surrogate_seed5,-E12 -E14 -E32 -E50 -E53 E23 E28 E33 E7
B_k9_3od_x1.0,surrogate_submitted,6,S026,509.072,9,surrogate_seed6,-E12 -E14 -E30 -E38 -E58 -E6 E110 E33 E63
B_k9_3od_x1.0,surrogate_submitted,7,S027,500.2425,9,surrogate_seed7,-E26 -E53 E13 E16 E24 E28 E33 E40 E57
B_k9_3od_x1.0,surrogate_submitted,8,S028,493.384,9,surrogate_seed8,-E29 -E6 E13 E28 E31 E33 E40 E49 E63
B_k9_3od_x1.0,surrogate_submitted,9,S029,506.1525,9,surrogate_seed9,-E14 -E15 -E19 -E25 -E50 E11 E16 E52 E7
B_k9_3od_x1.0,surrogate_repaired,0,S030,476.1895,9,arm_B_sum_run/s0_r07,-E13 -E44 -E47 -E58 E23 E31 E40 E7 E9
B_k9_3od_x1.0,surrogate_repaired,1,S031,482.4245,9,arm_B_sum_run/s1_r02,-E32 -E40 -E45 -E58 -E63 -E9 E40 E7 E9
B_k9_3od_x1.0,surrogate_repaired,2,S032,481.6885,9,arm_B_sum_run/s2_r06,-E30 -E44 -E52 -E58 E40 E51 E57 E64 E7
B_k9_3od_x1.0,surrogate_repaired,3,S033,487.196,9,arm_B_sum_run/s3_r05,-E15 -E45 -E52 -E58 -E6 E29 E40 E47 E7
B_k9_3od_x1.0,surrogate_repaired,4,S034,475.91,9,arm_B_sum_run/s4_r08,-E11 -E29 -E40 -E58 -E64 E31 E40 E46 E7
B_k9_3od_x1.0,surrogate_repaired,5,S035,470.8845,9,arm_B_sum_run/s5_r01,-E53 -E58 -E7 E14 E28 E40 E52 E7 E9
B_k9_3od_x1.0,surrogate_repaired,6,S036,464.226,9,arm_B_sum_run/s6_r01,-E14 -E29 -E35 -E58 E40 E57 E62 E7 E9
B_k9_3od_x1.0,surrogate_repaired,7,S037,478.819,9,arm_B_sum_run/s7_r07,-E11 -E45 -E58 E31 E40 E64 E7 E8 E9
B_k9_3od_x1.0,surrogate_repaired,8,S038,481.9285,9,arm_B_sum_run/s8_r06,-E43 -E58 -E8 E25 E40 E51 E57 E7 E9
B_k9_3od_x1.0,surrogate_repaired,9,S039,479.802,9,arm_B_sum_run/s9_r07,-E16 -E44 -E58 E11 E17 E25 E40 E57 E7
B_k9_3od_x1.0,no_closure,0,S040,,0,empty set,
J_k9_6od_x1.0,heuristic,0,S000,357.825333,9,heuristic_seed0,-111681903#0 -24337240#0 -311298662#1 -465885893#0 -834922892#2 111677668#3 4877788#4 4935286#2 4935286#3
J_k9_6od_x1.0,heuristic,1,S001,355.43,9,heuristic_seed1,-219796126#4 -311298685 -4950193 -5197064#1 -782714966#1 4894996#3 4935286#2 4970256#0 876057377#0
J_k9_6od_x1.0,heuristic,2,S002,356.536667,9,heuristic_seed2,-24337240#1 -24337240#4 106651993 111677669#3 4935286#2 61902824#0 814061747#1 876057380 gneE0
J_k9_6od_x1.0,heuristic,3,S003,354.137333,9,heuristic_seed3,-111677668#0 -111681903#3 -498033359#0 -5236305#2 -876057371 -876343449#0 120682113#1 385566621 4935286#2
J_k9_6od_x1.0,heuristic,4,S004,357.474667,9,heuristic_seed4,-111677669#5 -27267512#0 -535519490#1 -7365262 -835443464 -876343451#3 24337240#7 465885895#1 535519490#1
J_k9_6od_x1.0,heuristic,5,S005,356.898667,9,heuristic_seed5,-111677669#0 -111681903#2 -172251689 -24337240#6 -28298231 -311298685 4935286#2 5029410#3 828203038#0
J_k9_6od_x1.0,heuristic,6,S006,348.275333,9,heuristic_seed6,-111681903#0 -311298685 -6263818#0 -712622899#3 -782714966#0 111681903#0 4924950 4935286#2 5197053#1
J_k9_6od_x1.0,heuristic,7,S007,352.995333,9,heuristic_seed7,-111677668#3 -4935286#1 -876343451#3 219796117#2 23359215#1 4894996#3 4894997#1 4935286#3 4970254#3
J_k9_6od_x1.0,heuristic,8,S008,357.502,9,heuristic_seed8,-219796126#2 -24337240#0 -7924764#1 -814061747#1 4911107#2 4911107#5 4935286#2 58621262#1 803012921#4
J_k9_6od_x1.0,heuristic,9,S009,358.099333,9,heuristic_seed9,-111681903#2 -803012921#1 106652015 219822417#0 24337240#2 25970859#0 5029408 535519490#1 876343451#0
J_k9_6od_x1.0,sa,0,S010,491.244,9,sa_seed0,-111677668#4 -27267512#1 -410942714#1 -876057378#0 -876057378#2 24337240#7 26216781#0 5029409#1 880140407
J_k9_6od_x1.0,sa,1,S011,400.082667,6,sa_seed1,-219798593#0 -7924760#1 205590836#2 5197061#1 535519490#0 96687079#2
J_k9_6od_x1.0,sa,2,S012,380.035333,9,sa_seed2,-219796100#2 -5197062#2 -535519490#1 -712622895 -761190893 106651997#0 172249924 219797801#2 876057377#1
J_k9_6od_x1.0,sa,3,S013,338.067333,7,sa_seed3,-240042189 -876343448#0 474166985#6 4935286#2 4992725 712622895 794283075
J_k9_6od_x1.0,sa,4,S014,411.337333,5,sa_seed4,-311298685 172251698#3 478100150 828203038#2 880140407
J_k9_6od_x1.0,sa,5,S015,372.522667,8,sa_seed5,-219796102#0 -219797798#1 -24337240#7 -274763813#3 -4877788#1 -803012921#0 37627664#5 4935286#2
J_k9_6od_x1.0,sa,6,S016,536.726667,7,sa_seed6,-4911109#1 -4992725 106651998#1 106652007#0 36847354#5 5057604 835445203
J_k9_6od_x1.0,sa,7,S017,613.496667,7,sa_seed7,-172249927 172251698#2 219797783#1 37649100#0 478100148 61902825 782714971#1
J_k9_6od_x1.0,sa,8,S018,586.503333,7,sa_seed8,-120682114#1 -37551339#0 -5197061#1 -782714966#1 280335871 498033359#3 760785104#2
J_k9_6od_x1.0,sa,9,S019,370.126667,9,sa_seed9,-106652024 -172251699#2 -27267512#3 -410942714#1 -535519490#1 -876343452#1 219796123#0 4894997#0 4950117#1
J_k9_6od_x1.0,surrogate_submitted,0,S020,605.251333,9,surrogate_seed0,-172251699#1 -4929432#1 -4929432#2 -678743174 -876343449#0 255228349#1 41766849#1 4970256#5 6074658#1
J_k9_6od_x1.0,surrogate_submitted,1,S021,626.228667,9,surrogate_seed1,-36851802 219822390 240042196#2 248740648#1 25143145#0 26216781#0 5236305#0 6263818#0 62826731
J_k9_6od_x1.0,surrogate_submitted,2,S022,643.504,9,surrogate_seed2,-106652015 -219796106#1 -4894992#0 106651993 111677669#0 172251697#1 248740648#1 255228349#1 4929432#2
J_k9_6od_x1.0,surrogate_submitted,3,S023,626.228667,9,surrogate_seed3,-311298658 -465885893#0 -4911109#1 -4970255#2 -876343449#1 -96687079#0 153134060#1 248740648#1 26216781#0
J_k9_6od_x1.0,surrogate_submitted,4,S024,531.929333,9,surrogate_seed4,-106651999#0 -172251698#3 -96687079#2 248740648#1 36974893 474168056#2 5197064#2 835443463#0 880140407
J_k9_6od_x1.0,surrogate_submitted,5,S025,605.251333,9,surrogate_seed5,120682116#4 120682116#9 248740648#1 25072975#0 280335872 37628709#1 478100148 4970256#5 69421990#3
J_k9_6od_x1.0,surrogate_submitted,6,S026,607.762,9,surrogate_seed6,-120682114#2 -4970254#3 -828195561#0 -876343452#3 248740648#1 36851877#1 37551447 760785104#1 7924760#3
J_k9_6od_x1.0,surrogate_submitted,7,S027,359.099333,9,surrogate_seed7,-219822390 -240042195#0 -498033359#2 -5197064#3 -782714971#2 248740648#1 4911107#0 4935286#2 7924772
J_k9_6od_x1.0,surrogate_submitted,8,S028,636.414,9,surrogate_seed8,-24337240#4 -4895001#0 -4935286#0 -7924760#0 106652009#2 219822415#1 248740648#1 7924763 96687079#1
J_k9_6od_x1.0,surrogate_submitted,9,S029,604.136667,9,surrogate_seed9,-410942714#0 -5197061#1 -834922892#1 -835445203 106651993 111681905#0 219796130#1 248740648#1 36852290
J_k9_6od_x1.0,surrogate_repaired,0,S030,594.3046666666667,9,arm_J_sum_run/s0_r05 (re-run),-220934942 -876343452#7 131942152 274763814#0 37627664#3 4970256#7 5197061#1 6074658#3 61902751#1
J_k9_6od_x1.0,surrogate_repaired,1,S031,608.4013333333334,9,arm_J_sum_run/s1_r06 (re-run),-106651993 -4929432#1 -782714971#4 -880137009#0 219796104#2 410942714#1 474168602#2 6074658#3 7924755
J_k9_6od_x1.0,surrogate_repaired,2,S032,635.108,9,arm_J_sum_run/s2_r03 (re-run),-28298231 -4894992#3 172249931#3 36852266#1 5197064#1 6074658#3 61902746#0 813586707#0 814061747#5
J_k9_6od_x1.0,surrogate_repaired,3,S033,601.6666666666666,9,arm_J_sum_run/s3_r02 (re-run),-106652013#0 -876343451#2 25142441#4 274763814#0 36974893 474166985#3 4894992#2 6074658#3 782714971#2
J_k9_6od_x1.0,surrogate_repaired,4,S034,629.7613333333334,9,arm_J_sum_run/s4_r00 (re-run),-172251694#1 -4970256#3 -502361003 -712622899#1 -774894964 219822417#0 4970256#8 6074658#3 831160282
J_k9_6od_x1.0,surrogate_repaired,5,S035,602.0886666666667,9,arm_J_sum_run/s5_r08 (re-run),-172251689 -835443464 219796113#2 410947640#0 465886917#0 474168602#1 5197062#2 6074658#3 882243017
J_k9_6od_x1.0,surrogate_repaired,6,S036,627.456,9,arm_J_sum_run/s6_r06 (re-run),-37551339#1 -782714971#2 120682116#6 220934942 37551339#0 474166985#4 4894997#0 4929432#2 6074658#3
J_k9_6od_x1.0,surrogate_repaired,7,S037,605.2513333333334,9,arm_J_sum_run/s7_r00 (re-run),-111677668#0 -37627664#4 -712622896 172251697#2 219796118#0 4970256#5 6074658#3 61902825 876057378#5
J_k9_6od_x1.0,surrogate_repaired,8,S038,531.9293333333334,9,arm_J_sum_run/s8_r06 (re-run),-106651991#0 -124266855#2 -172249930#0 26947645#0 36971780 410942714#0 6074658#3 6263816#1 880140407
J_k9_6od_x1.0,surrogate_repaired,9,S039,427.40066666666667,9,arm_J_sum_run/s9_r08 (re-run),-106651991#0 -172251697#1 -311298685 -782714971#1 -876112258 127837502 220934942 4935286#2 6074658#3
J_k9_6od_x1.0,no_closure,0,S040,,0,empty set,
