edge_id,score
-106651991#0,0.0014531422
-106652009#1,0.0027459042
106651991#1,0.0027459042
106652009#2,0.0036158456
106651991#0,0.0013753821
-106651991#1,0.0060895894
106652009#1,0.0060895894
-4877788#4,0.0350382240
106651991#2,0.0014531422
4877788#5,0.0275975525
-106651991#2,0.0013753821
-106651993,0.0007168511
-106652025#1,0.0041893265
106652025#2,0.0022647635
-106651999#1,0.0043351267
106651993,0.0014652923
106651999#2,0.0066412002
-106651997#0,0.0056376087
-106651997#2,0.0042209165
106651997#1,0.0042209165
-106652016,0.0349142938
-6263816#3,0.0081040625
106651997#0,0.0056448987
-106651997#1,0.0042913866
106651997#2,0.0042913866
-652756923#1,0.0033898552
-106651999#0,0.0057591089
-106652014,0.0014604322
106651999#1,0.0089011037
-4950117#0,0.0098317951
106651999#0,0.0111512872
4950117#1,0.0081575226
-106651999#2,0.0029014245
-106652006,0.0050373978
-220934962,0.0014531422
106651999#3,0.0000000000
-106651999#3,0.0000000000
106652003#0,0.0061430495
106652025#0,0.0008310613
-106652002,0.0008334913
106652003#1,0.0052317981
-4950117#2,0.0072365511
106652002,0.0000000000
106652007#0,0.0089642838
106652020,0.0014774423
-106652025#0,0.0070518709
106652006,0.0014531422
106652025#1,0.0014750123
-106652007#0,0.0063447398
106652007#1,0.0084078129
37651116#0,0.0000000000
-106652007#1,0.0058660290
-106652015,0.0078780721
106652007#2,0.0000000000
-106652007#2,0.0000000000
-37651116#1,0.0057518189
37651116#2,0.0083932329
-106652009#2,0.0004276807
106652017,0.0031104048
-106652013#0,0.0000000000
-106652024,0.0027459042
106652013#1,0.0014531422
-4911107#4,0.0016329625
106652013#0,0.0000000000
4911107#5,0.0063641798
-106652013#1,0.0013753821
-106652025#2,0.0043083966
106652014,0.0007119911
106652025#3,0.0030472247
-37651116#0,0.0000000000
106652015,0.0054140483
37651116#1,0.0081380825
-6263818#1,0.0016062325
106652016,0.0028115143
6263818#2,0.0350114939
-4911107#2,0.0059583692
106652024,0.0029014245
4911107#3,0.0074382415
-106652025#3,0.0044201768
-4950117#1,0.0033655552
4950117#2,0.0105778063
-111677668#0,0.1015085463
111677668#3,0.0827610675
153134060#1,0.0043667167
248740648#1,0.0014555722
6074658#3,0.0043667167
-835445203,0.1063807038
111677668#0,0.0898979884
7365262,0.0051370279
-111677668#3,0.0963715184
111677668#4,0.0818911261
-111677668#4,0.0955793372
-26943536#1,0.0029014245
111677669#0,0.0719256808
111677671#0,0.0085050131
-111677669#0,0.0916403011
111677669#1,0.0712671498
-111677669#1,0.0885833564
-231819500,0.0029014245
111677669#2,0.0688128460
-111677669#2,0.0861266226
111677669#3,0.0681543150
-111677669#3,0.0841899097
111677669#4,0.0674860639
-111677669#4,0.0799981532
111677669#5,0.0668153829
-111677669#5,0.0791695219
760785104#0,0.0029014245
7924772,0.0043983068
876057376,0.0624097861
-111677671#0,0.0027118842
-876057378#6,0.0056716287
111677671#1,0.0014531422
-111677671#1,0.0013753821
-111681903#0,0.0911883204
111681903#1,0.0829627578
219796118#0,0.0000558901
-40009020#7,0.0340953825
-782714971#4,0.0752134758
111681903#0,0.0750652456
498033359#0,0.0150295731
-111681903#1,0.0916670312
111681903#2,0.0833296883
498037591,0.0101233956
-111681903#2,0.1022351174
106652011,0.0105778063
111681903#3,0.0794538324
-111681903#3,0.1090148279
-120682116#9,0.0372179373
-778869028,0.0014531422
120682114#1,0.0995280933
-111681905#0,0.0008772314
111681905#1,0.0013632321
37551477,0.0014555722
-124266855#7,0.0016426825
111681905#0,0.0002818804
-111681905#1,0.0034919154
111681905#2,0.0057566789
-111681905#2,0.0013000520
-74277990,0.0078659221
gneE2,0.0043448467
-120682113#0,0.0070567309
120682113#1,0.0121232887
4877785,0.0005151608
-4992725,0.0016912826
-502325084#3,0.0400950617
120682113#0,0.0116980380
782714966#0,0.0299765262
-120682114#1,0.1334242155
120682114#2,0.1006240250
-120682114#2,0.1280879273
120682114#3,0.0946923858
4950117#0,0.0200937009
5197061#0,0.0063738998
-120682114#3,0.1312226321
24337240#0,0.0943254553
-120682115,0.0068647606
-4877788#2,0.0194060099
4877788#4,0.0289705046
4894997#0,0.0295682855
-4894992#3,0.0109909069
-502325083,0.0076350718
120682115,0.0129057499
627579930#0,0.0123735791
-120682116#0,0.0432030365
-220934956,0.0000000000
120682116#1,0.0232356958
-4877788#6,0.0366711865
-4894996#3,0.0096398248
120682116#0,0.0233644860
6263816#0,0.0474312430
-120682116#1,0.0431520065
120682116#2,0.0297821259
-120682116#2,0.0418859745
120682116#3,0.0300202662
-120682116#3,0.0402165619
-4877786#4,0.0088597936
120682116#4,0.0328876706
-120682116#4,0.0391449303
120682116#5,0.0341585626
-120682116#5,0.0378424483
-37651116#3,0.0080141523
120682116#6,0.0297651158
-120682116#6,0.0335340516
106651998#0,0.0058028489
120682116#7,0.0285306739
-120682116#7,0.0381802188
120682116#9,0.0330383309
4911107#0,0.0037008957
-124266855#0,0.0063398798
124266855#1,0.0070154208
-5055277#6,0.0066436302
124266855#0,0.0074017914
-124266855#1,0.0060312693
-220487593,0.0014531422
124266855#2,0.0062280996
-124266855#2,0.0053994683
124266855#5,0.0065561501
-124266855#5,0.0058052789
-26947645#3,0.0081040625
124266855#6,0.0025685140
-124266855#6,0.0030083446
124266855#7,0.0011250917
-127625589,0.0013753821
127625589,0.0014531422
5029409#0,0.0027459042
-127837502,0.0351208441
5029410#1,0.0351208441
127837502,0.0000024300
5029410#2,0.0350406540
-172249924,0.0013753821
-172249928#0,0.0028965645
172249924,0.0014531422
172249926#1,0.0014531422
172249928#1,0.0068234505
-172249925,0.0000000000
-172249931#1,0.0013705221
172249931#2,0.0000048600
-172249927,0.0015138923
-172249930#0,0.0033534052
172249930#1,0.0010473316
-172249926#1,0.0013753821
-172249931#0,0.0036255656
172249927,0.0024664538
172249931#1,0.0004009506
-172249931#2,0.0000048600
172249928#0,0.0027410442
172249931#3,0.0014531422
-172249928#1,0.0072122511
172249928#2,0.0085779132
172249930#0,0.0035259354
-172249928#2,0.0092170042
-835443463#0,0.0285112339
831160282,0.0000000000
835443463#2,0.0354537546
-4929432#0,0.0182396081
172249931#0,0.0036863157
4929432#1,0.0370769971
-172249931#3,0.0013753821
-172251688,0.0013753821
-172251698#1,0.0103566759
172251688,0.0014531422
172251698#2,0.0066266202
-172251689,0.0013753821
-172251698#0,0.0130248201
172251689,0.0014531422
172251698#1,0.0094697246
-172251690,0.0007751712
-172251698#2,0.0076690918
172251698#3,0.0044323268
-172251692#0,0.0005103008
172251690,0.0012004218
172251692#1,0.0013510821
-172251691,0.0000000000
-23359215#0,0.0139968216
23359215#1,0.0307030973
-280335874#0,0.0000000000
172251691,0.0000000000
280335871,0.0020071831
280335874#1,0.0016402525
-36970994#1,0.0303726168
172251692#0,0.0020193331
36970994#2,0.0157731543
-172251692#1,0.0003450605
-172251699#0,0.0014531422
172251699#1,0.0024008437
-172251694#0,0.0015211823
172251694#1,0.0012781820
36269567,0.0014531422
-25143145#1,0.0041941865
172251694#0,0.0029451645
25143145#2,0.0014531422
-172251694#1,0.0000097200
280335866#2,0.0120017885
-172251695#0,0.0028722644
-280335872,0.0009136814
172251695#1,0.0018297928
-240042195#1,0.0208202721
172251695#0,0.0028503944
240042195#2,0.0025660840
-172251697#0,0.0013753821
172251697#1,0.0013753821
-172251697#1,0.0014531422
172251697#0,0.0014531422
172251697#2,0.0027459042
-172251697#2,0.0029014245
-96687079#0,0.0003304805
96687079#1,0.0113092374
-36970994#0,0.0389894100
172251698#0,0.0122933889
36970994#1,0.0158144644
-172251698#3,0.0051273079
-172251699#1,0.0015503424
172251699#2,0.0014531422
172251699#0,0.0013753821
-172251699#2,0.0013753821
-205590836#0,0.0067797104
107864729#1,0.0072292611
205590836#2,0.0072292611
37650111#0,0.0000364501
-37628709#0,0.0121816088
37628709#1,0.0086167933
5197045#0,0.0043083966
-205590836#2,0.0054626484
-37548821#1,0.0029014245
107864729#2,0.0014555722
255274250,0.0014531422
-219796100#0,0.0045513970
219796100#1,0.0216610534
219796113#4,0.0036814557
-219796126#1,0.0556470857
219796100#0,0.0011858418
219796126#2,0.0430450863
-219796100#1,0.0032975151
219796100#2,0.0025515039
219796104#0,0.0180087577
-219796100#2,0.0022744835
-37627664#2,0.0000000000
219796110,0.0003863706
37627664#3,0.0011688318
-219796102#0,0.0000072900
219796102#1,0.0005418908
219796113#0,0.0008262013
-219796118#2,0.0055817186
219796102#0,0.0007630212
219796118#3,0.0000000000
219796131#1,0.0078805021
-219796102#1,0.0006901211
-219796118#0,0.0075524516
-498037590,0.0004981508
219796118#1,0.0086192233
-219796106#0,0.0005467508
219796106#1,0.0060045392
219796113#5,0.0037227657
219796104#5,0.0146723626
219796106#0,0.0054091883
-219796106#1,0.0012611719
-219796126#2,0.0515841194
219796126#3,0.0430134962
-219796118#1,0.0062961397
-219796129,0.0014531422
219796118#2,0.0077492819
-219796118#3,0.0000000000
-498033359#3,0.0125388193
498033359#4,0.0104149960
-219796126#0,0.0000000000
-37627664#0,0.0594427515
219796126#1,0.0438202575
37627664#1,0.0254810192
-498033359#0,0.0114744777
219796126#0,0.0000000000
498033359#1,0.0139846715
-219796126#3,0.0468869222
-5197053#2,0.0068769106
219796126#4,0.0462769913
5197053#3,0.0145678724
-219796126#4,0.0454702300
219796126#5,0.0454337800
-219796126#5,0.0433342567
219796126#6,0.0444204684
231818115#0,0.0002940305
-219796126#6,0.0426927357
-5055277#0,0.0474798431
5055277#1,0.0050568378
219796129,0.0013753821
-219796131#1,0.0065464301
-498033359#2,0.0144828223
498033359#3,0.0117514981
-219797779,0.0002940305
4894991#3,0.0101865757
219797779,0.0028455344
-219797784#0,0.0147865728
219797784#1,0.0010400416
-219797787#0,0.0223584644
219797784#0,0.0008043312
219797787#1,0.0031347048
-219797784#1,0.0011032217
4894991#2,0.0077128319
-40009020#3,0.0354075845
219797787#0,0.0042913866
40009020#4,0.0302292466
4877786#0,0.0066169002
-219797787#1,0.0011566818
4894991#1,0.0078537721
-219797798#0,0.0044080268
219797798#1,0.0080287324
219797801#2,0.0000000000
-40009020#6,0.0360223755
219797798#0,0.0066898003
40009020#7,0.0258430898
-219797798#1,0.0035721055
219797780,0.0004519807
219797798#2,0.0072535612
-219797798#2,0.0033266751
219797795,0.0008262013
219797798#3,0.0066120402
-219797798#3,0.0035891155
-4970256#0,0.0325304601
4970256#1,0.0291284549
-219797807#0,0.0014531422
219797806,0.0056011586
219797807#1,0.0007435811
219797807#0,0.0013753821
-219797807#1,0.0065002600
219797796#0,0.0000291600
219797807#2,0.0010910717
-219797807#2,0.0069546707
219797792#0,0.0031201248
219797807#3,0.0055306885
-219797807#3,0.0024591638
-4970256#1,0.0261419803
219797783#0,0.0142495419
4970256#3,0.0159967146
-219798593#0,0.0014531422
-4935286#0,0.0362410758
474168056#4,0.0000000000
4935286#1,0.0378521683
219798593#0,0.0013753821
-219822390,0.0014531422
-6272848#1,0.0000000000
6272848#2,0.0027459042
219822390,0.0013753821
-219822415#0,0.0000680401
219822415#1,0.0014531422
474166985#3,0.0068769106
219822415#0,0.0070348608
783647325#1,0.0143759021
-219822415#1,0.0013753821
220487593,0.0013753821
-220736154#0,0.0014531422
220736154#1,0.0041115663
768058866,0.0014531422
220736154#0,0.0013753821
-220736154#1,0.0043448467
-4894996#0,0.0018200728
4894996#1,0.0150004131
-220934942,0.0014531422
-26947645#2,0.0094745846
26947645#3,0.0069911208
220934942,0.0013753821
-4894996#2,0.0101185356
220934956,0.0000000000
4894996#3,0.0313251782
-220934958,0.0014531422
-26947645#0,0.0110978271
26947645#2,0.0085171631
220934958,0.0013753821
220934962,0.0013753821
-231819410#0,0.0000000000
231819410#1,0.0004325407
231819413,0.0129446299
-231819410#2,0.0139628015
231819410#0,0.0000000000
231819410#3,0.0013510821
-231819410#1,0.0134549307
-831160282,0.0000000000
231819410#2,0.0008626513
-231819410#3,0.0145289924
-4929432#1,0.0209587823
4929432#2,0.0241153571
-231819415#0,0.0129349099
231819415#1,0.0036814557
-25142441#6,0.0043667167
231819415#0,0.0002940305
25142441#7,0.0161255048
-231819415#1,0.0032197550
-274763813#2,0.0113578375
274763813#3,0.0144172122
-231819501#0,0.0014531422
231819501#1,0.0014531422
231819500,0.0027459042
-231819501#1,0.0013753821
231819501#0,0.0013753821
-25142441#7,0.0033752752
-4950115#0,0.0004665607
23359215#0,0.0307079573
4950115#1,0.0322510097
-23359215#1,0.0140697217
-280335874#1,0.0018954029
23359215#2,0.0313105982
-23359215#2,0.0150101331
-36970992,0.0316167787
36971780,0.0000680401
-23464956#0,0.0027459042
774894964,0.0014531422
-783907721#0,0.0544733939
23464956#0,0.0029014245
783907721#1,0.0501965873
-23707342,0.0063228697
240042196#0,0.0251481087
240042209,0.0000000000
-36970986,0.0237775866
-4929432#2,0.0212528127
23707342,0.0243194775
-240042189,0.0001701003
26216781#2,0.0346348433
-6272848#2,0.0029014245
240042189,0.0095547747
474168602#1,0.0000000000
4935287#1,0.0254056891
-240042195#0,0.0209028922
-36971780,0.0000680401
240042195#1,0.0026705741
-240042196#3,0.0215760032
240042195#0,0.0028309544
-240042195#2,0.0207716720
274763813#0,0.0179771677
4950115#0,0.0238772168
-240042196#0,0.0072292611
240042196#2,0.0368048367
275267982,0.0014531422
-240042196#2,0.0060968794
240042196#3,0.0035818255
275267985,0.0486243749
-24337240#0,0.1309334616
24337240#1,0.0900364987
4911109#0,0.0050811378
-24337240#1,0.0855798718
24337240#2,0.0895699379
502365484,0.0007703112
-24337240#2,0.0859613824
-37551447,0.0000996302
24337240#3,0.0890037471
-24337240#3,0.0851278911
-502361001,0.0000000000
24337240#4,0.0888093468
-24337240#4,0.0850112509
-4911109#2,0.0022234534
-5197062#4,0.0188568290
24337240#5,0.1015449964
-24337240#6,0.0932756936
24337240#7,0.0944032154
5197063,0.0066630703
-24337240#7,0.0928747430
835443463#0,0.0455625702
835445203,0.0907800798
-245662716,0.0008067612
6263815#0,0.0341269726
-25142441#0,0.0013753821
25142441#1,0.0013753821
-25142441#1,0.0014531422
25142441#0,0.0014531422
25142441#2,0.0027459042
-25142441#2,0.0029014245
25142441#3,0.0046728972
-25142441#3,0.0041917565
231819412,0.0050932878
25142441#4,0.0031760149
-25142441#4,0.0020023231
25142441#5,0.0021675633
694649100,0.0007533012
-25142441#5,0.0018249328
25142441#6,0.0045538270
465886917#0,0.0015090323
-25143145#0,0.0055258285
25143145#1,0.0057736889
280335866#1,0.0108110866
-4950115#2,0.0163271951
25143145#0,0.0179941777
280335866#0,0.0179941777
-25143145#2,0.0013753821
-255274250,0.0013753821
-25970859#0,0.0397159812
-4970251#1,0.0017836227
25970859#1,0.0307516974
-880140407,0.0396260710
25970859#0,0.0292329450
4894999,0.0004228207
-25970859#1,0.0413246436
4894992#0,0.0122520789
502325084#0,0.0194594700
-26943536#0,0.0014531422
26943536#1,0.0027459042
26943536#0,0.0013753821
-40009021#2,0.0123614290
26947645#0,0.0102959259
-27149243,0.0014531422
747448015,0.0030520847
27149243,0.0013753821
-27267512#0,0.0083106128
27267512#1,0.0023619636
821347183,0.0014531422
-535519490#1,0.0404085322
27267512#0,0.0052245080
311298665,0.0525609809
-27267512#1,0.0056035886
-37551339#2,0.0029014245
27267512#2,0.0002916004
-27267512#2,0.0037665058
27267512#3,0.0034651853
-27267512#3,0.0008286313
-37551363,0.0000000000
219822417#0,0.0025709440
-274763813#0,0.0124902192
-784700120,0.0173186367
274763813#1,0.0173186367
-274763813#1,0.0119094483
784700120,0.0119094483
274763813#2,0.0166892657
-274763813#3,0.0087018434
-465886918#1,0.0059024791
274763813#4,0.0113505475
-274763813#4,0.0000000000
274763813#5,0.0110030569
465886916#0,0.0176345372
-274763813#5,0.0173648067
-96687079#4,0.0029961946
248740644#0,0.0109471669
274763815#0,0.0109471669
274763814#0,0.0272354819
-274763814#0,0.0042500765
274763814#1,0.0319205292
-274763814#1,0.0003231905
385566621,0.0315195785
-274763815#0,0.0114453176
248740644#1,0.0017374527
274763815#1,0.0109277268
-274763815#1,0.0132410904
-835443464,0.0402918920
311298658,0.0415287640
-275267982,0.0013753821
280335872,0.0028431044
-28298231,0.0463377414
27149242,0.0032076049
-311298682#0,0.0465078416
311298682#1,0.0032440550
70018790#1,0.0029111445
876057377#1,0.0342679128
-28468730#0,0.0043667167
28468730#1,0.0151656534
575692603#1,0.0000000000
28468730#0,0.0163296251
58621262#1,0.0577806290
-28468730#1,0.0032805051
219798592,0.0029014245
62826731,0.0116518679
-28468732#0,0.0009525615
28468732#1,0.0132896905
-4894999,0.0006269410
28468732#0,0.0123225490
-28468732#1,0.0019974631
-4970256#4,0.0176321072
4894996#0,0.0125606893
4970256#5,0.0185214885
-311298658,0.0488649453
311298682#0,0.0406709726
70018790#0,0.0406709726
876057377#0,0.0406709726
332644488,0.0025296339
-311298662#0,0.0712768698
311298662#1,0.0041358664
-311298685,0.0521819004
-782714966#1,0.0496182464
311298662#0,0.0000000000
4877788#0,0.0371328872
-311298662#1,0.0439709177
835443464,0.0353468344
-311298665,0.0430062062
58621262#0,0.0698212975
-4970255#2,0.0132362304
311298685,0.0152579935
7924755,0.0411861334
-325795946#0,0.0027459042
-325795946#2,0.0014531422
325795946#1,0.0014531422
-325795946#1,0.0013753821
325795946#2,0.0013753821
-36269567,0.0013753821
-36851747#0,0.0001652403
36847354#4,0.0052390881
36851747#1,0.0001530902
-7924764#0,0.0053217082
36851747#0,0.0001652403
7924764#1,0.0053605883
-36851747#1,0.0041115663
36847354#3,0.0041115663
127624156,0.0073531913
36851747#2,0.0000486001
-36851747#2,0.0114380276
36847354#2,0.0114380276
-36851802,0.0000000000
-876343452#4,0.0171169464
876343452#5,0.0119167384
-876343452#2,0.0185384985
36851802,0.0000000000
876343452#3,0.0133261405
-36851858,0.0001773903
-876343449#4,0.0513435491
803012921#0,0.0391182002
803012922,0.0014555722
-876343452#5,0.0164098153
36851858,0.0001628103
876343452#6,0.0110905371
-36970994#2,0.0319180992
36970992,0.0153940737
-36974892,0.0014531422
-4924947#1,0.0047336473
4924947#2,0.0087091334
36974892,0.0013753821
-36974893,0.0014531422
-4924947#3,0.0027459042
36974893,0.0013753821
-36974908#0,0.0012830420
36974908#1,0.0021505533
106652012#1,0.0181837180
36974908#0,0.0005370308
-36974908#1,0.0022866335
-4894997#1,0.0031687249
36974908#2,0.0014531422
4924948,0.0077444219
-36974908#2,0.0013753821
-37548821#0,0.0014531422
37548821#1,0.0027459042
37548821#0,0.0013753821
-37551339#0,0.0013753821
37551339#1,0.0013753821
-37551339#1,0.0014531422
37551339#0,0.0014531422
37551339#2,0.0027459042
-5236308#1,0.0013632321
5236308#2,0.0000121500
-37551440,0.0014531422
-5197062#0,0.0141936519
5197062#1,0.0110346470
37551440,0.0013753821
-5197061#0,0.0076472218
37551447,0.0004446907
5197061#1,0.0059267791
-782714971#2,0.0116713080
37627664#0,0.0656441211
782714971#3,0.0692648267
-37627664#1,0.0075305816
219796113#3,0.0254883093
37627664#2,0.0000000000
-37627664#3,0.0013559421
219796099,0.0018395128
37627664#4,0.0000437401
-37627664#4,0.0021481233
37627664#5,0.0101768557
5197053#0,0.0073969314
-37627664#5,0.0084078129
219796130#0,0.0000000000
37627664#6,0.0092145742
-37627664#6,0.0075232916
-5055277#2,0.0038394059
219796123#0,0.0015017423
5055277#4,0.0092656043
-880137010,0.0135108208
37628709#0,0.0143370221
-37650111#0,0.0000437401
37650111#1,0.0013705221
794283075,0.0000145800
-37650111#1,0.0014701523
-5197045#0,0.0040678263
5197045#1,0.0014385622
-37651116#2,0.0060847294
106652030#1,0.0023303736
37651116#3,0.0080068623
-40009020#0,0.0341366926
40009020#2,0.0167305758
410941453,0.0014555722
4894991#0,0.0059535092
-627579930#1,0.0317285589
40009020#0,0.0229465253
4877791,0.0037908058
-40009020#4,0.0247228581
40009020#5,0.0286497441
41766849#0,0.0110881071
-40009020#5,0.0343092228
40009020#6,0.0301296164
834922892#0,0.0029014245
-40009021#0,0.0100504955
40009021#1,0.0077954520
-498033359#4,0.0112800774
40009021#0,0.0091076540
-40009021#1,0.0088160536
40009021#2,0.0116372879
5197064#0,0.0097078650
-40033611,0.0000024300
771876919,0.0027507642
771876920,0.0000048600
40033611,0.0013802421
-410942713,0.0013753821
-410942714#1,0.0014531422
-7924760#1,0.0028844144
410942713,0.0014531422
7924760#2,0.0040095062
-410942714#0,0.0000000000
410942714#1,0.0013753821
-7924760#0,0.0036231356
410942714#0,0.0000000000
7924760#1,0.0045270970
-410947640#0,0.0142762720
-712622897#2,0.0000000000
712622899#0,0.0087966135
-876343452#7,0.0149639630
410947640#0,0.0095644947
876057371,0.0000000000
-465885893#0,0.0540116932
465885893#2,0.0014531422
465885894,0.0014531422
465885895#0,0.0022987835
-4911109#1,0.0451543295
465885893#0,0.0057761189
4911109#2,0.0099314253
-465885893#2,0.0013753821
-465885894,0.0013753821
-465885895#0,0.0507676382
465885895#1,0.0014531422
-465885895#1,0.0013753821
-465886918#0,0.0058635990
465886916#1,0.0110735271
465886918#1,0.0116154179
-4877785,0.0004398307
-4877788#1,0.0192407696
4877788#2,0.0330043108
-4877786#0,0.0128109797
4877786#1,0.0069619607
-4877786#1,0.0132338004
4877786#2,0.0118000982
-4877786#2,0.0073264613
4877786#3,0.0116664480
62229567,0.0014555722
-4877786#3,0.0087261434
4877786#4,0.0128765898
-4877788#0,0.0218092836
4877788#1,0.0328415006
4924947#0,0.0093117743
-4877788#5,0.0371644772
4877788#6,0.0278794329
6263818#0,0.0001968303
-4877791,0.0004957208
216943296#0,0.0032173250
-4894992#0,0.0115255077
-4970256#7,0.0157099742
4894992#1,0.0114696177
4970256#8,0.0109811869
-4894992#1,0.0084394030
-813586707#1,0.0016475425
4894992#2,0.0156370741
-4894992#2,0.0103348059
-813586709,0.0000000000
4894992#3,0.0162154150
-4894996#1,0.0045708370
-627579930#0,0.0087796035
4894996#2,0.0318816491
627579930#1,0.0239112368
-4894997#0,0.0039390361
106652012#0,0.0175154670
4894997#1,0.0112047473
-4895001#0,0.0498102167
5057604,0.0061892195
535519490#0,0.0466439218
828203038#1,0.0466439218
880140407,0.0290166747
-4935286#3,0.0478030336
-5026771,0.0014531422
131942152,0.0521697503
828203038#0,0.0521697503
-4911107#0,0.0083519229
4911107#1,0.0129713600
-4911107#1,0.0071223410
106652027,0.0014555722
4911107#2,0.0102740558
-4911107#3,0.0033558352
4911107#4,0.0070154208
-4911107#5,0.0010594816
106652029#1,0.0066047502
-4911109#0,0.0462235312
4911109#1,0.0047044872
-4924947#0,0.0076666618
-4924949#1,0.0012854720
4924947#1,0.0108426767
-4924947#2,0.0027556242
41505408,0.0057202288
4924947#3,0.0029014245
-4924949#0,0.0006075009
10271492#0,0.0030472247
4924949#1,0.0058271490
4924949#0,0.0082741627
-835443463#2,0.0191192694
4929432#0,0.0344963331
4935286#0,0.0327443004
4935287#0,0.0349653238
-4935286#1,0.0387707097
474168602#2,0.0403089021
4935286#2,0.0403089021
5236308#1,0.0014531422
-4935286#2,0.0413951137
-5236305#2,0.0056424687
474168056#5,0.0477301335
4935286#3,0.0477301335
474168594,0.0000947701
-4950115#1,0.0128790198
25072974#0,0.0164681354
4950115#2,0.0191532895
-4950193,0.0778087198
7924768,0.0166528156
876343449#0,0.0448870291
-4970251#0,0.0008189113
4970251#1,0.0017714727
4970253#0,0.0003231905
4970251#0,0.0007241411
4970254#0,0.0006512410
-4970252,0.0001968303
-502325084#0,0.0308367475
502325084#1,0.0202322112
-4970253#0,0.0004835707
4970252,0.0001968303
4970253#1,0.0014920223
-4970253#1,0.0017301627
-5057605#0,0.0031225548
5057605#1,0.0021043832
-4970254#0,0.0006342310
-5057605#1,0.0025490739
4970254#1,0.0031954549
-4970254#1,0.0037008957
4970254#2,0.0037883758
-4970254#2,0.0043715767
4970254#3,0.0044347568
-4970254#3,0.0050957178
4970254#4,0.0057761189
-4970254#4,0.0065148400
4970254#5,0.0063107197
4992725,0.0017471727
-4970254#5,0.0071830911
4970255#0,0.0066970903
-4970255#0,0.0076472218
-761190893,0.0014531422
4970255#1,0.0093457944
-4970255#1,0.0104514461
4970255#2,0.0119750584
787570921,0.0014531422
-782714971#1,0.0196004102
4970256#0,0.0325717702
782714971#2,0.0146650726
-4970256#3,0.0242660174
4970256#4,0.0194716200
-4970256#5,0.0162081250
4970256#6,0.0176588372
813586708#0,0.0006925511
-4970256#6,0.0155909040
4970256#7,0.0153624837
813586707#0,0.0025199139
-4970256#8,0.0137100811
-502325084#1,0.0316872488
502325084#3,0.0259621600
5057605#0,0.0029937646
-498033359#1,0.0105073362
219796113#1,0.0062694097
498033359#2,0.0124391892
498037590,0.0105437862
-5197062#1,0.0138048513
502361001,0.0000000000
5197062#2,0.0107649166
-502361003,0.0014531422
-5197062#3,0.0162324250
5197062#4,0.0156978242
502361003,0.0013753821
5026771,0.0013753821
-5029408,0.0014531422
-5029409#0,0.0029014245
5029409#1,0.0054723684
5029408,0.0013753821
-5029409#1,0.0057834089
-7924755,0.0056011586
5029410#0,0.0351961742
-783907721#2,0.0562983267
5055277#0,0.0444714985
782714971#0,0.0073847814
-5055277#1,0.0064152099
5055277#2,0.0049158976
-5055277#4,0.0079704123
5055277#5,0.0083446329
-5055277#5,0.0071272010
5055277#6,0.0077833020
-5197045#1,0.0013753821
-5197053#0,0.0113481175
5197053#1,0.0155568840
-5197053#1,0.0049134676
219796113#6,0.0038515559
5197053#2,0.0173137767
-5197053#3,0.0088889537
-782714971#0,0.0098731052
782714971#1,0.0227132450
-5197061#1,0.0076229217
-5197064#3,0.0107794966
5197061#2,0.0123905891
-5197061#2,0.0148497529
5197061#3,0.0014531422
5197062#0,0.0115789678
-5197061#3,0.0013753821
-5197062#2,0.0136128810
5197062#3,0.0132289404
75505659,0.0014531422
-5197064#0,0.0100820855
5197064#1,0.0094405645
-5197064#1,0.0098925452
5197064#2,0.0092728943
-5197064#2,0.0098026351
5197064#3,0.0100942355
8050332,0.0014531422
-5236305#0,0.0014531422
-8162045,0.0000097200
5236305#1,0.0041115663
5236305#0,0.0013753821
-5236305#1,0.0027702043
5236305#2,0.0068283105
814505163,0.0014531422
-535519490#0,0.0399419715
535519490#1,0.0469549623
747796587#1,0.0014531422
828203038#2,0.0000000000
-61902755,0.0013753821
-814061747#3,0.0408580829
61902755,0.0014531422
814061747#5,0.0337600420
-61902767,0.0013753821
-876343448#3,0.0469889824
61902767,0.0014531422
876343448#5,0.0288878845
-61902802,0.0014531422
-876343448#2,0.0471688026
876343448#3,0.0286375941
61902802,0.0013753821
-6263816#0,0.0147768528
6263816#1,0.0450352594
678743175,0.0014531422
-6263816#1,0.0125363893
6263816#2,0.0426684357
678743174,0.0014531422
-6263816#2,0.0103250859
6263816#3,0.0402918920
678743173,0.0014531422
-6263818#0,0.0010497616
6263818#1,0.0037859458
26216780#2,0.0014555722
474166985#1,0.0041941865
6272848#1,0.0000000000
-652756923#0,0.0014531422
60942914#2,0.0052269380
652756923#1,0.0035380854
652756923#0,0.0013753821
-678743173,0.0013753821
-678743174,0.0013753821
-678743175,0.0013753821
-712622895,0.0024324337
-712622897#1,0.0010619116
712622897#2,0.0000000000
-712622899#0,0.0135861509
712622895,0.0025101939
712622899#1,0.0062232396
-712622896,0.0003134705
-712622897#0,0.0000000000
712622897#1,0.0010619116
-712622899#1,0.0111682972
712622896,0.0003912306
712622899#2,0.0057834089
-712622899#2,0.0108839868
712622897#0,0.0000000000
712622899#3,0.0050301077
-712622899#3,0.0102084457
-7924764#1,0.0042233465
-876057371,0.0000000000
7924763,0.0002891704
-7365262,0.0092048542
74277990,0.0037203357
-747494340,0.0013753821
-803012921#0,0.0511272787
747494340,0.0014531422
803012921#1,0.0375386978
-747796587#1,0.0013753821
-75505659,0.0013753821
-760785104#0,0.0027459042
-760785104#2,0.0014531422
760785104#1,0.0014531422
-760785104#1,0.0013753821
760785104#2,0.0013753821
761190893,0.0013753821
-768058866,0.0013753821
-774894964,0.0013753821
778869028,0.0013753821
-782714966#0,0.0487726051
782714966#1,0.0306666472
882243017,0.0014531422
-782714971#3,0.0725501917
219797801#1,0.0022526135
782714971#4,0.0709755493
-880137009#1,0.0542911436
783907721#0,0.0493655260
-783907721#1,0.0555377355
783907721#2,0.0508794184
-787570921,0.0013753821
-7924763,0.0044080268
7924760#0,0.0053435782
-7924760#2,0.0026001040
7924760#3,0.0038637060
-7924760#3,0.0025320639
7924760#4,0.0051175879
-7924760#4,0.0038637060
7924760#5,0.0064589499
-7924760#5,0.0052828281
-814061747#10,0.0312571381
gneE0,0.0411472534
-803012921#4,0.0461603511
410947639,0.0014555722
7924764#0,0.0065367101
876343451#0,0.0377695482
-7924766,0.0000486001
-876343452#3,0.0178362275
876343452#4,0.0127016296
-876343449#3,0.0531733419
7924766,0.0002211303
876343449#4,0.0408823830
-7924768,0.0017228727
876343452#0,0.0157634343
-7924772,0.0015867924
876057378#0,0.0029840446
-803012921#1,0.0497032965
803012921#2,0.0370478371
-803012921#3,0.0479123838
803012921#4,0.0365958564
-8050332,0.0013753821
-813586707#0,0.0001822503
-813586708#1,0.0007605912
813586707#1,0.0039973562
-813586708#0,0.0005248808
813586708#1,0.0008505013
813586709,0.0000000000
-814061747#0,0.0459149207
814061747#1,0.0308659075
-876343448#5,0.0460169809
814061747#0,0.0287080642
-814061747#1,0.0426392757
814061747#2,0.0312619981
-814061747#9,0.0320007193
814061747#10,0.0380732986
-814061747#2,0.0417353143
814061747#3,0.0316848188
-814061747#5,0.0375775779
814061747#6,0.0342023027
-814061747#6,0.0367197865
814061747#7,0.0347053134
-814061747#7,0.0359227453
814061747#8,0.0370381170
-814061747#8,0.0328220605
814061747#9,0.0375168278
-814303496#0,0.0491541157
36847354#5,0.0341221125
814303496#1,0.0341221125
-876343451#3,0.0492537459
814303496#0,0.0318524891
-814303496#1,0.0462624112
36847354#0,0.0378059982
36847663#2,0.0378059982
876343448#0,0.0378059982
-814505163,0.0013753821
8162045,0.0015066023
-821347183,0.0013753821
-828195561#0,0.0339131322
876057380,0.0339131322
828195561#1,0.0446197287
-gneE0,0.0332327312
828195561#0,0.0417498943
-828195561#1,0.0012150019
782710712,0.0463790514
-834922892#0,0.0027459042
-834922892#2,0.0014531422
834922892#1,0.0014531422
-834922892#1,0.0013753821
834922892#2,0.0013753821
-866713606#0,0.0000024300
866713606#0,0.0000024300
-876057368,0.0014580022
876057368,0.0000024300
-876057378#0,0.0002502904
876057378#1,0.0026900141
-876057378#1,0.0000340201
36852252,0.0002357104
876057378#2,0.0034846254
-876057378#2,0.0011421018
36852266#1,0.0036012655
876057378#3,0.0009355514
-876057378#3,0.0022720535
36852271,0.0013559421
876057378#4,0.0006342310
-876057378#4,0.0034044352
36852284,0.0002357104
876057378#5,0.0014531422
-876057378#5,0.0045368170
36852290,0.0024761738
876057378#6,0.0000340201
-876112258,0.0014531422
-876343451#0,0.0500823771
876343451#1,0.0363455660
876112258,0.0013753821
-876343448#0,0.0414850239
36847354#1,0.0114671877
36847663#0,0.0014385622
876343448#1,0.0298914760
-876343448#1,0.0465540117
61902775,0.0014555722
876343448#2,0.0289729346
-876343449#0,0.0752936660
36851877#1,0.0014555722
876343449#1,0.0429090061
-876343449#1,0.0742511943
876343449#2,0.0421605649
-876343449#2,0.0550493048
876343449#3,0.0415846540
-876343451#1,0.0488139152
876343451#2,0.0373005574
-876343451#2,0.0457423904
69421990#0,0.0087042734
876343451#3,0.0320298793
-876343452#0,0.0009112514
36851877#0,0.0005977809
876343452#1,0.0148886329
-876343452#1,0.0007119911
36851861,0.0185312085
876343452#2,0.0141061717
-876343452#6,0.0156467941
876343452#7,0.0103299459
-880137009#0,0.0541186133
575692603#2,0.0000000000
880137009#1,0.0492610359
747448014,0.0626552165
880137009#0,0.0491662657
782714970,0.0603442829
880137010,0.0157439942
-880142677,0.0014482822
26216779#1,0.0163660752
474168056#1,0.0000000000
880142677,0.0041212863
-882243018,0.0013753821
96687079#0,0.0100918055
-96687079#1,0.0017811927
96687079#2,0.0131098702
-96687079#2,0.0022671935
96687079#3,0.0155058539
-96687079#3,0.0019853131
96687079#4,0.0319229592
-gneE2,0.0041115663
-gneE3,0.0029014245
gneE3,0.0027459042
gneE4,0.0014531422
-gneE4,0.0013753821
10271492#1,0.0086896934
106651992,0.0026511341
106652005#2,0.0039584761
106651998#1,0.0004155306
106652005#1,0.0066873703
106652029#2,0.0069425207
106652030#3,0.0065099800
106652004,0.0013778121
106652005#0,0.0013778121
106652005#3,0.0000000000
106652008,0.0108232367
106652010#0,0.0042865266
394945362,0.0006876911
4924950,0.0471809527
106652010#1,0.0007217111
355530777,0.0034870554
60942914#0,0.0021213933
6263815#1,0.0522329304
106652018,0.0008966714
106652030#2,0.0013559421
106652029#0,0.0013778121
106652030#0,0.0000923401
36975795#1,0.0026632841
255228355,0.0013583721
255228356,0.0000000000
255228357,0.0059170591
136695983#0,0.0013778121
136695983#1,0.0097200150
280335866#5,0.0097200150
153134060#0,0.0013778121
255228346,0.0029160045
255228348,0.0029160045
216943296#1,0.0019853131
62229574,0.0011542518
219796104#3,0.0254810192
219796104#1,0.0183173682
219796104#2,0.0237192665
219796104#4,0.0196125602
219796117#0,0.0057906989
219796113#2,0.0076156317
219796113#7,0.0024032737
219796130#1,0.0013705221
219796113#8,0.0025126239
231818115#1,0.0001069202
219796117#1,0.0057202288
219796117#2,0.0070178508
219796117#3,0.0054796584
219796124#0,0.0014604322
219796123#1,0.0014239822
219796124#1,0.0000072900
219796125,0.0013753821
41766849#2,0.0113845675
219797783#1,0.0146626426
219797792#1,0.0026292640
219797783#2,0.0006172210
219797796#1,0.0139968216
219797783#3,0.0061406195
41766849#3,0.0121330087
219797801#0,0.0013778121
41766849#1,0.0110103470
219798594,0.0000024300
219822382#0,0.0040508162
474166985#2,0.0000656101
219822382#2,0.0014507122
26216780#1,0.0043497067
4935299#1,0.0138485913
474168056#0,0.0027507642
219822417#1,0.0025879540
231819405,0.0000048600
25162906#1,0.0013923921
248740644#2,0.0013559421
332645871,0.0003037505
25072974#1,0.0171169464
25072974#2,0.0014312722
25072975#0,0.0156079140
25072975#1,0.0007144211
25072978,0.0148157328
25072977,0.0007265711
61652404#1,0.0011907018
61652408#1,0.0155617440
25162906#0,0.0000194400
61652404#0,0.0005418908
61652408#0,0.0008237713
255228345,0.0014604322
255228349#0,0.0013802421
255228349#1,0.0027556242
255228350,0.0058125690
255228359,0.0058125690
478100143,0.0071782311
255228351,0.0052220780
280335866#3,0.0073070213
280335873,0.0098390852
255228352#1,0.0000583201
7925270#1,0.0044420468
478100151,0.0000607501
255228353,0.0010959317
255228360,0.0000000000
7925270#0,0.0003110405
478100145,0.0024761738
255228354#0,0.0000048600
255228354#1,0.0000243000
26216779#0,0.0137708312
26216781#0,0.0160453147
783647336,0.0002430004
26216780#0,0.0142981420
783647337,0.0000000000
26216781#1,0.0253279290
474166985#6,0.0014531422
26216781#3,0.0315463086
37649100#0,0.0030107746
275267999#1,0.0014604322
280335866#4,0.0084199630
33196739,0.0154839838
332644487#1,0.0027556242
60942914#1,0.0055306885
36847663#1,0.0085390332
36851882,0.0013778121
36851883,0.0013778121
36851884,0.0013778121
36851894,0.0013778121
36975795#0,0.0013802421
37649100#1,0.0015746424
474168056#3,0.0027337542
410941454,0.0000024300
465886916#2,0.0131803403
465886917#1,0.0021845734
474166981,0.0013778121
474166985#0,0.0013778121
474166985#4,0.0067408304
474168602#0,0.0000583201
474166985#5,0.0108135167
4935287#2,0.0212552427
474168056#2,0.0013753821
478100144,0.0038515559
478100148,0.0000388801
478100149,0.0000510301
478100150,0.0000583201
478100153,0.0027993643
478100154#1,0.0000048600
478100154#0,0.0014045422
783647325#0,0.0214204830
4935299#0,0.0013778121
5029410#3,0.0349677539
6074576#1,0.0029160045
6074658#0,0.0013826721
6074658#1,0.0027604843
6074658#2,0.0041334364
61902737,0.0013778121
61902746#0,0.0013875321
61902746#1,0.0000048600
61902790#0,0.0027653443
61902751#0,0.0027653443
61902779#1,0.0000048600
61902751#1,0.0055112485
61902777#1,0.0000097200
61902759#0,0.0013875321
61902759#1,0.0000048600
61902797#0,0.0027653443
61902760,0.0013778121
61902777#0,0.0013826721
61902779#0,0.0013875321
61902788,0.0013778121
61902790#1,0.0055112485
61902824#1,0.0000097200
61902791,0.0013778121
61902797#1,0.0055112485
61902806#1,0.0000097200
61902804,0.0013778121
61902806#0,0.0013826721
61902822,0.0013778121
61902824#0,0.0013826721
61902825,0.0013778121
69421988,0.0041042763
69421990#3,0.0014555722
69421989,0.0014555722
69421990#2,0.0056376087
69421990#1,0.0071709410
69421991,0.0014555722
876057372,0.0013778121
