instance_id,source_file,source_path,group,metric,Shapiro_W,Shapiro_p
A_k4_1od_x0.8,assumption_checks.csv,D:\PSPS\runs_A_k4_1od_x0.8\analysis\tables\assumption_checks.csv,both,ATT,0.922377204204184,0.3772091611854074
A_k4_1od_x0.8,assumption_checks.csv,D:\PSPS\runs_A_k4_1od_x0.8\analysis\tables\assumption_checks.csv,init,ATT,0.8438040983140815,0.0490005809395528
A_k4_1od_x0.8,assumption_checks.csv,D:\PSPS\runs_A_k4_1od_x0.8\analysis\tables\assumption_checks.csv,mutation,ATT,0.9806091774622656,0.9683444496036038
A_k4_1od_x0.8,assumption_checks.csv,D:\PSPS\runs_A_k4_1od_x0.8\analysis\tables\assumption_checks.csv,none,ATT,0.8903041159008761,0.1709187032794286
A_k4_1od_x0.8,assumption_checks.csv,D:\PSPS\runs_A_k4_1od_x0.8\analysis\tables\assumption_checks.csv,paired_diff(init-none),ATT,0.8989202341376643,0.2131872261075359
A_k4_1od_x0.8,assumption_checks.csv,D:\PSPS\runs_A_k4_1od_x0.8\analysis\tables\assumption_checks.csv,paired_diff(mutation-none),ATT,0.920430362795604,0.360558282522385
A_k4_1od_x0.8,assumption_checks.csv,D:\PSPS\runs_A_k4_1od_x0.8\analysis\tables\assumption_checks.csv,paired_diff(both-none),ATT,0.9573264124520146,0.755010410151377
A_k4_1od_x1.0,assumption_checks.csv,D:\PSPS\runs_A_k4_1od_x1.0\analysis\tables\assumption_checks.csv,both,ATT,0.9491032887431434,0.6579023717603689
A_k4_1od_x1.0,assumption_checks.csv,D:\PSPS\runs_A_k4_1od_x1.0\analysis\tables\assumption_checks.csv,init,ATT,0.9724478309600306,0.9125662832885608
A_k4_1od_x1.0,assumption_checks.csv,D:\PSPS\runs_A_k4_1od_x1.0\analysis\tables\assumption_checks.csv,mutation,ATT,0.9482243279029912,0.6475402864821735
A_k4_1od_x1.0,assumption_checks.csv,D:\PSPS\runs_A_k4_1od_x1.0\analysis\tables\assumption_checks.csv,none,ATT,0.9551127970326748,0.7290354432541
A_k4_1od_x1.0,assumption_checks.csv,D:\PSPS\runs_A_k4_1od_x1.0\analysis\tables\assumption_checks.csv,paired_diff(init-none),ATT,0.8763596158024871,0.1184836965209096
A_k4_1od_x1.0,assumption_checks.csv,D:\PSPS\runs_A_k4_1od_x1.0\analysis\tables\assumption_checks.csv,paired_diff(mutation-none),ATT,0.9310260069475867,0.4580597273177978
A_k4_1od_x1.0,assumption_checks.csv,D:\PSPS\runs_A_k4_1od_x1.0\analysis\tables\assumption_checks.csv,paired_diff(both-none),ATT,0.9078872896170662,0.2667919494667129
A_k4_2od_x0.8,assumption_checks.csv,D:\PSPS\runs_A_k4_2od_x0.8\analysis\tables\assumption_checks.csv,both,ATT,0.968671942283817,0.8782659244414033
A_k4_2od_x0.8,assumption_checks.csv,D:\PSPS\runs_A_k4_2od_x0.8\analysis\tables\assumption_checks.csv,init,ATT,0.9193555090327176,0.3516109478684462
A_k4_2od_x0.8,assumption_checks.csv,D:\PSPS\runs_A_k4_2od_x0.8\analysis\tables\assumption_checks.csv,mutation,ATT,0.9202791426258714,0.35928893834415
A_k4_2od_x0.8,assumption_checks.csv,D:\PSPS\runs_A_k4_2od_x0.8\analysis\tables\assumption_checks.csv,none,ATT,0.8495143201663773,0.0573211361518411
A_k4_2od_x0.8,assumption_checks.csv,D:\PSPS\runs_A_k4_2od_x0.8\analysis\tables\assumption_checks.csv,paired_diff(init-none),ATT,0.8570684129010766,0.0704616369137259
A_k4_2od_x0.8,assumption_checks.csv,D:\PSPS\runs_A_k4_2od_x0.8\analysis\tables\assumption_checks.csv,paired_diff(mutation-none),ATT,0.90138980729621,0.2269151971897091
A_k4_2od_x0.8,assumption_checks.csv,D:\PSPS\runs_A_k4_2od_x0.8\analysis\tables\assumption_checks.csv,paired_diff(both-none),ATT,0.8983653439954553,0.2102059510603389
A_k4_2od_x1.0,assumption_checks.csv,D:\PSPS\runs_A_k4_2od_x1.0\analysis\tables\assumption_checks.csv,both,ATT,0.9437352181303637,0.595273169444771
A_k4_2od_x1.0,assumption_checks.csv,D:\PSPS\runs_A_k4_2od_x1.0\analysis\tables\assumption_checks.csv,init,ATT,0.925260015669318,0.4029183014488613
A_k4_2od_x1.0,assumption_checks.csv,D:\PSPS\runs_A_k4_2od_x1.0\analysis\tables\assumption_checks.csv,mutation,ATT,0.9189550718424032,0.34832219732102
A_k4_2od_x1.0,assumption_checks.csv,D:\PSPS\runs_A_k4_2od_x1.0\analysis\tables\assumption_checks.csv,none,ATT,0.8980231221335734,0.2083858450064968
A_k4_2od_x1.0,assumption_checks.csv,D:\PSPS\runs_A_k4_2od_x1.0\analysis\tables\assumption_checks.csv,paired_diff(init-none),ATT,0.9450137587989672,0.6100221017174281
A_k4_2od_x1.0,assumption_checks.csv,D:\PSPS\runs_A_k4_2od_x1.0\analysis\tables\assumption_checks.csv,paired_diff(mutation-none),ATT,0.9096468780774426,0.2785742491508636
A_k4_2od_x1.0,assumption_checks.csv,D:\PSPS\runs_A_k4_2od_x1.0\analysis\tables\assumption_checks.csv,paired_diff(both-none),ATT,0.9430546365292432,0.5874762666117387
A_k4_2od_x1.2,assumption_checks.csv,D:\PSPS\runs_A_k4_2od_x1.2\analysis\tables\assumption_checks.csv,both,ATT,0.9093781679567472,0.2767469585160809
A_k4_2od_x1.2,assumption_checks.csv,D:\PSPS\runs_A_k4_2od_x1.2\analysis\tables\assumption_checks.csv,init,ATT,0.941529740676303,0.5701576505519668
A_k4_2od_x1.2,assumption_checks.csv,D:\PSPS\runs_A_k4_2od_x1.2\analysis\tables\assumption_checks.csv,mutation,ATT,0.9121167272563414,0.2958495217191602
A_k4_2od_x1.2,assumption_checks.csv,D:\PSPS\runs_A_k4_2od_x1.2\analysis\tables\assumption_checks.csv,none,ATT,0.9482216797551908,0.647509114064672
A_k4_2od_x1.2,assumption_checks.csv,D:\PSPS\runs_A_k4_2od_x1.2\analysis\tables\assumption_checks.csv,paired_diff(init-none),ATT,0.9233043375051226,0.3853404131087706
A_k4_2od_x1.2,assumption_checks.csv,D:\PSPS\runs_A_k4_2od_x1.2\analysis\tables\assumption_checks.csv,paired_diff(mutation-none),ATT,0.912685635043618,0.2999526753037295
A_k4_2od_x1.2,assumption_checks.csv,D:\PSPS\runs_A_k4_2od_x1.2\analysis\tables\assumption_checks.csv,paired_diff(both-none),ATT,0.8980526984398853,0.2085425901106008
B_k9_1od_x0.8,assumption_checks.csv,D:\PSPS\runs_B_k9_1od_x0.8\analysis\tables\assumption_checks.csv,both,ATT,0.9129001395779236,0.3015119231573168
B_k9_1od_x0.8,assumption_checks.csv,D:\PSPS\runs_B_k9_1od_x0.8\analysis\tables\assumption_checks.csv,init,ATT,0.9626047472536507,0.8151169345455829
B_k9_1od_x0.8,assumption_checks.csv,D:\PSPS\runs_B_k9_1od_x0.8\analysis\tables\assumption_checks.csv,mutation,ATT,0.9201846308479944,0.3584973608133893
B_k9_1od_x0.8,assumption_checks.csv,D:\PSPS\runs_B_k9_1od_x0.8\analysis\tables\assumption_checks.csv,none,ATT,0.8507740572012903,0.0593338308685598
B_k9_1od_x0.8,assumption_checks.csv,D:\PSPS\runs_B_k9_1od_x0.8\analysis\tables\assumption_checks.csv,paired_diff(init-none),ATT,0.9076695426337124,0.2653637973253643
B_k9_1od_x0.8,assumption_checks.csv,D:\PSPS\runs_B_k9_1od_x0.8\analysis\tables\assumption_checks.csv,paired_diff(mutation-none),ATT,0.944862922271356,0.6082755860925235
B_k9_1od_x0.8,assumption_checks.csv,D:\PSPS\runs_B_k9_1od_x0.8\analysis\tables\assumption_checks.csv,paired_diff(both-none),ATT,0.8464568258286629,0.0527082527282962
B_k9_1od_x1.0,assumption_checks.csv,D:\PSPS\runs_B_k9_1od_x1.0\analysis\tables\assumption_checks.csv,both,ATT,0.8449010540157896,0.0505018724475494
B_k9_1od_x1.0,assumption_checks.csv,D:\PSPS\runs_B_k9_1od_x1.0\analysis\tables\assumption_checks.csv,init,ATT,0.955980091656858,0.7392457558933907
B_k9_1od_x1.0,assumption_checks.csv,D:\PSPS\runs_B_k9_1od_x1.0\analysis\tables\assumption_checks.csv,mutation,ATT,0.8828815111727537,0.1407980936423695
B_k9_1od_x1.0,assumption_checks.csv,D:\PSPS\runs_B_k9_1od_x1.0\analysis\tables\assumption_checks.csv,none,ATT,0.982685315723222,0.9779062152088258
B_k9_1od_x1.0,assumption_checks.csv,D:\PSPS\runs_B_k9_1od_x1.0\analysis\tables\assumption_checks.csv,paired_diff(init-none),ATT,0.8517784944809199,0.0609876343173333
B_k9_1od_x1.0,assumption_checks.csv,D:\PSPS\runs_B_k9_1od_x1.0\analysis\tables\assumption_checks.csv,paired_diff(mutation-none),ATT,0.9167162733978936,0.3303792125431243
B_k9_1od_x1.0,assumption_checks.csv,D:\PSPS\runs_B_k9_1od_x1.0\analysis\tables\assumption_checks.csv,paired_diff(both-none),ATT,0.9381244373531072,0.5323386146628382
B_k9_1od_x1.2,assumption_checks.csv,D:\PSPS\runs_B_k9_1od_x1.2\analysis\tables\assumption_checks.csv,both,ATT,0.9053865990760932,0.2507802742856487
B_k9_1od_x1.2,assumption_checks.csv,D:\PSPS\runs_B_k9_1od_x1.2\analysis\tables\assumption_checks.csv,init,ATT,0.9711304890530248,0.901124339886562
B_k9_1od_x1.2,assumption_checks.csv,D:\PSPS\runs_B_k9_1od_x1.2\analysis\tables\assumption_checks.csv,mutation,ATT,0.8750434083361716,0.1144033697599756
B_k9_1od_x1.2,assumption_checks.csv,D:\PSPS\runs_B_k9_1od_x1.2\analysis\tables\assumption_checks.csv,none,ATT,0.9377035157590604,0.5277542986355301
B_k9_1od_x1.2,assumption_checks.csv,D:\PSPS\runs_B_k9_1od_x1.2\analysis\tables\assumption_checks.csv,paired_diff(init-none),ATT,0.9538970809239584,0.7146724187154276
B_k9_1od_x1.2,assumption_checks.csv,D:\PSPS\runs_B_k9_1od_x1.2\analysis\tables\assumption_checks.csv,paired_diff(mutation-none),ATT,0.964724418565442,0.8380946992170126
B_k9_1od_x1.2,assumption_checks.csv,D:\PSPS\runs_B_k9_1od_x1.2\analysis\tables\assumption_checks.csv,paired_diff(both-none),ATT,0.9650887397174772,0.8419554787485013
B_k9_2od_x0.8,assumption_checks.csv,D:\PSPS\runs_B_k9_2od_x0.8\analysis\tables\assumption_checks.csv,both,ATT,0.934045966704353,0.4888455440224464
B_k9_2od_x0.8,assumption_checks.csv,D:\PSPS\runs_B_k9_2od_x0.8\analysis\tables\assumption_checks.csv,init,ATT,0.8393051344368132,0.0432863468979218
B_k9_2od_x0.8,assumption_checks.csv,D:\PSPS\runs_B_k9_2od_x0.8\analysis\tables\assumption_checks.csv,mutation,ATT,0.8388549228564381,0.0427517558355521
B_k9_2od_x0.8,assumption_checks.csv,D:\PSPS\runs_B_k9_2od_x0.8\analysis\tables\assumption_checks.csv,none,ATT,0.9670146824030976,0.8618708168743168
B_k9_2od_x0.8,assumption_checks.csv,D:\PSPS\runs_B_k9_2od_x0.8\analysis\tables\assumption_checks.csv,paired_diff(init-none),ATT,0.8896129525269648,0.1678821897153364
B_k9_2od_x0.8,assumption_checks.csv,D:\PSPS\runs_B_k9_2od_x0.8\analysis\tables\assumption_checks.csv,paired_diff(mutation-none),ATT,0.8684444821068582,0.0958737603388871
B_k9_2od_x0.8,assumption_checks.csv,D:\PSPS\runs_B_k9_2od_x0.8\analysis\tables\assumption_checks.csv,paired_diff(both-none),ATT,0.8548681849562917,0.0663597965460404
B_k9_2od_x1.0,assumption_checks.csv,D:\PSPS\runs_B_k9_2od_x1.0\analysis\tables\assumption_checks.csv,both,ATT,0.9026521938879458,0.2342289345930652
B_k9_2od_x1.0,assumption_checks.csv,D:\PSPS\runs_B_k9_2od_x1.0\analysis\tables\assumption_checks.csv,init,ATT,0.9098165831016513,0.279733517808353
B_k9_2od_x1.0,assumption_checks.csv,D:\PSPS\runs_B_k9_2od_x1.0\analysis\tables\assumption_checks.csv,mutation,ATT,0.9776791414929912,0.951547684678865
B_k9_2od_x1.0,assumption_checks.csv,D:\PSPS\runs_B_k9_2od_x1.0\analysis\tables\assumption_checks.csv,none,ATT,0.9430146398719396,0.5870192982186963
B_k9_2od_x1.0,assumption_checks.csv,D:\PSPS\runs_B_k9_2od_x1.0\analysis\tables\assumption_checks.csv,paired_diff(init-none),ATT,0.9606555395742372,0.7933212850994907
B_k9_2od_x1.0,assumption_checks.csv,D:\PSPS\runs_B_k9_2od_x1.0\analysis\tables\assumption_checks.csv,paired_diff(mutation-none),ATT,0.9643032857759474,0.8335977162719144
B_k9_2od_x1.0,assumption_checks.csv,D:\PSPS\runs_B_k9_2od_x1.0\analysis\tables\assumption_checks.csv,paired_diff(both-none),ATT,0.9237946778592634,0.3896934255057201
B_k9_2od_x1.2,assumption_checks.csv,D:\PSPS\runs_B_k9_2od_x1.2\analysis\tables\assumption_checks.csv,both,ATT,0.953219498135974,0.706649705920825
B_k9_2od_x1.2,assumption_checks.csv,D:\PSPS\runs_B_k9_2od_x1.2\analysis\tables\assumption_checks.csv,init,ATT,0.925581756395154,0.4058653411992654
B_k9_2od_x1.2,assumption_checks.csv,D:\PSPS\runs_B_k9_2od_x1.2\analysis\tables\assumption_checks.csv,mutation,ATT,0.8457443047782405,0.051686344550998
B_k9_2od_x1.2,assumption_checks.csv,D:\PSPS\runs_B_k9_2od_x1.2\analysis\tables\assumption_checks.csv,none,ATT,0.9588583936024696,0.7727804606157747
B_k9_2od_x1.2,assumption_checks.csv,D:\PSPS\runs_B_k9_2od_x1.2\analysis\tables\assumption_checks.csv,paired_diff(init-none),ATT,0.9856581895562504,0.9882325210449964
B_k9_2od_x1.2,assumption_checks.csv,D:\PSPS\runs_B_k9_2od_x1.2\analysis\tables\assumption_checks.csv,paired_diff(mutation-none),ATT,0.9355187665336082,0.5043075404026507
B_k9_2od_x1.2,assumption_checks.csv,D:\PSPS\runs_B_k9_2od_x1.2\analysis\tables\assumption_checks.csv,paired_diff(both-none),ATT,0.9937908509003762,0.9995247904398276
B_k9_3od_x0.8,assumption_checks.csv,D:\PSPS\runs_B_k9_3od_x0.8\analysis\tables\assumption_checks.csv,both,ATT,0.848497996854903,0.0557458444793235
B_k9_3od_x0.8,assumption_checks.csv,D:\PSPS\runs_B_k9_3od_x0.8\analysis\tables\assumption_checks.csv,init,ATT,0.949109760409056,0.6579787719849288
B_k9_3od_x0.8,assumption_checks.csv,D:\PSPS\runs_B_k9_3od_x0.8\analysis\tables\assumption_checks.csv,mutation,ATT,0.91802176622761,0.3407507604839898
B_k9_3od_x0.8,assumption_checks.csv,D:\PSPS\runs_B_k9_3od_x0.8\analysis\tables\assumption_checks.csv,none,ATT,0.9648602794544622,0.8395377035468006
B_k9_3od_x0.8,assumption_checks.csv,D:\PSPS\runs_B_k9_3od_x0.8\analysis\tables\assumption_checks.csv,paired_diff(init-none),ATT,0.9662570097606727,0.8541396478090917
B_k9_3od_x0.8,assumption_checks.csv,D:\PSPS\runs_B_k9_3od_x0.8\analysis\tables\assumption_checks.csv,paired_diff(mutation-none),ATT,0.975808416470186,0.9388703759056296
B_k9_3od_x0.8,assumption_checks.csv,D:\PSPS\runs_B_k9_3od_x0.8\analysis\tables\assumption_checks.csv,paired_diff(both-none),ATT,0.9058043726190352,0.2533962796545225
B_k9_3od_x1.0,assumption_checks.csv,D:\PSPS\runs_B_k9_3od_x1.0\analysis\tables\assumption_checks.csv,both,ATT,0.9191344862761516,0.3497927211058518
B_k9_3od_x1.0,assumption_checks.csv,D:\PSPS\runs_B_k9_3od_x1.0\analysis\tables\assumption_checks.csv,init,ATT,0.9528656278841452,0.7024567143005529
B_k9_3od_x1.0,assumption_checks.csv,D:\PSPS\runs_B_k9_3od_x1.0\analysis\tables\assumption_checks.csv,mutation,ATT,0.8908668953817129,0.1734281684721126
B_k9_3od_x1.0,assumption_checks.csv,D:\PSPS\runs_B_k9_3od_x1.0\analysis\tables\assumption_checks.csv,none,ATT,0.9329108008448972,0.4771258392769884
B_k9_3od_x1.0,assumption_checks.csv,D:\PSPS\runs_B_k9_3od_x1.0\analysis\tables\assumption_checks.csv,paired_diff(init-none),ATT,0.8891533869836897,0.1658905835796455
B_k9_3od_x1.0,assumption_checks.csv,D:\PSPS\runs_B_k9_3od_x1.0\analysis\tables\assumption_checks.csv,paired_diff(mutation-none),ATT,0.8850940636755793,0.1492189273772959
B_k9_3od_x1.0,assumption_checks.csv,D:\PSPS\runs_B_k9_3od_x1.0\analysis\tables\assumption_checks.csv,paired_diff(both-none),ATT,0.9173618763739878,0.3354763514849203
B_k9_3od_x1.2,assumption_checks.csv,D:\PSPS\runs_B_k9_3od_x1.2\analysis\tables\assumption_checks.csv,both,ATT,0.9674543971298524,0.8662919038471739
B_k9_3od_x1.2,assumption_checks.csv,D:\PSPS\runs_B_k9_3od_x1.2\analysis\tables\assumption_checks.csv,init,ATT,0.911926799250344,0.2944901044136281
B_k9_3od_x1.2,assumption_checks.csv,D:\PSPS\runs_B_k9_3od_x1.2\analysis\tables\assumption_checks.csv,mutation,ATT,0.8375770957462568,0.0412693985990811
B_k9_3od_x1.2,assumption_checks.csv,D:\PSPS\runs_B_k9_3od_x1.2\analysis\tables\assumption_checks.csv,none,ATT,0.9118090133207312,0.2936496571962097
B_k9_3od_x1.2,assumption_checks.csv,D:\PSPS\runs_B_k9_3od_x1.2\analysis\tables\assumption_checks.csv,paired_diff(init-none),ATT,0.90311172644563,0.2369420823583118
B_k9_3od_x1.2,assumption_checks.csv,D:\PSPS\runs_B_k9_3od_x1.2\analysis\tables\assumption_checks.csv,paired_diff(mutation-none),ATT,0.9711882597721192,0.901638481501036
B_k9_3od_x1.2,assumption_checks.csv,D:\PSPS\runs_B_k9_3od_x1.2\analysis\tables\assumption_checks.csv,paired_diff(both-none),ATT,0.9639960082813231,0.830294184747957
C_k9_1od_x0.8,assumption_checks.csv,D:\PSPS\runs_C_k9_1od_x0.8\analysis\tables\assumption_checks.csv,both,ATT,0.8306485496134393,0.0340679917079263
C_k9_1od_x0.8,assumption_checks.csv,D:\PSPS\runs_C_k9_1od_x0.8\analysis\tables\assumption_checks.csv,init,ATT,0.7616172527634428,0.0049432844200819
C_k9_1od_x0.8,assumption_checks.csv,D:\PSPS\runs_C_k9_1od_x0.8\analysis\tables\assumption_checks.csv,mutation,ATT,0.7051892638248891,0.0010181976274979
C_k9_1od_x0.8,assumption_checks.csv,D:\PSPS\runs_C_k9_1od_x0.8\analysis\tables\assumption_checks.csv,none,ATT,0.7903038974700303,0.0110511143292167
C_k9_1od_x0.8,assumption_checks.csv,D:\PSPS\runs_C_k9_1od_x0.8\analysis\tables\assumption_checks.csv,paired_diff(init-none),ATT,0.8862111237590651,0.1536454416875856
C_k9_1od_x0.8,assumption_checks.csv,D:\PSPS\runs_C_k9_1od_x0.8\analysis\tables\assumption_checks.csv,paired_diff(mutation-none),ATT,0.9294190463390952,0.4422022416272559
C_k9_1od_x0.8,assumption_checks.csv,D:\PSPS\runs_C_k9_1od_x0.8\analysis\tables\assumption_checks.csv,paired_diff(both-none),ATT,0.9311179691784808,0.458978401629911
C_k9_1od_x1.0,assumption_checks.csv,D:\PSPS\runs_C_k9_1od_x1.0\analysis\tables\assumption_checks.csv,both,ATT,0.9469601508712534,0.6326967704068641
C_k9_1od_x1.0,assumption_checks.csv,D:\PSPS\runs_C_k9_1od_x1.0\analysis\tables\assumption_checks.csv,init,ATT,0.7863631502291872,0.0098955919875841
C_k9_1od_x1.0,assumption_checks.csv,D:\PSPS\runs_C_k9_1od_x1.0\analysis\tables\assumption_checks.csv,mutation,ATT,0.891046097445183,0.1742342715434309
C_k9_1od_x1.0,assumption_checks.csv,D:\PSPS\runs_C_k9_1od_x1.0\analysis\tables\assumption_checks.csv,none,ATT,0.9562671639184436,0.7426167721620552
C_k9_1od_x1.0,assumption_checks.csv,D:\PSPS\runs_C_k9_1od_x1.0\analysis\tables\assumption_checks.csv,paired_diff(init-none),ATT,0.9598511701914868,0.7841739781474003
C_k9_1od_x1.0,assumption_checks.csv,D:\PSPS\runs_C_k9_1od_x1.0\analysis\tables\assumption_checks.csv,paired_diff(mutation-none),ATT,0.9479141335548756,0.6438909633970735
C_k9_1od_x1.0,assumption_checks.csv,D:\PSPS\runs_C_k9_1od_x1.0\analysis\tables\assumption_checks.csv,paired_diff(both-none),ATT,0.8057227646788849,0.0170151054283967
C_k9_1od_x1.2,assumption_checks.csv,D:\PSPS\runs_C_k9_1od_x1.2\analysis\tables\assumption_checks.csv,both,ATT,0.9490060710866166,0.6567548561238504
C_k9_1od_x1.2,assumption_checks.csv,D:\PSPS\runs_C_k9_1od_x1.2\analysis\tables\assumption_checks.csv,init,ATT,0.8619603106625763,0.0804763782501662
C_k9_1od_x1.2,assumption_checks.csv,D:\PSPS\runs_C_k9_1od_x1.2\analysis\tables\assumption_checks.csv,mutation,ATT,0.9479078942264494,0.6438176044779453
C_k9_1od_x1.2,assumption_checks.csv,D:\PSPS\runs_C_k9_1od_x1.2\analysis\tables\assumption_checks.csv,none,ATT,0.9506311506776348,0.6759720832140527
C_k9_1od_x1.2,assumption_checks.csv,D:\PSPS\runs_C_k9_1od_x1.2\analysis\tables\assumption_checks.csv,paired_diff(init-none),ATT,0.9449733852951924,0.6095544593845585
C_k9_1od_x1.2,assumption_checks.csv,D:\PSPS\runs_C_k9_1od_x1.2\analysis\tables\assumption_checks.csv,paired_diff(mutation-none),ATT,0.9432164711505616,0.5893266829609702
C_k9_1od_x1.2,assumption_checks.csv,D:\PSPS\runs_C_k9_1od_x1.2\analysis\tables\assumption_checks.csv,paired_diff(both-none),ATT,0.963974744663246,0.8300648999794703
C_k9_2od_x0.8,assumption_checks.csv,D:\PSPS\runs_C_k9_2od_x0.8\analysis\tables\assumption_checks.csv,both,ATT,0.9726191103052776,0.9140095096172798
C_k9_2od_x0.8,assumption_checks.csv,D:\PSPS\runs_C_k9_2od_x0.8\analysis\tables\assumption_checks.csv,init,ATT,0.9585456922907823,0.7691705082707101
C_k9_2od_x0.8,assumption_checks.csv,D:\PSPS\runs_C_k9_2od_x0.8\analysis\tables\assumption_checks.csv,mutation,ATT,0.914223101272366,0.3112767902461991
C_k9_2od_x0.8,assumption_checks.csv,D:\PSPS\runs_C_k9_2od_x0.8\analysis\tables\assumption_checks.csv,none,ATT,0.9861544251024866,0.9895835969500107
C_k9_2od_x0.8,assumption_checks.csv,D:\PSPS\runs_C_k9_2od_x0.8\analysis\tables\assumption_checks.csv,paired_diff(init-none),ATT,0.7847495893091898,0.0094579620253354
C_k9_2od_x0.8,assumption_checks.csv,D:\PSPS\runs_C_k9_2od_x0.8\analysis\tables\assumption_checks.csv,paired_diff(mutation-none),ATT,0.9343204533205154,0.491705497510988
C_k9_2od_x0.8,assumption_checks.csv,D:\PSPS\runs_C_k9_2od_x0.8\analysis\tables\assumption_checks.csv,paired_diff(both-none),ATT,0.9167931633563836,0.3309830051323316
C_k9_2od_x1.0,assumption_checks.csv,D:\PSPS\runs_C_k9_2od_x1.0\analysis\tables\assumption_checks.csv,both,ATT,0.9296428634837626,0.4443885420199302
C_k9_2od_x1.0,assumption_checks.csv,D:\PSPS\runs_C_k9_2od_x1.0\analysis\tables\assumption_checks.csv,init,ATT,0.8852686107795298,0.1499027288327379
C_k9_2od_x1.0,assumption_checks.csv,D:\PSPS\runs_C_k9_2od_x1.0\analysis\tables\assumption_checks.csv,mutation,ATT,0.9540787335754306,0.7168214715829505
C_k9_2od_x1.0,assumption_checks.csv,D:\PSPS\runs_C_k9_2od_x1.0\analysis\tables\assumption_checks.csv,none,ATT,0.9622580594950176,0.8112827393461931
C_k9_2od_x1.0,assumption_checks.csv,D:\PSPS\runs_C_k9_2od_x1.0\analysis\tables\assumption_checks.csv,paired_diff(init-none),ATT,0.9538214625369013,0.7137775660189067
C_k9_2od_x1.0,assumption_checks.csv,D:\PSPS\runs_C_k9_2od_x1.0\analysis\tables\assumption_checks.csv,paired_diff(mutation-none),ATT,0.96381047296919,0.8282906448456753
C_k9_2od_x1.0,assumption_checks.csv,D:\PSPS\runs_C_k9_2od_x1.0\analysis\tables\assumption_checks.csv,paired_diff(both-none),ATT,0.9507793962910576,0.6777280837590105
C_k9_2od_x1.2,assumption_checks.csv,D:\PSPS\runs_C_k9_2od_x1.2\analysis\tables\assumption_checks.csv,both,ATT,0.979020789652224,0.9597126047640054
C_k9_2od_x1.2,assumption_checks.csv,D:\PSPS\runs_C_k9_2od_x1.2\analysis\tables\assumption_checks.csv,init,ATT,0.8970587052646369,0.2033320143393988
C_k9_2od_x1.2,assumption_checks.csv,D:\PSPS\runs_C_k9_2od_x1.2\analysis\tables\assumption_checks.csv,mutation,ATT,0.9137507911947708,0.3077612865931837
C_k9_2od_x1.2,assumption_checks.csv,D:\PSPS\runs_C_k9_2od_x1.2\analysis\tables\assumption_checks.csv,none,ATT,0.9327774720224596,0.4757608608641353
C_k9_2od_x1.2,assumption_checks.csv,D:\PSPS\runs_C_k9_2od_x1.2\analysis\tables\assumption_checks.csv,paired_diff(init-none),ATT,0.9781041060094364,0.954219256739578
C_k9_2od_x1.2,assumption_checks.csv,D:\PSPS\runs_C_k9_2od_x1.2\analysis\tables\assumption_checks.csv,paired_diff(mutation-none),ATT,0.9083972116417076,0.2701620500265781
C_k9_2od_x1.2,assumption_checks.csv,D:\PSPS\runs_C_k9_2od_x1.2\analysis\tables\assumption_checks.csv,paired_diff(both-none),ATT,0.8672728336967598,0.0928975979758329
C_k9_3od_x0.8,assumption_checks.csv,D:\PSPS\runs_C_k9_3od_x0.8\analysis\tables\assumption_checks.csv,both,ATT,0.9709071685368946,0.8991264866250082
C_k9_3od_x0.8,assumption_checks.csv,D:\PSPS\runs_C_k9_3od_x0.8\analysis\tables\assumption_checks.csv,init,ATT,0.8963267893905741,0.1995700394578268
C_k9_3od_x0.8,assumption_checks.csv,D:\PSPS\runs_C_k9_3od_x0.8\analysis\tables\assumption_checks.csv,mutation,ATT,0.8871125452951351,0.157305535199175
C_k9_3od_x0.8,assumption_checks.csv,D:\PSPS\runs_C_k9_3od_x0.8\analysis\tables\assumption_checks.csv,none,ATT,0.9154226957555648,0.3203530876888181
C_k9_3od_x0.8,assumption_checks.csv,D:\PSPS\runs_C_k9_3od_x0.8\analysis\tables\assumption_checks.csv,paired_diff(init-none),ATT,0.9847358735930416,0.9854438233164704
C_k9_3od_x0.8,assumption_checks.csv,D:\PSPS\runs_C_k9_3od_x0.8\analysis\tables\assumption_checks.csv,paired_diff(mutation-none),ATT,0.9210711364741022,0.3659753275494676
C_k9_3od_x0.8,assumption_checks.csv,D:\PSPS\runs_C_k9_3od_x0.8\analysis\tables\assumption_checks.csv,paired_diff(both-none),ATT,0.8716011981992763,0.1043508467539721
C_k9_3od_x1.0,assumption_checks.csv,D:\PSPS\runs_C_k9_3od_x1.0\analysis\tables\assumption_checks.csv,both,ATT,0.9495226160908012,0.662855467450209
C_k9_3od_x1.0,assumption_checks.csv,D:\PSPS\runs_C_k9_3od_x1.0\analysis\tables\assumption_checks.csv,init,ATT,0.8006584736956007,0.014768147292502
C_k9_3od_x1.0,assumption_checks.csv,D:\PSPS\runs_C_k9_3od_x1.0\analysis\tables\assumption_checks.csv,mutation,ATT,0.9073469815270188,0.2632601871437391
C_k9_3od_x1.0,assumption_checks.csv,D:\PSPS\runs_C_k9_3od_x1.0\analysis\tables\assumption_checks.csv,none,ATT,0.8185919787251807,0.0243675302145499
C_k9_3od_x1.0,assumption_checks.csv,D:\PSPS\runs_C_k9_3od_x1.0\analysis\tables\assumption_checks.csv,paired_diff(init-none),ATT,0.8979434449162356,0.2079641034639605
C_k9_3od_x1.0,assumption_checks.csv,D:\PSPS\runs_C_k9_3od_x1.0\analysis\tables\assumption_checks.csv,paired_diff(mutation-none),ATT,0.9789989077713864,0.959585802069764
C_k9_3od_x1.0,assumption_checks.csv,D:\PSPS\runs_C_k9_3od_x1.0\analysis\tables\assumption_checks.csv,paired_diff(both-none),ATT,0.9118371224770192,0.2938500452859391
C_k9_3od_x1.2,assumption_checks.csv,D:\PSPS\runs_C_k9_3od_x1.2\analysis\tables\assumption_checks.csv,both,ATT,0.9590067230462634,0.7744894370795896
C_k9_3od_x1.2,assumption_checks.csv,D:\PSPS\runs_C_k9_3od_x1.2\analysis\tables\assumption_checks.csv,init,ATT,0.8780344199690487,0.1238739730430035
C_k9_3od_x1.2,assumption_checks.csv,D:\PSPS\runs_C_k9_3od_x1.2\analysis\tables\assumption_checks.csv,mutation,ATT,0.946642344129959,0.6289783468964463
C_k9_3od_x1.2,assumption_checks.csv,D:\PSPS\runs_C_k9_3od_x1.2\analysis\tables\assumption_checks.csv,none,ATT,0.9832609580044508,0.980211739278425
C_k9_3od_x1.2,assumption_checks.csv,D:\PSPS\runs_C_k9_3od_x1.2\analysis\tables\assumption_checks.csv,paired_diff(init-none),ATT,0.9259941155999852,0.4096651323872305
C_k9_3od_x1.2,assumption_checks.csv,D:\PSPS\runs_C_k9_3od_x1.2\analysis\tables\assumption_checks.csv,paired_diff(mutation-none),ATT,0.9592082244904536,0.7768073995584448
C_k9_3od_x1.2,assumption_checks.csv,D:\PSPS\runs_C_k9_3od_x1.2\analysis\tables\assumption_checks.csv,paired_diff(both-none),ATT,0.9220223235258556,0.3741311823781006
D_k9_1od_x0.8,assumption_checks.csv,D:\PSPS\runs_D_k9_1od_x0.8\analysis\tables\assumption_checks.csv,both,ATT,0.9332616159050112,0.480729025937901
D_k9_1od_x0.8,assumption_checks.csv,D:\PSPS\runs_D_k9_1od_x0.8\analysis\tables\assumption_checks.csv,init,ATT,0.926446562134745,0.413863617942969
D_k9_1od_x0.8,assumption_checks.csv,D:\PSPS\runs_D_k9_1od_x0.8\analysis\tables\assumption_checks.csv,mutation,ATT,0.8826304073324394,0.1398708287857869
D_k9_1od_x0.8,assumption_checks.csv,D:\PSPS\runs_D_k9_1od_x0.8\analysis\tables\assumption_checks.csv,none,ATT,0.8807050377706488,0.1329477223894192
D_k9_1od_x0.8,assumption_checks.csv,D:\PSPS\runs_D_k9_1od_x0.8\analysis\tables\assumption_checks.csv,paired_diff(init-none),ATT,0.928762567565404,0.4358316753613587
D_k9_1od_x0.8,assumption_checks.csv,D:\PSPS\runs_D_k9_1od_x0.8\analysis\tables\assumption_checks.csv,paired_diff(mutation-none),ATT,0.8795266781919192,0.1288699520752133
D_k9_1od_x0.8,assumption_checks.csv,D:\PSPS\runs_D_k9_1od_x0.8\analysis\tables\assumption_checks.csv,paired_diff(both-none),ATT,0.8366095788066903,0.0401806269239718
D_k9_1od_x1.0,assumption_checks.csv,D:\PSPS\runs_D_k9_1od_x1.0\analysis\tables\assumption_checks.csv,both,ATT,0.81781637981275,0.0238466404412207
D_k9_1od_x1.0,assumption_checks.csv,D:\PSPS\runs_D_k9_1od_x1.0\analysis\tables\assumption_checks.csv,init,ATT,0.8130695451901218,0.0208903025740659
D_k9_1od_x1.0,assumption_checks.csv,D:\PSPS\runs_D_k9_1od_x1.0\analysis\tables\assumption_checks.csv,mutation,ATT,0.9020530615739312,0.2307324277950672
D_k9_1od_x1.0,assumption_checks.csv,D:\PSPS\runs_D_k9_1od_x1.0\analysis\tables\assumption_checks.csv,none,ATT,0.9079313765996953,0.2670819020086713
D_k9_1od_x1.0,assumption_checks.csv,D:\PSPS\runs_D_k9_1od_x1.0\analysis\tables\assumption_checks.csv,paired_diff(init-none),ATT,0.9756598782053492,0.937801228498517
D_k9_1od_x1.0,assumption_checks.csv,D:\PSPS\runs_D_k9_1od_x1.0\analysis\tables\assumption_checks.csv,paired_diff(mutation-none),ATT,0.9282721967479888,0.4311142035990921
D_k9_1od_x1.0,assumption_checks.csv,D:\PSPS\runs_D_k9_1od_x1.0\analysis\tables\assumption_checks.csv,paired_diff(both-none),ATT,0.9211936510796254,0.3670181309748047
D_k9_1od_x1.2,assumption_checks.csv,D:\PSPS\runs_D_k9_1od_x1.2\analysis\tables\assumption_checks.csv,both,ATT,0.8985322073815386,0.2110985381851342
D_k9_1od_x1.2,assumption_checks.csv,D:\PSPS\runs_D_k9_1od_x1.2\analysis\tables\assumption_checks.csv,init,ATT,0.8991727317601889,0.2145562276148013
D_k9_1od_x1.2,assumption_checks.csv,D:\PSPS\runs_D_k9_1od_x1.2\analysis\tables\assumption_checks.csv,mutation,ATT,0.9536331623974134,0.7115486856417805
D_k9_1od_x1.2,assumption_checks.csv,D:\PSPS\runs_D_k9_1od_x1.2\analysis\tables\assumption_checks.csv,none,ATT,0.9226459722677232,0.3795529507844949
D_k9_1od_x1.2,assumption_checks.csv,D:\PSPS\runs_D_k9_1od_x1.2\analysis\tables\assumption_checks.csv,paired_diff(init-none),ATT,0.9379183642306108,0.5300916198543815
D_k9_1od_x1.2,assumption_checks.csv,D:\PSPS\runs_D_k9_1od_x1.2\analysis\tables\assumption_checks.csv,paired_diff(mutation-none),ATT,0.9121139502808604,0.2958296079419308
D_k9_1od_x1.2,assumption_checks.csv,D:\PSPS\runs_D_k9_1od_x1.2\analysis\tables\assumption_checks.csv,paired_diff(both-none),ATT,0.941566348414474,0.5705708314559066
D_k9_2od_x0.8,assumption_checks.csv,D:\PSPS\runs_D_k9_2od_x0.8\analysis\tables\assumption_checks.csv,both,ATT,0.9219776936932506,0.3737454453738252
D_k9_2od_x0.8,assumption_checks.csv,D:\PSPS\runs_D_k9_2od_x0.8\analysis\tables\assumption_checks.csv,init,ATT,0.9624626412711568,0.8135476917253194
D_k9_2od_x0.8,assumption_checks.csv,D:\PSPS\runs_D_k9_2od_x0.8\analysis\tables\assumption_checks.csv,mutation,ATT,0.8945424465428882,0.1906593079695275
D_k9_2od_x0.8,assumption_checks.csv,D:\PSPS\runs_D_k9_2od_x0.8\analysis\tables\assumption_checks.csv,none,ATT,0.8866052489340861,0.1552359555186531
D_k9_2od_x0.8,assumption_checks.csv,D:\PSPS\runs_D_k9_2od_x0.8\analysis\tables\assumption_checks.csv,paired_diff(init-none),ATT,0.9093811092352126,0.2767669049651519
D_k9_2od_x0.8,assumption_checks.csv,D:\PSPS\runs_D_k9_2od_x0.8\analysis\tables\assumption_checks.csv,paired_diff(mutation-none),ATT,0.8874541006650762,0.1587132442187405
D_k9_2od_x0.8,assumption_checks.csv,D:\PSPS\runs_D_k9_2od_x0.8\analysis\tables\assumption_checks.csv,paired_diff(both-none),ATT,0.8656890621659079,0.0890145103225269
D_k9_2od_x1.0,assumption_checks.csv,D:\PSPS\runs_D_k9_2od_x1.0\analysis\tables\assumption_checks.csv,both,ATT,0.9428472099520488,0.5851079188529198
D_k9_2od_x1.0,assumption_checks.csv,D:\PSPS\runs_D_k9_2od_x1.0\analysis\tables\assumption_checks.csv,init,ATT,0.923259897919256,0.3849476960050337
D_k9_2od_x1.0,assumption_checks.csv,D:\PSPS\runs_D_k9_2od_x1.0\analysis\tables\assumption_checks.csv,mutation,ATT,0.9731058055299848,0.91805277188434
D_k9_2od_x1.0,assumption_checks.csv,D:\PSPS\runs_D_k9_2od_x1.0\analysis\tables\assumption_checks.csv,none,ATT,0.959297953211965,0.7778382100093888
D_k9_2od_x1.0,assumption_checks.csv,D:\PSPS\runs_D_k9_2od_x1.0\analysis\tables\assumption_checks.csv,paired_diff(init-none),ATT,0.8720294171331047,0.1055542094878312
D_k9_2od_x1.0,assumption_checks.csv,D:\PSPS\runs_D_k9_2od_x1.0\analysis\tables\assumption_checks.csv,paired_diff(mutation-none),ATT,0.8789689754834925,0.1269810926838454
D_k9_2od_x1.0,assumption_checks.csv,D:\PSPS\runs_D_k9_2od_x1.0\analysis\tables\assumption_checks.csv,paired_diff(both-none),ATT,0.93403477052474,0.4887291016642375
D_k9_2od_x1.2,assumption_checks.csv,D:\PSPS\runs_D_k9_2od_x1.2\analysis\tables\assumption_checks.csv,both,ATT,0.9406596123934902,0.5603762221379518
D_k9_2od_x1.2,assumption_checks.csv,D:\PSPS\runs_D_k9_2od_x1.2\analysis\tables\assumption_checks.csv,init,ATT,0.8653615565873034,0.088231128623922
D_k9_2od_x1.2,assumption_checks.csv,D:\PSPS\runs_D_k9_2od_x1.2\analysis\tables\assumption_checks.csv,mutation,ATT,0.8260345116360237,0.0299731768275324
D_k9_2od_x1.2,assumption_checks.csv,D:\PSPS\runs_D_k9_2od_x1.2\analysis\tables\assumption_checks.csv,none,ATT,0.9628623853969313,0.8179533511987425
D_k9_2od_x1.2,assumption_checks.csv,D:\PSPS\runs_D_k9_2od_x1.2\analysis\tables\assumption_checks.csv,paired_diff(init-none),ATT,0.9284846636843942,0.4331538452242636
D_k9_2od_x1.2,assumption_checks.csv,D:\PSPS\runs_D_k9_2od_x1.2\analysis\tables\assumption_checks.csv,paired_diff(mutation-none),ATT,0.9480675687261648,0.645695536414284
D_k9_2od_x1.2,assumption_checks.csv,D:\PSPS\runs_D_k9_2od_x1.2\analysis\tables\assumption_checks.csv,paired_diff(both-none),ATT,0.9170146051654408,0.3327268489176997
D_k9_3od_x0.8,assumption_checks.csv,D:\PSPS\runs_D_k9_3od_x0.8\analysis\tables\assumption_checks.csv,both,ATT,0.9231217301025288,0.3837286013752755
D_k9_3od_x0.8,assumption_checks.csv,D:\PSPS\runs_D_k9_3od_x0.8\analysis\tables\assumption_checks.csv,init,ATT,0.9644791105510756,0.8354795959308152
D_k9_3od_x0.8,assumption_checks.csv,D:\PSPS\runs_D_k9_3od_x0.8\analysis\tables\assumption_checks.csv,mutation,ATT,0.899894431509296,0.2185122782317212
D_k9_3od_x0.8,assumption_checks.csv,D:\PSPS\runs_D_k9_3od_x0.8\analysis\tables\assumption_checks.csv,none,ATT,0.9054700679308688,0.2513010663882896
D_k9_3od_x0.8,assumption_checks.csv,D:\PSPS\runs_D_k9_3od_x0.8\analysis\tables\assumption_checks.csv,paired_diff(init-none),ATT,0.9214779921540688,0.3694471037084957
D_k9_3od_x0.8,assumption_checks.csv,D:\PSPS\runs_D_k9_3od_x0.8\analysis\tables\assumption_checks.csv,paired_diff(mutation-none),ATT,0.945488102915908,0.6155250958365186
D_k9_3od_x0.8,assumption_checks.csv,D:\PSPS\runs_D_k9_3od_x0.8\analysis\tables\assumption_checks.csv,paired_diff(both-none),ATT,0.9379795734302564,0.5307585136136757
D_k9_3od_x1.0,assumption_checks.csv,D:\PSPS\runs_D_k9_3od_x1.0\analysis\tables\assumption_checks.csv,both,ATT,0.981146317703645,0.9710058515690502
D_k9_3od_x1.0,assumption_checks.csv,D:\PSPS\runs_D_k9_3od_x1.0\analysis\tables\assumption_checks.csv,init,ATT,0.9454508867488752,0.6150927714067925
D_k9_3od_x1.0,assumption_checks.csv,D:\PSPS\runs_D_k9_3od_x1.0\analysis\tables\assumption_checks.csv,mutation,ATT,0.914363535942697,0.3123283856795269
D_k9_3od_x1.0,assumption_checks.csv,D:\PSPS\runs_D_k9_3od_x1.0\analysis\tables\assumption_checks.csv,none,ATT,0.912638426125664,0.2996104065880495
D_k9_3od_x1.0,assumption_checks.csv,D:\PSPS\runs_D_k9_3od_x1.0\analysis\tables\assumption_checks.csv,paired_diff(init-none),ATT,0.9095295454928138,0.2777751120222315
D_k9_3od_x1.0,assumption_checks.csv,D:\PSPS\runs_D_k9_3od_x1.0\analysis\tables\assumption_checks.csv,paired_diff(mutation-none),ATT,0.9676331432367556,0.8680748053831586
D_k9_3od_x1.0,assumption_checks.csv,D:\PSPS\runs_D_k9_3od_x1.0\analysis\tables\assumption_checks.csv,paired_diff(both-none),ATT,0.9002772810478715,0.2206370098430464
D_k9_3od_x1.2,assumption_checks.csv,D:\PSPS\runs_D_k9_3od_x1.2\analysis\tables\assumption_checks.csv,both,ATT,0.9456647486184095,0.6175784019033715
D_k9_3od_x1.2,assumption_checks.csv,D:\PSPS\runs_D_k9_3od_x1.2\analysis\tables\assumption_checks.csv,init,ATT,0.9225353319712996,0.3785867886699489
D_k9_3od_x1.2,assumption_checks.csv,D:\PSPS\runs_D_k9_3od_x1.2\analysis\tables\assumption_checks.csv,mutation,ATT,0.915190371306802,0.3185787094360015
D_k9_3od_x1.2,assumption_checks.csv,D:\PSPS\runs_D_k9_3od_x1.2\analysis\tables\assumption_checks.csv,none,ATT,0.9386895101018092,0.5385255679227271
D_k9_3od_x1.2,assumption_checks.csv,D:\PSPS\runs_D_k9_3od_x1.2\analysis\tables\assumption_checks.csv,paired_diff(init-none),ATT,0.8637059331830435,0.0843708979331172
D_k9_3od_x1.2,assumption_checks.csv,D:\PSPS\runs_D_k9_3od_x1.2\analysis\tables\assumption_checks.csv,paired_diff(mutation-none),ATT,0.8952798531842519,0.1942974415076092
D_k9_3od_x1.2,assumption_checks.csv,D:\PSPS\runs_D_k9_3od_x1.2\analysis\tables\assumption_checks.csv,paired_diff(both-none),ATT,0.912976207289854,0.3020664690635788
J_k9_6od_x0.8,assumption_checks.csv,D:\PSPS\runs_J_k9_6od_x0.8\analysis\tables\assumption_checks.csv,both,ATT,0.5759167470222606,2.859343775141345e-05
J_k9_6od_x0.8,assumption_checks.csv,D:\PSPS\runs_J_k9_6od_x0.8\analysis\tables\assumption_checks.csv,init,ATT,0.5668421143446172,2.2316240217977943e-05
J_k9_6od_x0.8,assumption_checks.csv,D:\PSPS\runs_J_k9_6od_x0.8\analysis\tables\assumption_checks.csv,mutation,ATT,0.6380343249451836,0.0001576329123539
J_k9_6od_x0.8,assumption_checks.csv,D:\PSPS\runs_J_k9_6od_x0.8\analysis\tables\assumption_checks.csv,none,ATT,0.6997761542013056,0.0008754303529447
J_k9_6od_x0.8,assumption_checks.csv,D:\PSPS\runs_J_k9_6od_x0.8\analysis\tables\assumption_checks.csv,paired_diff(init-none),ATT,0.8248582205235695,0.029009311802842
J_k9_6od_x0.8,assumption_checks.csv,D:\PSPS\runs_J_k9_6od_x0.8\analysis\tables\assumption_checks.csv,paired_diff(mutation-none),ATT,0.6941072088104239,0.0007474159987837
J_k9_6od_x0.8,assumption_checks.csv,D:\PSPS\runs_J_k9_6od_x0.8\analysis\tables\assumption_checks.csv,paired_diff(both-none),ATT,0.6234032182437752,0.0001052708345694
J_k9_6od_x1.0,assumption_checks.csv,D:\PSPS\runs_J_k9_6od_x1.0\analysis\tables\assumption_checks.csv,both,ATT,0.7721322920225191,0.0066393028876792
J_k9_6od_x1.0,assumption_checks.csv,D:\PSPS\runs_J_k9_6od_x1.0\analysis\tables\assumption_checks.csv,init,ATT,0.9479966616886404,0.6448614560335093
J_k9_6od_x1.0,assumption_checks.csv,D:\PSPS\runs_J_k9_6od_x1.0\analysis\tables\assumption_checks.csv,mutation,ATT,0.758516314706589,0.0045314632000412
J_k9_6od_x1.0,assumption_checks.csv,D:\PSPS\runs_J_k9_6od_x1.0\analysis\tables\assumption_checks.csv,none,ATT,0.926988502671884,0.4189328026090312
J_k9_6od_x1.0,assumption_checks.csv,D:\PSPS\runs_J_k9_6od_x1.0\analysis\tables\assumption_checks.csv,paired_diff(init-none),ATT,0.9525645059366464,0.6988876399131184
J_k9_6od_x1.0,assumption_checks.csv,D:\PSPS\runs_J_k9_6od_x1.0\analysis\tables\assumption_checks.csv,paired_diff(mutation-none),ATT,0.9533647695587462,0.7083704903832949
J_k9_6od_x1.0,assumption_checks.csv,D:\PSPS\runs_J_k9_6od_x1.0\analysis\tables\assumption_checks.csv,paired_diff(both-none),ATT,0.945200549609438,0.6121872126304063
J_k9_6od_x1.2,assumption_checks.csv,D:\PSPS\runs_J_k9_6od_x1.2\analysis\tables\assumption_checks.csv,both,ATT,0.8858786096023926,0.1523152800284887
J_k9_6od_x1.2,assumption_checks.csv,D:\PSPS\runs_J_k9_6od_x1.2\analysis\tables\assumption_checks.csv,init,ATT,0.741639369220188,0.0028230466958046
J_k9_6od_x1.2,assumption_checks.csv,D:\PSPS\runs_J_k9_6od_x1.2\analysis\tables\assumption_checks.csv,mutation,ATT,0.7879233370788068,0.0103379297996427
J_k9_6od_x1.2,assumption_checks.csv,D:\PSPS\runs_J_k9_6od_x1.2\analysis\tables\assumption_checks.csv,none,ATT,0.601111498249814,5.701797538393401e-05
J_k9_6od_x1.2,assumption_checks.csv,D:\PSPS\runs_J_k9_6od_x1.2\analysis\tables\assumption_checks.csv,paired_diff(init-none),ATT,0.7378048563107209,0.0025354358409724
J_k9_6od_x1.2,assumption_checks.csv,D:\PSPS\runs_J_k9_6od_x1.2\analysis\tables\assumption_checks.csv,paired_diff(mutation-none),ATT,0.7838637629015053,0.0092259701134873
J_k9_6od_x1.2,assumption_checks.csv,D:\PSPS\runs_J_k9_6od_x1.2\analysis\tables\assumption_checks.csv,paired_diff(both-none),ATT,0.7039982133118532,0.0009848989692932
A_k4_3od_x0.8,assumption_checks.csv,D:\PSPS\runs_A_k4_3od_x0.8_pm01k0\analysis\tables\assumption_checks.csv,both,ATT,0.7840565945788551,0.0092759833049172
A_k4_3od_x0.8,assumption_checks.csv,D:\PSPS\runs_A_k4_3od_x0.8_pm01k0\analysis\tables\assumption_checks.csv,init,ATT,0.8656035766575629,0.0888093927400661
A_k4_3od_x0.8,assumption_checks.csv,D:\PSPS\runs_A_k4_3od_x0.8_pm01k0\analysis\tables\assumption_checks.csv,mutation,ATT,0.831433764953811,0.0348176450600291
A_k4_3od_x0.8,assumption_checks.csv,D:\PSPS\runs_A_k4_3od_x0.8_pm01k0\analysis\tables\assumption_checks.csv,none,ATT,0.9459042109551472,0.6203652118543783
A_k4_3od_x0.8,assumption_checks.csv,D:\PSPS\runs_A_k4_3od_x0.8_pm01k0\analysis\tables\assumption_checks.csv,paired_diff(init-none),ATT,0.9571911229922176,0.7534317895183711
A_k4_3od_x0.8,assumption_checks.csv,D:\PSPS\runs_A_k4_3od_x0.8_pm01k0\analysis\tables\assumption_checks.csv,paired_diff(mutation-none),ATT,0.9463770501059336,0.6258788332672648
A_k4_3od_x0.8,assumption_checks.csv,D:\PSPS\runs_A_k4_3od_x0.8_pm01k0\analysis\tables\assumption_checks.csv,paired_diff(both-none),ATT,0.9596836726345812,0.7822593503312172
A_k4_3od_x1.0,assumption_checks.csv,D:\PSPS\runs_A_k4_3od_x1.0_pm01k0\analysis\tables\assumption_checks.csv,both,ATT,0.9354188992556892,0.503250136466805
A_k4_3od_x1.0,assumption_checks.csv,D:\PSPS\runs_A_k4_3od_x1.0_pm01k0\analysis\tables\assumption_checks.csv,init,ATT,0.9383182442405962,0.5344564140648459
A_k4_3od_x1.0,assumption_checks.csv,D:\PSPS\runs_A_k4_3od_x1.0_pm01k0\analysis\tables\assumption_checks.csv,mutation,ATT,0.9295982887222384,0.4439525450595252
A_k4_3od_x1.0,assumption_checks.csv,D:\PSPS\runs_A_k4_3od_x1.0_pm01k0\analysis\tables\assumption_checks.csv,none,ATT,0.9331586111699476,0.4796693279366844
A_k4_3od_x1.0,assumption_checks.csv,D:\PSPS\runs_A_k4_3od_x1.0_pm01k0\analysis\tables\assumption_checks.csv,paired_diff(init-none),ATT,0.9192324420932656,0.350597638204158
A_k4_3od_x1.0,assumption_checks.csv,D:\PSPS\runs_A_k4_3od_x1.0_pm01k0\analysis\tables\assumption_checks.csv,paired_diff(mutation-none),ATT,0.7924829642487063,0.0117468049067794
A_k4_3od_x1.0,assumption_checks.csv,D:\PSPS\runs_A_k4_3od_x1.0_pm01k0\analysis\tables\assumption_checks.csv,paired_diff(both-none),ATT,0.9562813120654624,0.7427827875898864
A_k4_3od_x1.2,assumption_checks.csv,D:\PSPS\runs_A_k4_3od_x1.2_pm01k0\analysis\tables\assumption_checks.csv,both,ATT,0.8837000767503755,0.1438606993753924
A_k4_3od_x1.2,assumption_checks.csv,D:\PSPS\runs_A_k4_3od_x1.2_pm01k0\analysis\tables\assumption_checks.csv,init,ATT,0.9085824028824864,0.271394914813132
A_k4_3od_x1.2,assumption_checks.csv,D:\PSPS\runs_A_k4_3od_x1.2_pm01k0\analysis\tables\assumption_checks.csv,mutation,ATT,0.9121114786647052,0.2958118848415462
A_k4_3od_x1.2,assumption_checks.csv,D:\PSPS\runs_A_k4_3od_x1.2_pm01k0\analysis\tables\assumption_checks.csv,none,ATT,0.885130928684523,0.1493631078555453
A_k4_3od_x1.2,assumption_checks.csv,D:\PSPS\runs_A_k4_3od_x1.2_pm01k0\analysis\tables\assumption_checks.csv,paired_diff(init-none),ATT,0.991092814351934,0.9979585868525644
A_k4_3od_x1.2,assumption_checks.csv,D:\PSPS\runs_A_k4_3od_x1.2_pm01k0\analysis\tables\assumption_checks.csv,paired_diff(mutation-none),ATT,0.9421593162411112,0.5772815555880062
A_k4_3od_x1.2,assumption_checks.csv,D:\PSPS\runs_A_k4_3od_x1.2_pm01k0\analysis\tables\assumption_checks.csv,paired_diff(both-none),ATT,0.9254521920048012,0.4046767036398038
