instance_id,source_file,source_path,comparison,n_pairs,test,p_raw,p_holm,Z,r,cliffs_delta,cliffs_delta_CI_low,cliffs_delta_CI_high,CLES,cohen_dz
A_k4_1od_x0.8,pairwise_vs_none.csv,D:\PSPS\runs_A_k4_1od_x0.8\analysis\tables\pairwise_vs_none.csv,init vs none,10,Wilcoxon,0.8203125,0.8203125,0.2271430625027153,0.0718289432214566,0.1,-0.5,0.7,0.4,0.0885497074749055
A_k4_1od_x0.8,pairwise_vs_none.csv,D:\PSPS\runs_A_k4_1od_x0.8\analysis\tables\pairwise_vs_none.csv,mutation vs none,10,Wilcoxon,0.083984375,0.251953125,-1.7280214712190125,-0.5464483694727179,-0.6,-1.0,0.0,0.8,-0.6784875376256099
A_k4_1od_x0.8,pairwise_vs_none.csv,D:\PSPS\runs_A_k4_1od_x0.8\analysis\tables\pairwise_vs_none.csv,both vs none,10,Wilcoxon,0.625,1.0,-0.4887764111146695,-0.1545646725685195,-0.4,-1.0,0.2,0.7,-0.2007353422319351
A_k4_1od_x1.0,pairwise_vs_none.csv,D:\PSPS\runs_A_k4_1od_x1.0\analysis\tables\pairwise_vs_none.csv,init vs none,10,Wilcoxon,0.431640625,0.86328125,-0.786387293998826,-0.248677497205275,0.0,-0.6,0.6,0.5,-0.3723921419146161
A_k4_1od_x1.0,pairwise_vs_none.csv,D:\PSPS\runs_A_k4_1od_x1.0\analysis\tables\pairwise_vs_none.csv,mutation vs none,10,Wilcoxon,0.5703125,0.5703125,-0.5675913235445692,-0.1794881362550393,-0.1,-0.6,0.5,0.5,-0.0986913388908094
A_k4_1od_x1.0,pairwise_vs_none.csv,D:\PSPS\runs_A_k4_1od_x1.0\analysis\tables\pairwise_vs_none.csv,both vs none,10,Wilcoxon,0.322265625,0.966796875,-0.9898128045978632,-0.3130062919728432,-0.2,-0.8,0.4,0.6,-0.4821270703594273
A_k4_2od_x0.8,pairwise_vs_none.csv,D:\PSPS\runs_A_k4_2od_x0.8\analysis\tables\pairwise_vs_none.csv,init vs none,10,Wilcoxon,0.7421875,0.7421875,-0.328957912640491,-0.1040256258278646,-0.2,-0.7,0.3,0.5,0.014184324234062
A_k4_2od_x0.8,pairwise_vs_none.csv,D:\PSPS\runs_A_k4_2od_x0.8\analysis\tables\pairwise_vs_none.csv,mutation vs none,10,Wilcoxon,0.49609375,1.0,-0.6806487851276465,-0.2152400447629903,-0.3,-0.8,0.3,0.6,-0.192723510146807
A_k4_2od_x0.8,pairwise_vs_none.csv,D:\PSPS\runs_A_k4_2od_x0.8\analysis\tables\pairwise_vs_none.csv,both vs none,10,Wilcoxon,0.578125,1.0,0.5561255936186914,0.1758623540948266,-0.1,-0.6,0.4,0.4,-0.2472308616591821
A_k4_2od_x1.0,pairwise_vs_none.csv,D:\PSPS\runs_A_k4_2od_x1.0\analysis\tables\pairwise_vs_none.csv,init vs none,10,Wilcoxon,0.390625,0.78125,-0.8584844741418323,-0.2714766274180115,-0.2,-0.8,0.4,0.6,-0.3330848525893544
A_k4_2od_x1.0,pairwise_vs_none.csv,D:\PSPS\runs_A_k4_2od_x1.0\analysis\tables\pairwise_vs_none.csv,mutation vs none,10,Wilcoxon,0.6953125,0.6953125,-0.3916558710925915,-0.1238524611629888,0.0,-0.6,0.6,0.5,-0.1964270504828889
A_k4_2od_x1.0,pairwise_vs_none.csv,D:\PSPS\runs_A_k4_2od_x1.0\analysis\tables\pairwise_vs_none.csv,both vs none,10,Wilcoxon,0.232421875,0.697265625,-1.194143409897718,-0.3776213028156845,-0.2,-0.8,0.4,0.6,-0.4433680751435168
A_k4_2od_x1.2,pairwise_vs_none.csv,D:\PSPS\runs_A_k4_2od_x1.2\analysis\tables\pairwise_vs_none.csv,init vs none,10,Wilcoxon,1.0,1.0,0.0,0.0,0.0,-0.6,0.6,0.5,-0.0565261690290788
A_k4_2od_x1.2,pairwise_vs_none.csv,D:\PSPS\runs_A_k4_2od_x1.2\analysis\tables\pairwise_vs_none.csv,mutation vs none,10,Wilcoxon,0.76953125,1.0,-0.2929880968562333,-0.0926509713383716,0.0,-0.6,0.6,0.5,-0.1701173065139573
A_k4_2od_x1.2,pairwise_vs_none.csv,D:\PSPS\runs_A_k4_2od_x1.2\analysis\tables\pairwise_vs_none.csv,both vs none,10,Wilcoxon,0.083984375,0.251953125,-1.7280214712190125,-0.5464483694727179,-0.6,-1.0,0.0,0.8,-0.5387965463361649
B_k9_1od_x0.8,pairwise_vs_none.csv,D:\PSPS\runs_B_k9_1od_x0.8\analysis\tables\pairwise_vs_none.csv,init vs none,10,Wilcoxon,0.845703125,0.845703125,-0.1946038037883163,-0.0615391261303583,-0.2,-0.8,0.4,0.6,0.2090234517212823
B_k9_1od_x0.8,pairwise_vs_none.csv,D:\PSPS\runs_B_k9_1od_x0.8\analysis\tables\pairwise_vs_none.csv,mutation vs none,10,Wilcoxon,0.009765625,0.029296875,-2.5840195805994783,-0.8171387393167395,-0.8,-1.0,-0.4,0.9,-1.3404225098166505
B_k9_1od_x0.8,pairwise_vs_none.csv,D:\PSPS\runs_B_k9_1od_x0.8\analysis\tables\pairwise_vs_none.csv,both vs none,10,Wilcoxon,0.01953125,0.0390625,-2.3352330400688133,-0.7384655273896698,-0.6,-1.0,0.0,0.8,-1.044264840230139
B_k9_1od_x1.0,pairwise_vs_none.csv,D:\PSPS\runs_B_k9_1od_x1.0\analysis\tables\pairwise_vs_none.csv,init vs none,10,Wilcoxon,0.4921875,0.984375,0.6868337485747306,0.2171959019367575,0.4,-0.2,1.0,0.3,0.1461864512475854
B_k9_1od_x1.0,pairwise_vs_none.csv,D:\PSPS\runs_B_k9_1od_x1.0\analysis\tables\pairwise_vs_none.csv,mutation vs none,10,Wilcoxon,0.845703125,0.845703125,0.1946038037883163,0.0615391261303583,0.0,-0.6,0.6,0.5,-0.1530759105327959
B_k9_1od_x1.0,pairwise_vs_none.csv,D:\PSPS\runs_B_k9_1od_x1.0\analysis\tables\pairwise_vs_none.csv,both vs none,10,Wilcoxon,0.431640625,1.0,-0.786387293998826,-0.248677497205275,0.0,-0.6,0.6,0.5,-0.2789093065927257
B_k9_1od_x1.2,pairwise_vs_none.csv,D:\PSPS\runs_B_k9_1od_x1.2\analysis\tables\pairwise_vs_none.csv,init vs none,10,Wilcoxon,0.322265625,0.64453125,-0.9898128045978632,-0.3130062919728432,-0.4,-1.0,0.2,0.7,-0.3878583931275724
B_k9_1od_x1.2,pairwise_vs_none.csv,D:\PSPS\runs_B_k9_1od_x1.2\analysis\tables\pairwise_vs_none.csv,mutation vs none,10,Wilcoxon,0.65234375,0.65234375,-0.4505086062821782,-0.1424633301359724,-0.3,-0.8,0.3,0.6,-0.2062207880986181
B_k9_1od_x1.2,pairwise_vs_none.csv,D:\PSPS\runs_B_k9_1od_x1.2\analysis\tables\pairwise_vs_none.csv,both vs none,10,Wilcoxon,0.064453125,0.193359375,-1.8490324651688848,-0.5847154057529631,-0.6,-1.0,0.0,0.8,-0.6458394413267009
B_k9_2od_x0.8,pairwise_vs_none.csv,D:\PSPS\runs_B_k9_2od_x0.8\analysis\tables\pairwise_vs_none.csv,init vs none,10,Wilcoxon,0.322265625,0.966796875,0.9898128045978632,0.3130062919728432,0.0,-0.6,0.6,0.5,0.4438379737900059
B_k9_2od_x0.8,pairwise_vs_none.csv,D:\PSPS\runs_B_k9_2od_x0.8\analysis\tables\pairwise_vs_none.csv,mutation vs none,10,Wilcoxon,0.556640625,1.0,0.5878386109171436,0.1858908907087695,0.2,-0.4,0.8,0.4,0.031076359934873
B_k9_2od_x0.8,pairwise_vs_none.csv,D:\PSPS\runs_B_k9_2od_x0.8\analysis\tables\pairwise_vs_none.csv,both vs none,10,Wilcoxon,1.0,1.0,0.0,0.0,0.4,-0.2,1.0,0.3,-0.0292280111027457
B_k9_2od_x1.0,pairwise_vs_none.csv,D:\PSPS\runs_B_k9_2od_x1.0\analysis\tables\pairwise_vs_none.csv,init vs none,10,Wilcoxon,1.0,1.0,0.0,0.0,0.0,-0.6,0.6,0.5,-0.1001107092122009
B_k9_2od_x1.0,pairwise_vs_none.csv,D:\PSPS\runs_B_k9_2od_x1.0\analysis\tables\pairwise_vs_none.csv,mutation vs none,10,Wilcoxon,0.431640625,1.0,0.786387293998826,0.248677497205275,0.2,-0.4,0.8,0.4,0.299217865903888
B_k9_2od_x1.0,pairwise_vs_none.csv,D:\PSPS\runs_B_k9_2od_x1.0\analysis\tables\pairwise_vs_none.csv,both vs none,10,Wilcoxon,0.921875,1.0,0.098072152488661,0.0310131376899519,0.0,-0.6,0.6,0.5,0.1577094145003737
B_k9_2od_x1.2,pairwise_vs_none.csv,D:\PSPS\runs_B_k9_2od_x1.2\analysis\tables\pairwise_vs_none.csv,init vs none,10,Wilcoxon,1.0,1.0,-0.0,-0.0,0.0,-0.6,0.6,0.5,0.0098548069492144
B_k9_2od_x1.2,pairwise_vs_none.csv,D:\PSPS\runs_B_k9_2od_x1.2\analysis\tables\pairwise_vs_none.csv,mutation vs none,10,Wilcoxon,1.0,1.0,-0.0,-0.0,0.0,-0.6,0.6,0.5,-0.0141848130312292
B_k9_2od_x1.2,pairwise_vs_none.csv,D:\PSPS\runs_B_k9_2od_x1.2\analysis\tables\pairwise_vs_none.csv,both vs none,10,Wilcoxon,0.6953125,1.0,0.3916558710925915,0.1238524611629888,0.0,-0.6,0.6,0.5,0.0982365799112631
B_k9_3od_x0.8,pairwise_vs_none.csv,D:\PSPS\runs_B_k9_3od_x0.8\analysis\tables\pairwise_vs_none.csv,init vs none,10,Wilcoxon,0.322265625,0.966796875,-0.9898128045978632,-0.3130062919728432,-0.4,-1.0,0.2,0.7,-0.2935187115182965
B_k9_3od_x0.8,pairwise_vs_none.csv,D:\PSPS\runs_B_k9_3od_x0.8\analysis\tables\pairwise_vs_none.csv,mutation vs none,10,Wilcoxon,0.556640625,1.0,-0.5878386109171436,-0.1858908907087695,-0.2,-0.8,0.4,0.6,-0.283008599904061
B_k9_3od_x0.8,pairwise_vs_none.csv,D:\PSPS\runs_B_k9_3od_x0.8\analysis\tables\pairwise_vs_none.csv,both vs none,10,Wilcoxon,0.556640625,0.556640625,-0.5878386109171436,-0.1858908907087695,-0.2,-0.8,0.4,0.6,-0.1642017212066049
B_k9_3od_x1.0,pairwise_vs_none.csv,D:\PSPS\runs_B_k9_3od_x1.0\analysis\tables\pairwise_vs_none.csv,init vs none,10,Wilcoxon,0.037109375,0.037109375,-2.084558718407909,-0.6591953466530559,-0.8,-1.0,-0.4,0.9,-0.8074608964121275
B_k9_3od_x1.0,pairwise_vs_none.csv,D:\PSPS\runs_B_k9_3od_x1.0\analysis\tables\pairwise_vs_none.csv,mutation vs none,10,Wilcoxon,0.009765625,0.029296875,-2.5840195805994783,-0.8171387393167395,-0.6,-1.0,0.0,0.8,-1.40797004297543
B_k9_3od_x1.0,pairwise_vs_none.csv,D:\PSPS\runs_B_k9_3od_x1.0\analysis\tables\pairwise_vs_none.csv,both vs none,10,Wilcoxon,0.009765625,0.01953125,-2.5840195805994783,-0.8171387393167395,-0.8,-1.0,-0.4,0.9,-1.2192454409387203
B_k9_3od_x1.2,pairwise_vs_none.csv,D:\PSPS\runs_B_k9_3od_x1.2\analysis\tables\pairwise_vs_none.csv,init vs none,10,Wilcoxon,0.375,0.75,0.887146559018876,0.280540374488064,0.4,-0.2,0.8,0.3,0.2686510072698941
B_k9_3od_x1.2,pairwise_vs_none.csv,D:\PSPS\runs_B_k9_3od_x1.2\analysis\tables\pairwise_vs_none.csv,mutation vs none,10,Wilcoxon,0.02734375,0.08203125,2.206575216537129,0.6977803512736567,0.6,0.0,1.0,0.2,0.8797727220816908
B_k9_3od_x1.2,pairwise_vs_none.csv,D:\PSPS\runs_B_k9_3od_x1.2\analysis\tables\pairwise_vs_none.csv,both vs none,10,Wilcoxon,0.556640625,0.556640625,-0.5878386109171436,-0.1858908907087695,-0.2,-0.8,0.4,0.6,-0.2137336783576273
C_k9_1od_x0.8,pairwise_vs_none.csv,D:\PSPS\runs_C_k9_1od_x0.8\analysis\tables\pairwise_vs_none.csv,init vs none,10,Wilcoxon,0.556640625,1.0,-0.5878386109171436,-0.1858908907087695,-0.2,-0.8,0.4,0.6,-0.0450439430306625
C_k9_1od_x0.8,pairwise_vs_none.csv,D:\PSPS\runs_C_k9_1od_x0.8\analysis\tables\pairwise_vs_none.csv,mutation vs none,10,Wilcoxon,0.921875,0.921875,-0.098072152488661,-0.0310131376899519,0.0,-0.6,0.6,0.5,0.0166706621323861
C_k9_1od_x0.8,pairwise_vs_none.csv,D:\PSPS\runs_C_k9_1od_x0.8\analysis\tables\pairwise_vs_none.csv,both vs none,10,Wilcoxon,0.275390625,0.826171875,-1.0907324556930242,-0.3449198877858647,-0.4,-1.0,0.2,0.7,-0.3232089477239618
C_k9_1od_x1.0,pairwise_vs_none.csv,D:\PSPS\runs_C_k9_1od_x1.0\analysis\tables\pairwise_vs_none.csv,init vs none,10,Wilcoxon,0.845703125,0.845703125,-0.1946038037883163,-0.0615391261303583,0.0,-0.6,0.6,0.5,-0.1236294361917086
C_k9_1od_x1.0,pairwise_vs_none.csv,D:\PSPS\runs_C_k9_1od_x1.0\analysis\tables\pairwise_vs_none.csv,mutation vs none,10,Wilcoxon,0.375,1.0,-0.887146559018876,-0.280540374488064,-0.4,-0.8,0.2,0.7,-0.3488891057576044
C_k9_1od_x1.0,pairwise_vs_none.csv,D:\PSPS\runs_C_k9_1od_x1.0\analysis\tables\pairwise_vs_none.csv,both vs none,10,Wilcoxon,0.556640625,1.0,-0.5878386109171436,-0.1858908907087695,-0.2,-0.8,0.4,0.6,-0.2550784130150678
C_k9_1od_x1.2,pairwise_vs_none.csv,D:\PSPS\runs_C_k9_1od_x1.2\analysis\tables\pairwise_vs_none.csv,init vs none,10,Wilcoxon,0.431640625,0.431640625,-0.786387293998826,-0.248677497205275,-0.2,-0.8,0.4,0.6,-0.2358880546855799
C_k9_1od_x1.2,pairwise_vs_none.csv,D:\PSPS\runs_C_k9_1od_x1.2\analysis\tables\pairwise_vs_none.csv,mutation vs none,10,Wilcoxon,0.00390625,0.01171875,-2.8856349124267573,-0.9125178818969072,-0.8,-1.0,-0.4,0.9,-1.5208682552242427
C_k9_1od_x1.2,pairwise_vs_none.csv,D:\PSPS\runs_C_k9_1od_x1.2\analysis\tables\pairwise_vs_none.csv,both vs none,10,Wilcoxon,0.013671875,0.02734375,-2.465770895696496,-0.7797452218554403,-0.8,-1.0,-0.4,0.9,-0.959016708948178
C_k9_2od_x0.8,pairwise_vs_none.csv,D:\PSPS\runs_C_k9_2od_x0.8\analysis\tables\pairwise_vs_none.csv,init vs none,10,Wilcoxon,0.431640625,0.431640625,0.786387293998826,0.248677497205275,0.6,0.0,1.0,0.2,0.2220429661185845
C_k9_2od_x0.8,pairwise_vs_none.csv,D:\PSPS\runs_C_k9_2od_x0.8\analysis\tables\pairwise_vs_none.csv,mutation vs none,10,Wilcoxon,0.25,0.5,1.150349380376008,0.3637724146951587,0.5,-0.1,0.9024999999999864,0.2,0.3345471433553506
C_k9_2od_x0.8,pairwise_vs_none.csv,D:\PSPS\runs_C_k9_2od_x0.8\analysis\tables\pairwise_vs_none.csv,both vs none,10,Wilcoxon,0.193359375,0.580078125,1.3007052195221016,0.4113191058159149,0.2,-0.4,0.8,0.4,0.4670213076735751
C_k9_2od_x1.0,pairwise_vs_none.csv,D:\PSPS\runs_C_k9_2od_x1.0\analysis\tables\pairwise_vs_none.csv,init vs none,10,Wilcoxon,0.00390625,0.01171875,-2.8856349124267573,-0.9125178818969072,-0.8,-1.0,-0.4,0.9,-1.3167254672999216
C_k9_2od_x1.0,pairwise_vs_none.csv,D:\PSPS\runs_C_k9_2od_x1.0\analysis\tables\pairwise_vs_none.csv,mutation vs none,10,Wilcoxon,0.013671875,0.02734375,-2.465770895696496,-0.7797452218554403,-0.8,-1.0,-0.4,0.9,-1.0335714147351476
C_k9_2od_x1.0,pairwise_vs_none.csv,D:\PSPS\runs_C_k9_2od_x1.0\analysis\tables\pairwise_vs_none.csv,both vs none,10,Wilcoxon,0.4921875,0.4921875,-0.6868337485747306,-0.2171959019367575,-0.2,-0.8,0.4,0.6,-0.2924316701993767
C_k9_2od_x1.2,pairwise_vs_none.csv,D:\PSPS\runs_C_k9_2od_x1.2\analysis\tables\pairwise_vs_none.csv,init vs none,10,Wilcoxon,0.083984375,0.251953125,-1.7280214712190125,-0.5464483694727179,-0.4,-1.0,0.2,0.7,-0.6777161795261086
C_k9_2od_x1.2,pairwise_vs_none.csv,D:\PSPS\runs_C_k9_2od_x1.2\analysis\tables\pairwise_vs_none.csv,mutation vs none,10,Wilcoxon,0.556640625,1.0,-0.5878386109171436,-0.1858908907087695,-0.2,-0.8,0.4,0.6,-0.2762380451290702
C_k9_2od_x1.2,pairwise_vs_none.csv,D:\PSPS\runs_C_k9_2od_x1.2\analysis\tables\pairwise_vs_none.csv,both vs none,10,Wilcoxon,0.76953125,0.76953125,0.2929880968562333,0.0926509713383716,0.2,-0.4,0.8,0.4,0.0531009756539692
C_k9_3od_x0.8,pairwise_vs_none.csv,D:\PSPS\runs_C_k9_3od_x0.8\analysis\tables\pairwise_vs_none.csv,init vs none,10,Wilcoxon,0.625,0.625,-0.4887764111146695,-0.1545646725685195,-0.2,-0.8,0.4,0.6,-0.1304614224995902
C_k9_3od_x0.8,pairwise_vs_none.csv,D:\PSPS\runs_C_k9_3od_x0.8\analysis\tables\pairwise_vs_none.csv,mutation vs none,10,Wilcoxon,0.02734375,0.08203125,2.206575216537129,0.6977803512736567,0.8,0.4,1.0,0.1,0.6847429262822016
C_k9_3od_x0.8,pairwise_vs_none.csv,D:\PSPS\runs_C_k9_3od_x0.8\analysis\tables\pairwise_vs_none.csv,both vs none,10,Wilcoxon,0.275390625,0.55078125,1.0907324556930242,0.3449198877858647,0.2,-0.4,0.8,0.4,0.4230454194460908
C_k9_3od_x1.0,pairwise_vs_none.csv,D:\PSPS\runs_C_k9_3od_x1.0\analysis\tables\pairwise_vs_none.csv,init vs none,10,Wilcoxon,0.275390625,0.826171875,1.0907324556930242,0.3449198877858647,0.0,-0.6,0.6,0.5,0.4595234358256824
C_k9_3od_x1.0,pairwise_vs_none.csv,D:\PSPS\runs_C_k9_3od_x1.0\analysis\tables\pairwise_vs_none.csv,mutation vs none,10,Wilcoxon,0.375,0.75,0.887146559018876,0.280540374488064,0.4,-0.2,1.0,0.3,0.3128670875491424
C_k9_3od_x1.0,pairwise_vs_none.csv,D:\PSPS\runs_C_k9_3od_x1.0\analysis\tables\pairwise_vs_none.csv,both vs none,10,Wilcoxon,0.4921875,0.4921875,-0.6868337485747306,-0.2171959019367575,-0.4,-1.0,0.2,0.7,-0.3294398804400478
C_k9_3od_x1.2,pairwise_vs_none.csv,D:\PSPS\runs_C_k9_3od_x1.2\analysis\tables\pairwise_vs_none.csv,init vs none,10,Wilcoxon,0.845703125,0.845703125,-0.1946038037883163,-0.0615391261303583,-0.2,-0.8,0.4,0.6,-0.1625662440766449
C_k9_3od_x1.2,pairwise_vs_none.csv,D:\PSPS\runs_C_k9_3od_x1.2\analysis\tables\pairwise_vs_none.csv,mutation vs none,10,Wilcoxon,0.00390625,0.01171875,-2.8856349124267573,-0.9125178818969072,-0.8,-1.0,-0.4,0.9,-1.5636382819090495
C_k9_3od_x1.2,pairwise_vs_none.csv,D:\PSPS\runs_C_k9_3od_x1.2\analysis\tables\pairwise_vs_none.csv,both vs none,10,Wilcoxon,0.130859375,0.26171875,-1.5107216853604954,-0.4777321436347417,-0.6,-1.0,0.0,0.8,-0.4966081491810418
D_k9_1od_x0.8,pairwise_vs_none.csv,D:\PSPS\runs_D_k9_1od_x0.8\analysis\tables\pairwise_vs_none.csv,init vs none,10,Wilcoxon,0.322265625,0.966796875,0.9898128045978632,0.3130062919728432,0.2,-0.4,0.8,0.4,0.3691135458928124
D_k9_1od_x0.8,pairwise_vs_none.csv,D:\PSPS\runs_D_k9_1od_x0.8\analysis\tables\pairwise_vs_none.csv,mutation vs none,10,Wilcoxon,0.625,0.625,0.4887764111146695,0.1545646725685195,0.0,-0.6,0.6,0.5,0.2251027549306267
D_k9_1od_x0.8,pairwise_vs_none.csv,D:\PSPS\runs_D_k9_1od_x0.8\analysis\tables\pairwise_vs_none.csv,both vs none,10,Wilcoxon,0.4921875,0.984375,-0.6868337485747306,-0.2171959019367575,0.0,-0.6,0.6,0.5,0.3226055101970308
D_k9_1od_x1.0,pairwise_vs_none.csv,D:\PSPS\runs_D_k9_1od_x1.0\analysis\tables\pairwise_vs_none.csv,init vs none,10,Wilcoxon,0.193359375,0.580078125,1.3007052195221016,0.4113191058159149,0.4,-0.2,1.0,0.3,0.5328086108561336
D_k9_1od_x1.0,pairwise_vs_none.csv,D:\PSPS\runs_D_k9_1od_x1.0\analysis\tables\pairwise_vs_none.csv,mutation vs none,10,Wilcoxon,0.49609375,0.9921875,-0.6806487851276465,-0.2152400447629903,-0.3,-0.8,0.3,0.6,-0.2657817295169793
D_k9_1od_x1.0,pairwise_vs_none.csv,D:\PSPS\runs_D_k9_1od_x1.0\analysis\tables\pairwise_vs_none.csv,both vs none,10,Wilcoxon,1.0,1.0,0.0,0.0,0.2,-0.4,0.8,0.4,0.0605923656102726
D_k9_1od_x1.2,pairwise_vs_none.csv,D:\PSPS\runs_D_k9_1od_x1.2\analysis\tables\pairwise_vs_none.csv,init vs none,10,Wilcoxon,0.921875,1.0,-0.098072152488661,-0.0310131376899519,-0.2,-0.8,0.4,0.6,0.0287858325552266
D_k9_1od_x1.2,pairwise_vs_none.csv,D:\PSPS\runs_D_k9_1od_x1.2\analysis\tables\pairwise_vs_none.csv,mutation vs none,10,Wilcoxon,1.0,1.0,-0.0,-0.0,-0.3,-0.8,0.3,0.6,0.0510203996461703
D_k9_1od_x1.2,pairwise_vs_none.csv,D:\PSPS\runs_D_k9_1od_x1.2\analysis\tables\pairwise_vs_none.csv,both vs none,10,Wilcoxon,0.734375,1.0,-0.3393116065388172,-0.1072997513193544,-0.1,-0.7,0.5,0.5,-0.099907723202114
D_k9_2od_x0.8,pairwise_vs_none.csv,D:\PSPS\runs_D_k9_2od_x0.8\analysis\tables\pairwise_vs_none.csv,init vs none,10,Wilcoxon,0.76953125,0.76953125,0.2929880968562333,0.0926509713383716,0.0,-0.6,0.6,0.5,-0.044560446370835
D_k9_2od_x0.8,pairwise_vs_none.csv,D:\PSPS\runs_D_k9_2od_x0.8\analysis\tables\pairwise_vs_none.csv,mutation vs none,10,Wilcoxon,0.10546875,0.2109375,-1.6189001435373596,-0.5119411757951574,-0.6,-1.0,0.0,0.8,-0.4119914317511975
D_k9_2od_x0.8,pairwise_vs_none.csv,D:\PSPS\runs_D_k9_2od_x0.8\analysis\tables\pairwise_vs_none.csv,both vs none,10,Wilcoxon,0.083984375,0.251953125,-1.7280214712190125,-0.5464483694727179,-0.8,-1.0,-0.4,0.9,-0.4221362539939807
D_k9_2od_x1.0,pairwise_vs_none.csv,D:\PSPS\runs_D_k9_2od_x1.0\analysis\tables\pairwise_vs_none.csv,init vs none,10,Wilcoxon,0.845703125,0.845703125,0.1946038037883163,0.0615391261303583,0.4,-0.2,1.0,0.3,-0.0122958615402845
D_k9_2od_x1.0,pairwise_vs_none.csv,D:\PSPS\runs_D_k9_2od_x1.0\analysis\tables\pairwise_vs_none.csv,mutation vs none,10,Wilcoxon,0.375,0.75,-0.887146559018876,-0.280540374488064,-0.2,-0.8,0.4,0.6,-0.3345650670144766
D_k9_2od_x1.0,pairwise_vs_none.csv,D:\PSPS\runs_D_k9_2od_x1.0\analysis\tables\pairwise_vs_none.csv,both vs none,10,Wilcoxon,0.322265625,0.966796875,-0.9898128045978632,-0.3130062919728432,-0.4,-1.0,0.2,0.7,-0.3056686486983883
D_k9_2od_x1.2,pairwise_vs_none.csv,D:\PSPS\runs_D_k9_2od_x1.2\analysis\tables\pairwise_vs_none.csv,init vs none,10,Wilcoxon,0.845703125,0.845703125,0.1946038037883163,0.0615391261303583,0.0,-0.6,0.6,0.5,-0.041339327350716
D_k9_2od_x1.2,pairwise_vs_none.csv,D:\PSPS\runs_D_k9_2od_x1.2\analysis\tables\pairwise_vs_none.csv,mutation vs none,10,Wilcoxon,0.16015625,0.48046875,-1.4045462481588746,-0.4441565223226121,-0.6,-1.0,0.0,0.8,-0.4765923896607656
D_k9_2od_x1.2,pairwise_vs_none.csv,D:\PSPS\runs_D_k9_2od_x1.2\analysis\tables\pairwise_vs_none.csv,both vs none,10,Wilcoxon,0.4921875,0.984375,-0.6868337485747306,-0.2171959019367575,-0.2,-0.8,0.4,0.6,-0.2252415669025679
D_k9_3od_x0.8,pairwise_vs_none.csv,D:\PSPS\runs_D_k9_3od_x0.8\analysis\tables\pairwise_vs_none.csv,init vs none,10,Wilcoxon,1.0,1.0,0.0,0.0,0.2,-0.4,0.8,0.4,-0.0849777288276249
D_k9_3od_x0.8,pairwise_vs_none.csv,D:\PSPS\runs_D_k9_3od_x0.8\analysis\tables\pairwise_vs_none.csv,mutation vs none,10,Wilcoxon,0.556640625,1.0,-0.5878386109171436,-0.1858908907087695,-0.2,-0.8,0.4,0.6,-0.2603367056096787
D_k9_3od_x0.8,pairwise_vs_none.csv,D:\PSPS\runs_D_k9_3od_x0.8\analysis\tables\pairwise_vs_none.csv,both vs none,10,Wilcoxon,0.845703125,1.0,0.1946038037883163,0.0615391261303583,0.0,-0.6,0.6,0.5,-0.0669423043383231
D_k9_3od_x1.0,pairwise_vs_none.csv,D:\PSPS\runs_D_k9_3od_x1.0\analysis\tables\pairwise_vs_none.csv,init vs none,10,Wilcoxon,0.232421875,0.46484375,-1.194143409897718,-0.3776213028156845,-0.2,-0.8,0.4,0.6,-0.474981765692074
D_k9_3od_x1.0,pairwise_vs_none.csv,D:\PSPS\runs_D_k9_3od_x1.0\analysis\tables\pairwise_vs_none.csv,mutation vs none,10,Wilcoxon,0.845703125,0.845703125,-0.1946038037883163,-0.0615391261303583,-0.2,-0.8,0.4,0.6,-0.0763243200378454
D_k9_3od_x1.0,pairwise_vs_none.csv,D:\PSPS\runs_D_k9_3od_x1.0\analysis\tables\pairwise_vs_none.csv,both vs none,10,Wilcoxon,0.193359375,0.580078125,-1.3007052195221016,-0.4113191058159149,-0.2,-0.8,0.4,0.6,-0.5287046690935711
D_k9_3od_x1.2,pairwise_vs_none.csv,D:\PSPS\runs_D_k9_3od_x1.2\analysis\tables\pairwise_vs_none.csv,init vs none,10,Wilcoxon,0.232421875,0.46484375,1.194143409897718,0.3776213028156845,0.0,-0.6,0.6,0.5,0.4162242535682058
D_k9_3od_x1.2,pairwise_vs_none.csv,D:\PSPS\runs_D_k9_3od_x1.2\analysis\tables\pairwise_vs_none.csv,mutation vs none,10,Wilcoxon,0.130859375,0.392578125,-1.5107216853604954,-0.4777321436347417,-0.6,-1.0,0.0,0.8,-0.5453246204883596
D_k9_3od_x1.2,pairwise_vs_none.csv,D:\PSPS\runs_D_k9_3od_x1.2\analysis\tables\pairwise_vs_none.csv,both vs none,10,Wilcoxon,0.76953125,0.76953125,-0.2929880968562333,-0.0926509713383716,-0.4,-1.0,0.2,0.7,-0.0243087203993577
J_k9_6od_x0.8,pairwise_vs_none.csv,D:\PSPS\runs_J_k9_6od_x0.8\analysis\tables\pairwise_vs_none.csv,init vs none,10,Wilcoxon,0.875,1.0,0.1573106846101707,0.0497460063648536,0.1,-0.3024999999999998,0.5,0.2,0.0711116291717491
J_k9_6od_x0.8,pairwise_vs_none.csv,D:\PSPS\runs_J_k9_6od_x0.8\analysis\tables\pairwise_vs_none.csv,mutation vs none,10,Wilcoxon,0.875,0.875,0.1573106846101707,0.0497460063648536,0.0,-0.6,0.5,0.4,0.2269917603655063
J_k9_6od_x0.8,pairwise_vs_none.csv,D:\PSPS\runs_J_k9_6od_x0.8\analysis\tables\pairwise_vs_none.csv,both vs none,10,Wilcoxon,0.03125,0.09375,2.1538746940614564,0.6811149827832546,0.5,0.0,0.9,0.1,0.5345905886773162
J_k9_6od_x1.0,pairwise_vs_none.csv,D:\PSPS\runs_J_k9_6od_x1.0\analysis\tables\pairwise_vs_none.csv,init vs none,10,Wilcoxon,0.25,0.75,-1.150349380376008,-0.3637724146951587,-0.3,-0.8,0.3,0.6,-0.389767095099332
J_k9_6od_x1.0,pairwise_vs_none.csv,D:\PSPS\runs_J_k9_6od_x1.0\analysis\tables\pairwise_vs_none.csv,mutation vs none,10,Wilcoxon,0.25,0.5,1.150349380376008,0.3637724146951587,0.3,-0.3,0.8,0.3,0.4806590712872817
J_k9_6od_x1.0,pairwise_vs_none.csv,D:\PSPS\runs_J_k9_6od_x1.0\analysis\tables\pairwise_vs_none.csv,both vs none,10,Wilcoxon,0.734375,0.734375,-0.3393116065388172,-0.1072997513193544,-0.1,-0.7,0.4,0.5,-0.0923156049342878
J_k9_6od_x1.2,pairwise_vs_none.csv,D:\PSPS\runs_J_k9_6od_x1.2\analysis\tables\pairwise_vs_none.csv,init vs none,10,Wilcoxon,1.0,1.0,0.0,0.0,-0.1,-0.5,0.3,0.3,0.1658792303710758
J_k9_6od_x1.2,pairwise_vs_none.csv,D:\PSPS\runs_J_k9_6od_x1.2\analysis\tables\pairwise_vs_none.csv,mutation vs none,10,Wilcoxon,0.1015625,0.3046875,-1.6373253827680638,-0.5177677480354088,-0.6,-1.0,-0.1,0.7,-0.4032958858620483
J_k9_6od_x1.2,pairwise_vs_none.csv,D:\PSPS\runs_J_k9_6od_x1.2\analysis\tables\pairwise_vs_none.csv,both vs none,10,Wilcoxon,0.5625,1.0,0.579132162255556,0.1831376698985753,-0.2,-0.6,0.3,0.4,-0.281534976902747
A_k4_3od_x0.8,pairwise_vs_none.csv,D:\PSPS\runs_A_k4_3od_x0.8_pm01k0\analysis\tables\pairwise_vs_none.csv,init vs none,10,Wilcoxon,0.25,0.25,-1.150349380376008,-0.3637724146951587,-0.3,-0.8,0.3,0.6,-0.4150588732019059
A_k4_3od_x0.8,pairwise_vs_none.csv,D:\PSPS\runs_A_k4_3od_x0.8_pm01k0\analysis\tables\pairwise_vs_none.csv,mutation vs none,10,Wilcoxon,0.10546875,0.2109375,-1.6189001435373596,-0.5119411757951574,-0.4,-1.0,0.2,0.7,-0.6384143813600428
A_k4_3od_x0.8,pairwise_vs_none.csv,D:\PSPS\runs_A_k4_3od_x0.8_pm01k0\analysis\tables\pairwise_vs_none.csv,both vs none,10,Wilcoxon,0.0078125,0.0234375,-2.6600674686174592,-0.8411871930549643,-0.7,-1.0,-0.3,0.8,-1.2931343202705734
A_k4_3od_x1.0,pairwise_vs_none.csv,D:\PSPS\runs_A_k4_3od_x1.0_pm01k0\analysis\tables\pairwise_vs_none.csv,init vs none,10,Wilcoxon,0.76953125,1.0,0.2929880968562333,0.0926509713383716,0.2,-0.4,0.8,0.4,0.0977532782422265
A_k4_3od_x1.0,pairwise_vs_none.csv,D:\PSPS\runs_A_k4_3od_x1.0_pm01k0\analysis\tables\pairwise_vs_none.csv,mutation vs none,10,Wilcoxon,0.431640625,1.0,-0.786387293998826,-0.248677497205275,-0.6,-1.0,0.0,0.8,-0.2938869029451321
A_k4_3od_x1.0,pairwise_vs_none.csv,D:\PSPS\runs_A_k4_3od_x1.0_pm01k0\analysis\tables\pairwise_vs_none.csv,both vs none,10,Wilcoxon,0.845703125,0.845703125,-0.1946038037883163,-0.0615391261303583,0.0,-0.6,0.6,0.5,-0.118365059314334
A_k4_3od_x1.2,pairwise_vs_none.csv,D:\PSPS\runs_A_k4_3od_x1.2_pm01k0\analysis\tables\pairwise_vs_none.csv,init vs none,10,Wilcoxon,1.0,1.0,0.0,0.0,0.0,-0.6,0.6,0.5,0.0108570467694248
A_k4_3od_x1.2,pairwise_vs_none.csv,D:\PSPS\runs_A_k4_3od_x1.2_pm01k0\analysis\tables\pairwise_vs_none.csv,mutation vs none,10,Wilcoxon,0.361328125,1.0,-0.9128372860725488,-0.2886644957115953,-0.2,-0.8,0.4,0.6,-0.2176374687600196
A_k4_3od_x1.2,pairwise_vs_none.csv,D:\PSPS\runs_A_k4_3od_x1.2_pm01k0\analysis\tables\pairwise_vs_none.csv,both vs none,10,Wilcoxon,0.921875,1.0,0.098072152488661,0.0310131376899519,0.2,-0.4,0.8,0.4,0.0509633574427283
