instance_id,source_file,source_path,mode,Reason,n
A_k4_1od_x0.8,reason_counts.csv,D:\PSPS\runs_A_k4_1od_x0.8\analysis\tables\reason_counts.csv,both,OK,3407
A_k4_1od_x0.8,reason_counts.csv,D:\PSPS\runs_A_k4_1od_x0.8\analysis\tables\reason_counts.csv,init,OK,3425
A_k4_1od_x0.8,reason_counts.csv,D:\PSPS\runs_A_k4_1od_x0.8\analysis\tables\reason_counts.csv,mutation,OK,3416
A_k4_1od_x0.8,reason_counts.csv,D:\PSPS\runs_A_k4_1od_x0.8\analysis\tables\reason_counts.csv,none,OK,3427
A_k4_1od_x1.0,reason_counts.csv,D:\PSPS\runs_A_k4_1od_x1.0\analysis\tables\reason_counts.csv,both,OK,3424
A_k4_1od_x1.0,reason_counts.csv,D:\PSPS\runs_A_k4_1od_x1.0\analysis\tables\reason_counts.csv,init,OK,3442
A_k4_1od_x1.0,reason_counts.csv,D:\PSPS\runs_A_k4_1od_x1.0\analysis\tables\reason_counts.csv,mutation,OK,3431
A_k4_1od_x1.0,reason_counts.csv,D:\PSPS\runs_A_k4_1od_x1.0\analysis\tables\reason_counts.csv,none,OK,3438
A_k4_2od_x0.8,reason_counts.csv,D:\PSPS\runs_A_k4_2od_x0.8\analysis\tables\reason_counts.csv,both,OK,3359
A_k4_2od_x0.8,reason_counts.csv,D:\PSPS\runs_A_k4_2od_x0.8\analysis\tables\reason_counts.csv,both,NO_TRIPINFO,13
A_k4_2od_x0.8,reason_counts.csv,D:\PSPS\runs_A_k4_2od_x0.8\analysis\tables\reason_counts.csv,init,OK,3416
A_k4_2od_x0.8,reason_counts.csv,D:\PSPS\runs_A_k4_2od_x0.8\analysis\tables\reason_counts.csv,init,NO_TRIPINFO,16
A_k4_2od_x0.8,reason_counts.csv,D:\PSPS\runs_A_k4_2od_x0.8\analysis\tables\reason_counts.csv,mutation,OK,3365
A_k4_2od_x0.8,reason_counts.csv,D:\PSPS\runs_A_k4_2od_x0.8\analysis\tables\reason_counts.csv,none,OK,3421
A_k4_2od_x1.0,reason_counts.csv,D:\PSPS\runs_A_k4_2od_x1.0\analysis\tables\reason_counts.csv,both,OK,3367
A_k4_2od_x1.0,reason_counts.csv,D:\PSPS\runs_A_k4_2od_x1.0\analysis\tables\reason_counts.csv,both,NO_TRIPINFO,10
A_k4_2od_x1.0,reason_counts.csv,D:\PSPS\runs_A_k4_2od_x1.0\analysis\tables\reason_counts.csv,init,OK,3427
A_k4_2od_x1.0,reason_counts.csv,D:\PSPS\runs_A_k4_2od_x1.0\analysis\tables\reason_counts.csv,mutation,OK,3375
A_k4_2od_x1.0,reason_counts.csv,D:\PSPS\runs_A_k4_2od_x1.0\analysis\tables\reason_counts.csv,none,OK,3425
A_k4_2od_x1.2,reason_counts.csv,D:\PSPS\runs_A_k4_2od_x1.2\analysis\tables\reason_counts.csv,both,OK,3393
A_k4_2od_x1.2,reason_counts.csv,D:\PSPS\runs_A_k4_2od_x1.2\analysis\tables\reason_counts.csv,init,OK,3434
A_k4_2od_x1.2,reason_counts.csv,D:\PSPS\runs_A_k4_2od_x1.2\analysis\tables\reason_counts.csv,mutation,OK,3395
A_k4_2od_x1.2,reason_counts.csv,D:\PSPS\runs_A_k4_2od_x1.2\analysis\tables\reason_counts.csv,none,OK,3421
B_k9_1od_x0.8,reason_counts.csv,D:\PSPS\runs_B_k9_1od_x0.8\analysis\tables\reason_counts.csv,both,OK,3460
B_k9_1od_x0.8,reason_counts.csv,D:\PSPS\runs_B_k9_1od_x0.8\analysis\tables\reason_counts.csv,init,OK,3460
B_k9_1od_x0.8,reason_counts.csv,D:\PSPS\runs_B_k9_1od_x0.8\analysis\tables\reason_counts.csv,mutation,OK,3460
B_k9_1od_x0.8,reason_counts.csv,D:\PSPS\runs_B_k9_1od_x0.8\analysis\tables\reason_counts.csv,none,OK,3460
B_k9_1od_x1.0,reason_counts.csv,D:\PSPS\runs_B_k9_1od_x1.0\analysis\tables\reason_counts.csv,both,OK,3460
B_k9_1od_x1.0,reason_counts.csv,D:\PSPS\runs_B_k9_1od_x1.0\analysis\tables\reason_counts.csv,init,OK,3460
B_k9_1od_x1.0,reason_counts.csv,D:\PSPS\runs_B_k9_1od_x1.0\analysis\tables\reason_counts.csv,mutation,OK,3460
B_k9_1od_x1.0,reason_counts.csv,D:\PSPS\runs_B_k9_1od_x1.0\analysis\tables\reason_counts.csv,none,OK,3460
B_k9_1od_x1.2,reason_counts.csv,D:\PSPS\runs_B_k9_1od_x1.2\analysis\tables\reason_counts.csv,both,OK,3460
B_k9_1od_x1.2,reason_counts.csv,D:\PSPS\runs_B_k9_1od_x1.2\analysis\tables\reason_counts.csv,init,OK,3460
B_k9_1od_x1.2,reason_counts.csv,D:\PSPS\runs_B_k9_1od_x1.2\analysis\tables\reason_counts.csv,mutation,OK,3460
B_k9_1od_x1.2,reason_counts.csv,D:\PSPS\runs_B_k9_1od_x1.2\analysis\tables\reason_counts.csv,none,OK,3460
B_k9_2od_x0.8,reason_counts.csv,D:\PSPS\runs_B_k9_2od_x0.8\analysis\tables\reason_counts.csv,both,OK,3460
B_k9_2od_x0.8,reason_counts.csv,D:\PSPS\runs_B_k9_2od_x0.8\analysis\tables\reason_counts.csv,init,OK,3460
B_k9_2od_x0.8,reason_counts.csv,D:\PSPS\runs_B_k9_2od_x0.8\analysis\tables\reason_counts.csv,mutation,OK,3460
B_k9_2od_x0.8,reason_counts.csv,D:\PSPS\runs_B_k9_2od_x0.8\analysis\tables\reason_counts.csv,none,OK,3460
B_k9_2od_x1.0,reason_counts.csv,D:\PSPS\runs_B_k9_2od_x1.0\analysis\tables\reason_counts.csv,both,OK,3460
B_k9_2od_x1.0,reason_counts.csv,D:\PSPS\runs_B_k9_2od_x1.0\analysis\tables\reason_counts.csv,init,OK,3460
B_k9_2od_x1.0,reason_counts.csv,D:\PSPS\runs_B_k9_2od_x1.0\analysis\tables\reason_counts.csv,mutation,OK,3460
B_k9_2od_x1.0,reason_counts.csv,D:\PSPS\runs_B_k9_2od_x1.0\analysis\tables\reason_counts.csv,none,OK,3460
B_k9_2od_x1.2,reason_counts.csv,D:\PSPS\runs_B_k9_2od_x1.2\analysis\tables\reason_counts.csv,both,OK,3460
B_k9_2od_x1.2,reason_counts.csv,D:\PSPS\runs_B_k9_2od_x1.2\analysis\tables\reason_counts.csv,init,OK,3460
B_k9_2od_x1.2,reason_counts.csv,D:\PSPS\runs_B_k9_2od_x1.2\analysis\tables\reason_counts.csv,mutation,OK,3460
B_k9_2od_x1.2,reason_counts.csv,D:\PSPS\runs_B_k9_2od_x1.2\analysis\tables\reason_counts.csv,none,OK,3460
B_k9_3od_x0.8,reason_counts.csv,D:\PSPS\runs_B_k9_3od_x0.8\analysis\tables\reason_counts.csv,both,OK,3460
B_k9_3od_x0.8,reason_counts.csv,D:\PSPS\runs_B_k9_3od_x0.8\analysis\tables\reason_counts.csv,init,OK,3460
B_k9_3od_x0.8,reason_counts.csv,D:\PSPS\runs_B_k9_3od_x0.8\analysis\tables\reason_counts.csv,mutation,OK,3460
B_k9_3od_x0.8,reason_counts.csv,D:\PSPS\runs_B_k9_3od_x0.8\analysis\tables\reason_counts.csv,none,OK,3460
B_k9_3od_x1.0,reason_counts.csv,D:\PSPS\runs_B_k9_3od_x1.0\analysis\tables\reason_counts.csv,both,OK,3460
B_k9_3od_x1.0,reason_counts.csv,D:\PSPS\runs_B_k9_3od_x1.0\analysis\tables\reason_counts.csv,init,OK,3460
B_k9_3od_x1.0,reason_counts.csv,D:\PSPS\runs_B_k9_3od_x1.0\analysis\tables\reason_counts.csv,mutation,OK,3460
B_k9_3od_x1.0,reason_counts.csv,D:\PSPS\runs_B_k9_3od_x1.0\analysis\tables\reason_counts.csv,none,OK,3460
B_k9_3od_x1.2,reason_counts.csv,D:\PSPS\runs_B_k9_3od_x1.2\analysis\tables\reason_counts.csv,both,OK,3460
B_k9_3od_x1.2,reason_counts.csv,D:\PSPS\runs_B_k9_3od_x1.2\analysis\tables\reason_counts.csv,init,OK,3460
B_k9_3od_x1.2,reason_counts.csv,D:\PSPS\runs_B_k9_3od_x1.2\analysis\tables\reason_counts.csv,mutation,OK,3460
B_k9_3od_x1.2,reason_counts.csv,D:\PSPS\runs_B_k9_3od_x1.2\analysis\tables\reason_counts.csv,none,OK,3460
C_k9_1od_x0.8,reason_counts.csv,D:\PSPS\runs_C_k9_1od_x0.8\analysis\tables\reason_counts.csv,both,OK,3460
C_k9_1od_x0.8,reason_counts.csv,D:\PSPS\runs_C_k9_1od_x0.8\analysis\tables\reason_counts.csv,init,OK,3460
C_k9_1od_x0.8,reason_counts.csv,D:\PSPS\runs_C_k9_1od_x0.8\analysis\tables\reason_counts.csv,mutation,OK,3460
C_k9_1od_x0.8,reason_counts.csv,D:\PSPS\runs_C_k9_1od_x0.8\analysis\tables\reason_counts.csv,none,OK,3460
C_k9_1od_x1.0,reason_counts.csv,D:\PSPS\runs_C_k9_1od_x1.0\analysis\tables\reason_counts.csv,both,OK,3460
C_k9_1od_x1.0,reason_counts.csv,D:\PSPS\runs_C_k9_1od_x1.0\analysis\tables\reason_counts.csv,init,OK,3460
C_k9_1od_x1.0,reason_counts.csv,D:\PSPS\runs_C_k9_1od_x1.0\analysis\tables\reason_counts.csv,mutation,OK,3460
C_k9_1od_x1.0,reason_counts.csv,D:\PSPS\runs_C_k9_1od_x1.0\analysis\tables\reason_counts.csv,none,OK,3460
C_k9_1od_x1.2,reason_counts.csv,D:\PSPS\runs_C_k9_1od_x1.2\analysis\tables\reason_counts.csv,both,OK,3460
C_k9_1od_x1.2,reason_counts.csv,D:\PSPS\runs_C_k9_1od_x1.2\analysis\tables\reason_counts.csv,init,OK,3459
C_k9_1od_x1.2,reason_counts.csv,D:\PSPS\runs_C_k9_1od_x1.2\analysis\tables\reason_counts.csv,init,NO_TRIPINFO,1
C_k9_1od_x1.2,reason_counts.csv,D:\PSPS\runs_C_k9_1od_x1.2\analysis\tables\reason_counts.csv,mutation,OK,3460
C_k9_1od_x1.2,reason_counts.csv,D:\PSPS\runs_C_k9_1od_x1.2\analysis\tables\reason_counts.csv,none,OK,3460
C_k9_2od_x0.8,reason_counts.csv,D:\PSPS\runs_C_k9_2od_x0.8\analysis\tables\reason_counts.csv,both,OK,3460
C_k9_2od_x0.8,reason_counts.csv,D:\PSPS\runs_C_k9_2od_x0.8\analysis\tables\reason_counts.csv,init,OK,3460
C_k9_2od_x0.8,reason_counts.csv,D:\PSPS\runs_C_k9_2od_x0.8\analysis\tables\reason_counts.csv,mutation,OK,3460
C_k9_2od_x0.8,reason_counts.csv,D:\PSPS\runs_C_k9_2od_x0.8\analysis\tables\reason_counts.csv,none,OK,3460
C_k9_2od_x1.0,reason_counts.csv,D:\PSPS\runs_C_k9_2od_x1.0\analysis\tables\reason_counts.csv,both,OK,3460
C_k9_2od_x1.0,reason_counts.csv,D:\PSPS\runs_C_k9_2od_x1.0\analysis\tables\reason_counts.csv,init,OK,3460
C_k9_2od_x1.0,reason_counts.csv,D:\PSPS\runs_C_k9_2od_x1.0\analysis\tables\reason_counts.csv,mutation,OK,3444
C_k9_2od_x1.0,reason_counts.csv,D:\PSPS\runs_C_k9_2od_x1.0\analysis\tables\reason_counts.csv,mutation,NO_TRIPINFO,16
C_k9_2od_x1.0,reason_counts.csv,D:\PSPS\runs_C_k9_2od_x1.0\analysis\tables\reason_counts.csv,none,OK,3460
C_k9_2od_x1.2,reason_counts.csv,D:\PSPS\runs_C_k9_2od_x1.2\analysis\tables\reason_counts.csv,both,OK,3460
C_k9_2od_x1.2,reason_counts.csv,D:\PSPS\runs_C_k9_2od_x1.2\analysis\tables\reason_counts.csv,init,OK,3460
C_k9_2od_x1.2,reason_counts.csv,D:\PSPS\runs_C_k9_2od_x1.2\analysis\tables\reason_counts.csv,mutation,OK,3460
C_k9_2od_x1.2,reason_counts.csv,D:\PSPS\runs_C_k9_2od_x1.2\analysis\tables\reason_counts.csv,none,OK,3460
C_k9_3od_x0.8,reason_counts.csv,D:\PSPS\runs_C_k9_3od_x0.8\analysis\tables\reason_counts.csv,both,OK,3460
C_k9_3od_x0.8,reason_counts.csv,D:\PSPS\runs_C_k9_3od_x0.8\analysis\tables\reason_counts.csv,init,OK,3460
C_k9_3od_x0.8,reason_counts.csv,D:\PSPS\runs_C_k9_3od_x0.8\analysis\tables\reason_counts.csv,mutation,OK,3460
C_k9_3od_x0.8,reason_counts.csv,D:\PSPS\runs_C_k9_3od_x0.8\analysis\tables\reason_counts.csv,none,OK,3460
C_k9_3od_x1.0,reason_counts.csv,D:\PSPS\runs_C_k9_3od_x1.0\analysis\tables\reason_counts.csv,both,OK,3460
C_k9_3od_x1.0,reason_counts.csv,D:\PSPS\runs_C_k9_3od_x1.0\analysis\tables\reason_counts.csv,init,OK,3460
C_k9_3od_x1.0,reason_counts.csv,D:\PSPS\runs_C_k9_3od_x1.0\analysis\tables\reason_counts.csv,mutation,OK,3460
C_k9_3od_x1.0,reason_counts.csv,D:\PSPS\runs_C_k9_3od_x1.0\analysis\tables\reason_counts.csv,none,OK,3460
C_k9_3od_x1.2,reason_counts.csv,D:\PSPS\runs_C_k9_3od_x1.2\analysis\tables\reason_counts.csv,both,OK,3460
C_k9_3od_x1.2,reason_counts.csv,D:\PSPS\runs_C_k9_3od_x1.2\analysis\tables\reason_counts.csv,init,OK,3460
C_k9_3od_x1.2,reason_counts.csv,D:\PSPS\runs_C_k9_3od_x1.2\analysis\tables\reason_counts.csv,mutation,OK,3460
C_k9_3od_x1.2,reason_counts.csv,D:\PSPS\runs_C_k9_3od_x1.2\analysis\tables\reason_counts.csv,none,OK,3460
D_k9_1od_x0.8,reason_counts.csv,D:\PSPS\runs_D_k9_1od_x0.8\analysis\tables\reason_counts.csv,both,OK,3460
D_k9_1od_x0.8,reason_counts.csv,D:\PSPS\runs_D_k9_1od_x0.8\analysis\tables\reason_counts.csv,init,OK,3460
D_k9_1od_x0.8,reason_counts.csv,D:\PSPS\runs_D_k9_1od_x0.8\analysis\tables\reason_counts.csv,mutation,OK,3460
D_k9_1od_x0.8,reason_counts.csv,D:\PSPS\runs_D_k9_1od_x0.8\analysis\tables\reason_counts.csv,none,OK,3460
D_k9_1od_x1.0,reason_counts.csv,D:\PSPS\runs_D_k9_1od_x1.0\analysis\tables\reason_counts.csv,both,OK,3460
D_k9_1od_x1.0,reason_counts.csv,D:\PSPS\runs_D_k9_1od_x1.0\analysis\tables\reason_counts.csv,init,OK,3460
D_k9_1od_x1.0,reason_counts.csv,D:\PSPS\runs_D_k9_1od_x1.0\analysis\tables\reason_counts.csv,mutation,OK,3460
D_k9_1od_x1.0,reason_counts.csv,D:\PSPS\runs_D_k9_1od_x1.0\analysis\tables\reason_counts.csv,none,OK,3460
D_k9_1od_x1.2,reason_counts.csv,D:\PSPS\runs_D_k9_1od_x1.2\analysis\tables\reason_counts.csv,both,OK,3460
D_k9_1od_x1.2,reason_counts.csv,D:\PSPS\runs_D_k9_1od_x1.2\analysis\tables\reason_counts.csv,init,OK,3460
D_k9_1od_x1.2,reason_counts.csv,D:\PSPS\runs_D_k9_1od_x1.2\analysis\tables\reason_counts.csv,mutation,OK,3460
D_k9_1od_x1.2,reason_counts.csv,D:\PSPS\runs_D_k9_1od_x1.2\analysis\tables\reason_counts.csv,none,OK,3460
D_k9_2od_x0.8,reason_counts.csv,D:\PSPS\runs_D_k9_2od_x0.8\analysis\tables\reason_counts.csv,both,OK,3460
D_k9_2od_x0.8,reason_counts.csv,D:\PSPS\runs_D_k9_2od_x0.8\analysis\tables\reason_counts.csv,init,OK,3460
D_k9_2od_x0.8,reason_counts.csv,D:\PSPS\runs_D_k9_2od_x0.8\analysis\tables\reason_counts.csv,mutation,OK,3460
D_k9_2od_x0.8,reason_counts.csv,D:\PSPS\runs_D_k9_2od_x0.8\analysis\tables\reason_counts.csv,none,OK,3460
D_k9_2od_x1.0,reason_counts.csv,D:\PSPS\runs_D_k9_2od_x1.0\analysis\tables\reason_counts.csv,both,OK,3460
D_k9_2od_x1.0,reason_counts.csv,D:\PSPS\runs_D_k9_2od_x1.0\analysis\tables\reason_counts.csv,init,OK,3455
D_k9_2od_x1.0,reason_counts.csv,D:\PSPS\runs_D_k9_2od_x1.0\analysis\tables\reason_counts.csv,init,NO_TRIPINFO,5
D_k9_2od_x1.0,reason_counts.csv,D:\PSPS\runs_D_k9_2od_x1.0\analysis\tables\reason_counts.csv,mutation,OK,3460
D_k9_2od_x1.0,reason_counts.csv,D:\PSPS\runs_D_k9_2od_x1.0\analysis\tables\reason_counts.csv,none,OK,3460
D_k9_2od_x1.2,reason_counts.csv,D:\PSPS\runs_D_k9_2od_x1.2\analysis\tables\reason_counts.csv,both,OK,3460
D_k9_2od_x1.2,reason_counts.csv,D:\PSPS\runs_D_k9_2od_x1.2\analysis\tables\reason_counts.csv,init,OK,3460
D_k9_2od_x1.2,reason_counts.csv,D:\PSPS\runs_D_k9_2od_x1.2\analysis\tables\reason_counts.csv,mutation,OK,3460
D_k9_2od_x1.2,reason_counts.csv,D:\PSPS\runs_D_k9_2od_x1.2\analysis\tables\reason_counts.csv,none,OK,3460
D_k9_3od_x0.8,reason_counts.csv,D:\PSPS\runs_D_k9_3od_x0.8\analysis\tables\reason_counts.csv,both,OK,3460
D_k9_3od_x0.8,reason_counts.csv,D:\PSPS\runs_D_k9_3od_x0.8\analysis\tables\reason_counts.csv,init,OK,3460
D_k9_3od_x0.8,reason_counts.csv,D:\PSPS\runs_D_k9_3od_x0.8\analysis\tables\reason_counts.csv,mutation,OK,3460
D_k9_3od_x0.8,reason_counts.csv,D:\PSPS\runs_D_k9_3od_x0.8\analysis\tables\reason_counts.csv,none,OK,3460
D_k9_3od_x1.0,reason_counts.csv,D:\PSPS\runs_D_k9_3od_x1.0\analysis\tables\reason_counts.csv,both,OK,3460
D_k9_3od_x1.0,reason_counts.csv,D:\PSPS\runs_D_k9_3od_x1.0\analysis\tables\reason_counts.csv,init,OK,3460
D_k9_3od_x1.0,reason_counts.csv,D:\PSPS\runs_D_k9_3od_x1.0\analysis\tables\reason_counts.csv,mutation,OK,3460
D_k9_3od_x1.0,reason_counts.csv,D:\PSPS\runs_D_k9_3od_x1.0\analysis\tables\reason_counts.csv,none,OK,3460
D_k9_3od_x1.2,reason_counts.csv,D:\PSPS\runs_D_k9_3od_x1.2\analysis\tables\reason_counts.csv,both,OK,3460
D_k9_3od_x1.2,reason_counts.csv,D:\PSPS\runs_D_k9_3od_x1.2\analysis\tables\reason_counts.csv,init,OK,3460
D_k9_3od_x1.2,reason_counts.csv,D:\PSPS\runs_D_k9_3od_x1.2\analysis\tables\reason_counts.csv,mutation,OK,3460
D_k9_3od_x1.2,reason_counts.csv,D:\PSPS\runs_D_k9_3od_x1.2\analysis\tables\reason_counts.csv,none,OK,3460
J_k9_6od_x0.8,reason_counts.csv,D:\PSPS\runs_J_k9_6od_x0.8\analysis\tables\reason_counts.csv,both,OK,3460
J_k9_6od_x0.8,reason_counts.csv,D:\PSPS\runs_J_k9_6od_x0.8\analysis\tables\reason_counts.csv,init,OK,3460
J_k9_6od_x0.8,reason_counts.csv,D:\PSPS\runs_J_k9_6od_x0.8\analysis\tables\reason_counts.csv,mutation,OK,3460
J_k9_6od_x0.8,reason_counts.csv,D:\PSPS\runs_J_k9_6od_x0.8\analysis\tables\reason_counts.csv,none,OK,3460
J_k9_6od_x1.0,reason_counts.csv,D:\PSPS\runs_J_k9_6od_x1.0\analysis\tables\reason_counts.csv,both,OK,3460
J_k9_6od_x1.0,reason_counts.csv,D:\PSPS\runs_J_k9_6od_x1.0\analysis\tables\reason_counts.csv,init,OK,3460
J_k9_6od_x1.0,reason_counts.csv,D:\PSPS\runs_J_k9_6od_x1.0\analysis\tables\reason_counts.csv,mutation,OK,3460
J_k9_6od_x1.0,reason_counts.csv,D:\PSPS\runs_J_k9_6od_x1.0\analysis\tables\reason_counts.csv,none,OK,3460
J_k9_6od_x1.2,reason_counts.csv,D:\PSPS\runs_J_k9_6od_x1.2\analysis\tables\reason_counts.csv,both,OK,3460
J_k9_6od_x1.2,reason_counts.csv,D:\PSPS\runs_J_k9_6od_x1.2\analysis\tables\reason_counts.csv,init,OK,3460
J_k9_6od_x1.2,reason_counts.csv,D:\PSPS\runs_J_k9_6od_x1.2\analysis\tables\reason_counts.csv,mutation,OK,3460
J_k9_6od_x1.2,reason_counts.csv,D:\PSPS\runs_J_k9_6od_x1.2\analysis\tables\reason_counts.csv,none,OK,3460
A_k4_3od_x0.8,reason_counts.csv,D:\PSPS\runs_A_k4_3od_x0.8_pm01k0\analysis\tables\reason_counts.csv,both,OK,3415
A_k4_3od_x0.8,reason_counts.csv,D:\PSPS\runs_A_k4_3od_x0.8_pm01k0\analysis\tables\reason_counts.csv,init,OK,3423
A_k4_3od_x0.8,reason_counts.csv,D:\PSPS\runs_A_k4_3od_x0.8_pm01k0\analysis\tables\reason_counts.csv,mutation,OK,3408
A_k4_3od_x0.8,reason_counts.csv,D:\PSPS\runs_A_k4_3od_x0.8_pm01k0\analysis\tables\reason_counts.csv,none,OK,3434
A_k4_3od_x1.0,reason_counts.csv,D:\PSPS\runs_A_k4_3od_x1.0_pm01k0\analysis\tables\reason_counts.csv,both,OK,3424
A_k4_3od_x1.0,reason_counts.csv,D:\PSPS\runs_A_k4_3od_x1.0_pm01k0\analysis\tables\reason_counts.csv,init,OK,3431
A_k4_3od_x1.0,reason_counts.csv,D:\PSPS\runs_A_k4_3od_x1.0_pm01k0\analysis\tables\reason_counts.csv,mutation,OK,3427
A_k4_3od_x1.0,reason_counts.csv,D:\PSPS\runs_A_k4_3od_x1.0_pm01k0\analysis\tables\reason_counts.csv,none,OK,3421
A_k4_3od_x1.2,reason_counts.csv,D:\PSPS\runs_A_k4_3od_x1.2_pm01k0\analysis\tables\reason_counts.csv,both,OK,3427
A_k4_3od_x1.2,reason_counts.csv,D:\PSPS\runs_A_k4_3od_x1.2_pm01k0\analysis\tables\reason_counts.csv,init,OK,3427
A_k4_3od_x1.2,reason_counts.csv,D:\PSPS\runs_A_k4_3od_x1.2_pm01k0\analysis\tables\reason_counts.csv,mutation,OK,3423
A_k4_3od_x1.2,reason_counts.csv,D:\PSPS\runs_A_k4_3od_x1.2_pm01k0\analysis\tables\reason_counts.csv,none,OK,3422
