eval,k,score,accepted,best_score,temp,closed_edges,run_dir
0,9,644.456000,1,644.456000,5.0000,"-106651991#0,-172249931#0,-24337240#0,-4894992#3,-876343452#3,37551339#2,40009021#1,61652404#0,834922892#1",D:\PSPS\runs_reviewer\J_k9_6od_x1.0\sa_seed6\e0000
2,9,644.456000,1,644.456000,5.0000,"-172249931#0,-24337240#0,-4894992#3,-876343452#3,153134060#1,37551339#2,40009021#1,61652404#0,834922892#1",D:\PSPS\runs_reviewer\J_k9_6od_x1.0\sa_seed6\e0001
3,9,644.456000,1,644.456000,4.9554,"-172249931#0,-24337240#0,-4894992#3,153134060#1,37551339#2,40009021#1,465885893#0,61652404#0,834922892#1",D:\PSPS\runs_reviewer\J_k9_6od_x1.0\sa_seed6\e0002
4,8,644.456000,1,644.456000,4.9111,"-172249931#0,-24337240#0,-4894992#3,153134060#1,37551339#2,40009021#1,465885893#0,61652404#0",D:\PSPS\runs_reviewer\J_k9_6od_x1.0\sa_seed6\e0003
5,7,644.456000,1,644.456000,4.8673,"-172249931#0,-4894992#3,153134060#1,37551339#2,40009021#1,465885893#0,61652404#0",D:\PSPS\runs_reviewer\J_k9_6od_x1.0\sa_seed6\e0004
6,7,644.456000,1,644.456000,4.8239,"-172249931#0,-4894992#3,153134060#1,37551339#2,465885893#0,5057604,61652404#0",D:\PSPS\runs_reviewer\J_k9_6od_x1.0\sa_seed6\e0005
7,7,644.456000,1,644.456000,4.7808,"-172249931#0,-4894992#3,153134060#1,37551339#2,465885893#0,5057604,876057368",D:\PSPS\runs_reviewer\J_k9_6od_x1.0\sa_seed6\e0006
8,6,644.456000,1,644.456000,4.7381,"-172249931#0,-4894992#3,153134060#1,37551339#2,465885893#0,876057368",D:\PSPS\runs_reviewer\J_k9_6od_x1.0\sa_seed6\e0007
9,6,644.456000,1,644.456000,4.6958,"-172249931#0,-4894992#3,26943536#0,37551339#2,465885893#0,876057368",D:\PSPS\runs_reviewer\J_k9_6od_x1.0\sa_seed6\e0008
10,6,644.456000,1,644.456000,4.6539,"-172249931#0,-4894992#3,219797779,26943536#0,465885893#0,876057368",D:\PSPS\runs_reviewer\J_k9_6od_x1.0\sa_seed6\e0009
11,6,644.456000,1,644.456000,4.6124,"-172249931#0,-4894992#3,219797779,26943536#0,325795946#1,465885893#0",D:\PSPS\runs_reviewer\J_k9_6od_x1.0\sa_seed6\e0010
12,6,644.456000,1,644.456000,4.5712,"-172249931#0,-4894992#3,-5236308#1,219797779,26943536#0,325795946#1",D:\PSPS\runs_reviewer\J_k9_6od_x1.0\sa_seed6\e0011
13,6,644.456000,1,644.456000,4.5304,"-274763813#5,-4894992#3,-5236308#1,219797779,26943536#0,325795946#1",D:\PSPS\runs_reviewer\J_k9_6od_x1.0\sa_seed6\e0012
14,5,644.456000,1,644.456000,4.4900,"-274763813#5,-5236308#1,219797779,26943536#0,325795946#1",D:\PSPS\runs_reviewer\J_k9_6od_x1.0\sa_seed6\e0013
15,5,644.456000,1,644.456000,4.4499,"-274763813#5,219797779,26943536#0,325795946#1,410947639",D:\PSPS\runs_reviewer\J_k9_6od_x1.0\sa_seed6\e0014
16,4,644.456000,1,644.456000,4.4102,"-274763813#5,219797779,26943536#0,325795946#1",D:\PSPS\runs_reviewer\J_k9_6od_x1.0\sa_seed6\e0015
17,3,644.456000,1,644.456000,4.3708,"219797779,26943536#0,325795946#1",D:\PSPS\runs_reviewer\J_k9_6od_x1.0\sa_seed6\e0016
18,3,644.456000,1,644.456000,4.3318,"-834922892#1,219797779,26943536#0",D:\PSPS\runs_reviewer\J_k9_6od_x1.0\sa_seed6\e0017
19,4,661.224667,0,644.456000,4.2931,"-834922892#1,111681903#0,219797779,26943536#0",D:\PSPS\runs_reviewer\J_k9_6od_x1.0\sa_seed6\e0018
20,3,644.456000,1,644.456000,4.2548,"-25143145#2,-834922892#1,219797779",D:\PSPS\runs_reviewer\J_k9_6od_x1.0\sa_seed6\e0019
21,2,644.456000,1,644.456000,4.2168,"-834922892#1,219797779",D:\PSPS\runs_reviewer\J_k9_6od_x1.0\sa_seed6\e0020
22,2,644.456000,1,644.456000,4.1792,"-834922892#1,627579930#0",D:\PSPS\runs_reviewer\J_k9_6od_x1.0\sa_seed6\e0021
23,2,644.456000,1,644.456000,4.1419,"-5197064#3,-834922892#1",D:\PSPS\runs_reviewer\J_k9_6od_x1.0\sa_seed6\e0022
24,3,644.456000,1,644.456000,4.1049,"-5197064#3,-784700120,-834922892#1",D:\PSPS\runs_reviewer\J_k9_6od_x1.0\sa_seed6\e0023
25,3,644.456000,1,644.456000,4.0683,"-784700120,-834922892#1,61902802",D:\PSPS\runs_reviewer\J_k9_6od_x1.0\sa_seed6\e0024
26,2,644.456000,1,644.456000,4.0319,"-834922892#1,61902802",D:\PSPS\runs_reviewer\J_k9_6od_x1.0\sa_seed6\e0025
27,2,644.456000,1,644.456000,3.9960,"-4970254#5,61902802",D:\PSPS\runs_reviewer\J_k9_6od_x1.0\sa_seed6\e0026
28,2,644.456000,1,644.456000,3.9603,"-4970254#5,502361003",D:\PSPS\runs_reviewer\J_k9_6od_x1.0\sa_seed6\e0027
29,2,644.456000,1,644.456000,3.9249,"-4970254#5,219822382#0",D:\PSPS\runs_reviewer\J_k9_6od_x1.0\sa_seed6\e0028
30,2,644.456000,1,644.456000,3.8899,"-37651116#2,-4970254#5",D:\PSPS\runs_reviewer\J_k9_6od_x1.0\sa_seed6\e0029
31,2,644.456000,1,644.456000,3.8552,"-37651116#2,-5057605#0",D:\PSPS\runs_reviewer\J_k9_6od_x1.0\sa_seed6\e0030
32,1,644.456000,1,644.456000,3.8208,-37651116#2,D:\PSPS\runs_reviewer\J_k9_6od_x1.0\sa_seed6\e0031
33,1,644.456000,1,644.456000,3.7867,280335874#1,D:\PSPS\runs_reviewer\J_k9_6od_x1.0\sa_seed6\e0032
34,1,644.456000,1,644.456000,3.7529,6263815#0,D:\PSPS\runs_reviewer\J_k9_6od_x1.0\sa_seed6\e0033
35,2,644.456000,1,644.456000,3.7194,"219822417#0,6263815#0",D:\PSPS\runs_reviewer\J_k9_6od_x1.0\sa_seed6\e0034
36,2,644.456000,1,644.456000,3.6862,"219822417#0,4877791",D:\PSPS\runs_reviewer\J_k9_6od_x1.0\sa_seed6\e0035
37,3,644.456000,1,644.456000,3.6533,"111677669#4,219822417#0,4877791",D:\PSPS\runs_reviewer\J_k9_6od_x1.0\sa_seed6\e0036
38,4,644.456000,1,644.456000,3.6207,"-25142441#2,111677669#4,219822417#0,4877791",D:\PSPS\runs_reviewer\J_k9_6od_x1.0\sa_seed6\e0037
39,4,644.456000,1,644.456000,3.5883,"-25142441#2,111677669#4,4877791,876343452#5",D:\PSPS\runs_reviewer\J_k9_6od_x1.0\sa_seed6\e0038
40,5,644.456000,1,644.456000,3.5563,"-25142441#2,111677669#4,410942714#1,4877791,876343452#5",D:\PSPS\runs_reviewer\J_k9_6od_x1.0\sa_seed6\e0039
41,5,599.402667,1,599.402667,3.5246,"-111677671#0,111677669#4,410942714#1,4877791,876343452#5",D:\PSPS\runs_reviewer\J_k9_6od_x1.0\sa_seed6\e0040
42,4,644.456000,0,599.402667,3.4931,"111677669#4,410942714#1,4877791,876343452#5",D:\PSPS\runs_reviewer\J_k9_6od_x1.0\sa_seed6\e0041
43,5,599.402667,1,599.402667,3.4619,"-111677671#0,-5197053#0,111677669#4,4877791,876343452#5",D:\PSPS\runs_reviewer\J_k9_6od_x1.0\sa_seed6\e0042
44,4,599.402667,1,599.402667,3.4310,"-111677671#0,-5197053#0,111677669#4,876343452#5",D:\PSPS\runs_reviewer\J_k9_6od_x1.0\sa_seed6\e0043
45,4,599.402667,1,599.402667,3.4004,"-111677671#0,-5197053#0,4894991#1,876343452#5",D:\PSPS\runs_reviewer\J_k9_6od_x1.0\sa_seed6\e0044
46,5,599.402667,1,599.402667,3.3700,"-111677671#0,-5197053#0,26216780#0,4894991#1,876343452#5",D:\PSPS\runs_reviewer\J_k9_6od_x1.0\sa_seed6\e0045
47,4,599.402667,1,599.402667,3.3400,"-111677671#0,-5197053#0,26216780#0,876343452#5",D:\PSPS\runs_reviewer\J_k9_6od_x1.0\sa_seed6\e0046
48,4,599.402667,1,599.402667,3.3101,"-111677671#0,-5197053#0,26216780#0,6263815#0",D:\PSPS\runs_reviewer\J_k9_6od_x1.0\sa_seed6\e0047
49,5,599.402667,1,599.402667,3.2806,"-111677671#0,-5197053#0,26216780#0,465885894,6263815#0",D:\PSPS\runs_reviewer\J_k9_6od_x1.0\sa_seed6\e0048
50,5,599.402667,1,599.402667,3.2513,"-111677671#0,-5197053#0,219822390,26216780#0,6263815#0",D:\PSPS\runs_reviewer\J_k9_6od_x1.0\sa_seed6\e0049
51,5,599.402667,1,599.402667,3.2223,"-111677671#0,-5197053#0,219822390,6263815#0,783907721#1",D:\PSPS\runs_reviewer\J_k9_6od_x1.0\sa_seed6\e0050
52,5,599.402667,1,599.402667,3.1935,"-111677671#0,219797787#1,219822390,6263815#0,783907721#1",D:\PSPS\runs_reviewer\J_k9_6od_x1.0\sa_seed6\e0051
53,4,599.402667,1,599.402667,3.1650,"-111677671#0,219797787#1,219822390,783907721#1",D:\PSPS\runs_reviewer\J_k9_6od_x1.0\sa_seed6\e0052
54,3,599.402667,1,599.402667,3.1368,"-111677671#0,219797787#1,783907721#1",D:\PSPS\runs_reviewer\J_k9_6od_x1.0\sa_seed6\e0053
55,3,599.402667,1,599.402667,3.1088,"-111677671#0,783907721#1,803012921#2",D:\PSPS\runs_reviewer\J_k9_6od_x1.0\sa_seed6\e0054
56,4,599.402667,1,599.402667,3.0810,"-111677671#0,-4929432#2,783907721#1,803012921#2",D:\PSPS\runs_reviewer\J_k9_6od_x1.0\sa_seed6\e0055
57,4,644.456000,0,599.402667,3.0535,"-4929432#2,5029409#1,783907721#1,803012921#2",D:\PSPS\runs_reviewer\J_k9_6od_x1.0\sa_seed6\e0056
58,4,644.456000,0,599.402667,3.0263,"-4929432#2,-5055277#0,783907721#1,803012921#2",D:\PSPS\runs_reviewer\J_k9_6od_x1.0\sa_seed6\e0057
59,3,644.456000,0,599.402667,2.9993,"-4929432#2,783907721#1,803012921#2",D:\PSPS\runs_reviewer\J_k9_6od_x1.0\sa_seed6\e0058
60,4,599.402667,1,599.402667,2.9725,"-111677671#0,-4929432#2,219797779,783907721#1",D:\PSPS\runs_reviewer\J_k9_6od_x1.0\sa_seed6\e0059
61,3,644.456000,0,599.402667,2.9459,"-4929432#2,219797779,783907721#1",D:\PSPS\runs_reviewer\J_k9_6od_x1.0\sa_seed6\e0060
62,4,644.456000,0,599.402667,2.9197,"-4929432#2,-gneE3,219797779,783907721#1",D:\PSPS\runs_reviewer\J_k9_6od_x1.0\sa_seed6\e0061
63,3,599.402667,1,599.402667,2.8936,"-111677671#0,-4929432#2,219797779",D:\PSPS\runs_reviewer\J_k9_6od_x1.0\sa_seed6\e0062
64,3,644.456000,0,599.402667,2.8678,"-4929432#2,219797779,37551339#2",D:\PSPS\runs_reviewer\J_k9_6od_x1.0\sa_seed6\e0063
65,3,599.402667,1,599.402667,2.8422,"-111677671#0,-4894992#2,-4929432#2",D:\PSPS\runs_reviewer\J_k9_6od_x1.0\sa_seed6\e0064
66,3,599.402667,1,599.402667,2.8168,"-111677671#0,-4929432#2,6272848#1",D:\PSPS\runs_reviewer\J_k9_6od_x1.0\sa_seed6\e0065
67,3,599.402667,1,599.402667,2.7917,"-111677671#0,-172249931#3,-4929432#2",D:\PSPS\runs_reviewer\J_k9_6od_x1.0\sa_seed6\e0066
68,3,1000000000000.000000,0,599.402667,2.7667,"-172249931#3,-311298665,-4929432#2",D:\PSPS\runs_reviewer\J_k9_6od_x1.0\sa_seed6\e0067
69,4,599.402667,1,599.402667,2.7420,"-111677671#0,-172249931#3,-220934962,-4929432#2",D:\PSPS\runs_reviewer\J_k9_6od_x1.0\sa_seed6\e0068
70,4,599.402667,1,599.402667,2.7176,"-111677671#0,-220934962,-4929432#2,498033359#2",D:\PSPS\runs_reviewer\J_k9_6od_x1.0\sa_seed6\e0069
71,3,644.456000,0,599.402667,2.6933,"-220934962,-4929432#2,498033359#2",D:\PSPS\runs_reviewer\J_k9_6od_x1.0\sa_seed6\e0070
72,4,599.402667,1,599.402667,2.6693,"-111677671#0,-220934962,-4929432#2,814061747#8",D:\PSPS\runs_reviewer\J_k9_6od_x1.0\sa_seed6\e0071
73,5,599.402667,1,599.402667,2.6454,"-111677671#0,-111681905#0,-220934962,-4929432#2,814061747#8",D:\PSPS\runs_reviewer\J_k9_6od_x1.0\sa_seed6\e0072
74,5,599.402667,1,599.402667,2.6218,"-111677671#0,-111681905#0,-220934962,-5197061#1,814061747#8",D:\PSPS\runs_reviewer\J_k9_6od_x1.0\sa_seed6\e0073
75,6,599.402667,1,599.402667,2.5984,"-111677671#0,-111681905#0,-220934962,-5197061#1,280335874#1,814061747#8",D:\PSPS\runs_reviewer\J_k9_6od_x1.0\sa_seed6\e0074
76,7,599.402667,1,599.402667,2.5752,"-111677671#0,-111681905#0,-220934962,-5197061#1,280335874#1,5029409#1,814061747#8",D:\PSPS\runs_reviewer\J_k9_6od_x1.0\sa_seed6\e0075
77,7,599.402667,1,599.402667,2.5522,"-111677671#0,-111681905#0,-220934962,-5197061#1,280335874#1,37651116#2,814061747#8",D:\PSPS\runs_reviewer\J_k9_6od_x1.0\sa_seed6\e0076
78,6,644.456000,0,599.402667,2.5295,"-111681905#0,-220934962,-5197061#1,280335874#1,37651116#2,814061747#8",D:\PSPS\runs_reviewer\J_k9_6od_x1.0\sa_seed6\e0077
79,7,599.402667,1,599.402667,2.5069,"-111677671#0,-111681905#0,-5197061#1,219797783#3,280335874#1,37651116#2,814061747#8",D:\PSPS\runs_reviewer\J_k9_6od_x1.0\sa_seed6\e0078
80,7,644.456000,0,599.402667,2.4845,"-111681905#0,-172249928#0,-5197061#1,219797783#3,280335874#1,37651116#2,814061747#8",D:\PSPS\runs_reviewer\J_k9_6od_x1.0\sa_seed6\e0079
81,7,599.402667,1,599.402667,2.4623,"-111677671#0,-111681905#0,106652005#1,219797783#3,280335874#1,37651116#2,814061747#8",D:\PSPS\runs_reviewer\J_k9_6od_x1.0\sa_seed6\e0080
82,8,599.402667,1,599.402667,2.4403,"-111677671#0,-111681905#0,106652005#1,219797783#3,274763813#4,280335874#1,37651116#2,814061747#8",D:\PSPS\runs_reviewer\J_k9_6od_x1.0\sa_seed6\e0081
83,9,599.402667,1,599.402667,2.4186,"-111677671#0,-111681905#0,106652005#1,219797783#3,219797801#2,274763813#4,280335874#1,37651116#2,814061747#8",D:\PSPS\runs_reviewer\J_k9_6od_x1.0\sa_seed6\e0082
84,9,599.402667,1,599.402667,2.3970,"-111677671#0,-111681905#0,-25142441#4,106652005#1,219797801#2,274763813#4,280335874#1,37651116#2,814061747#8",D:\PSPS\runs_reviewer\J_k9_6od_x1.0\sa_seed6\e0083
85,9,644.456000,0,599.402667,2.3756,"-111681905#0,-25142441#4,106652005#1,219797801#2,274763813#4,280335874#1,37651116#2,4950115#1,814061747#8",D:\PSPS\runs_reviewer\J_k9_6od_x1.0\sa_seed6\e0084
86,9,644.456000,0,599.402667,2.3544,"-111681905#0,-25142441#4,106652005#1,219797801#0,219797801#2,274763813#4,280335874#1,37651116#2,814061747#8",D:\PSPS\runs_reviewer\J_k9_6od_x1.0\sa_seed6\e0085
87,9,599.402667,1,599.402667,2.3334,"-111677671#0,-111681905#0,-25142441#4,106652005#1,219797801#2,275267982,280335874#1,37651116#2,814061747#8",D:\PSPS\runs_reviewer\J_k9_6od_x1.0\sa_seed6\e0086
88,9,599.402667,1,599.402667,2.3125,"-111677671#0,-25142441#4,-4935286#0,106652005#1,219797801#2,275267982,280335874#1,37651116#2,814061747#8",D:\PSPS\runs_reviewer\J_k9_6od_x1.0\sa_seed6\e0087
89,8,599.402667,1,599.402667,2.2919,"-111677671#0,-25142441#4,-4935286#0,106652005#1,219797801#2,275267982,280335874#1,37651116#2",D:\PSPS\runs_reviewer\J_k9_6od_x1.0\sa_seed6\e0088
90,8,599.402667,1,599.402667,2.2714,"-111677671#0,-25142441#4,-4935286#0,106652005#1,219797801#2,275267982,280335874#1,36974908#2",D:\PSPS\runs_reviewer\J_k9_6od_x1.0\sa_seed6\e0089
91,8,599.402667,1,599.402667,2.2512,"-111677671#0,-40009020#5,-4935286#0,106652005#1,219797801#2,275267982,280335874#1,36974908#2",D:\PSPS\runs_reviewer\J_k9_6od_x1.0\sa_seed6\e0090
92,8,644.456000,0,599.402667,2.2311,"-40009020#5,-4935286#0,106652005#1,219797801#2,275267982,280335874#1,36974908#2,4894997#1",D:\PSPS\runs_reviewer\J_k9_6od_x1.0\sa_seed6\e0091
93,8,599.402667,1,599.402667,2.2111,"-111677671#0,-40009020#5,-4935286#0,-5055277#5,106652005#1,275267982,280335874#1,36974908#2",D:\PSPS\runs_reviewer\J_k9_6od_x1.0\sa_seed6\e0092
94,8,599.402667,1,599.402667,2.1914,"-111677671#0,-40009020#5,-4935286#0,-5055277#5,106652005#1,275267982,36974908#2,478100154#1",D:\PSPS\runs_reviewer\J_k9_6od_x1.0\sa_seed6\e0093
95,8,599.402667,1,599.402667,2.1718,"-111677671#0,-40009020#5,-5055277#5,-784700120,106652005#1,275267982,36974908#2,478100154#1",D:\PSPS\runs_reviewer\J_k9_6od_x1.0\sa_seed6\e0094
96,9,599.402667,1,599.402667,2.1525,"-111677671#0,-40009020#5,-4970251#0,-5055277#5,-784700120,106652005#1,275267982,36974908#2,478100154#1",D:\PSPS\runs_reviewer\J_k9_6od_x1.0\sa_seed6\e0095
97,9,599.402667,1,599.402667,2.1332,"-111677671#0,-40009020#5,-4970251#0,-5055277#5,-784700120,-828195561#0,106652005#1,275267982,36974908#2",D:\PSPS\runs_reviewer\J_k9_6od_x1.0\sa_seed6\e0096
98,9,599.402667,1,599.402667,2.1142,"-111677671#0,-40009020#5,-4970251#0,-5055277#5,-784700120,-828195561#0,275267982,36974908#2,5197062#2",D:\PSPS\runs_reviewer\J_k9_6od_x1.0\sa_seed6\e0097
99,9,599.402667,1,599.402667,2.0953,"-111677671#0,-40009020#5,-4970251#0,-5055277#5,-784700120,-828195561#0,172251688,36974908#2,5197062#2",D:\PSPS\runs_reviewer\J_k9_6od_x1.0\sa_seed6\e0098
100,8,644.456000,0,599.402667,2.0766,"-40009020#5,-4970251#0,-5055277#5,-784700120,-828195561#0,172251688,36974908#2,5197062#2",D:\PSPS\runs_reviewer\J_k9_6od_x1.0\sa_seed6\e0099
101,9,599.402667,1,599.402667,2.0581,"-111677671#0,-40009020#5,-4970251#0,-5055277#5,-784700120,-814061747#1,-828195561#0,172251688,36974908#2",D:\PSPS\runs_reviewer\J_k9_6od_x1.0\sa_seed6\e0100
102,9,599.402667,1,599.402667,2.0397,"-111677671#0,-40009020#5,-5055277#5,-784700120,-814061747#1,-828195561#0,106651997#1,172251688,36974908#2",D:\PSPS\runs_reviewer\J_k9_6od_x1.0\sa_seed6\e0101
103,9,599.402667,1,599.402667,2.0215,"-111677671#0,-40009020#5,-4970252,-784700120,-814061747#1,-828195561#0,106651997#1,172251688,36974908#2",D:\PSPS\runs_reviewer\J_k9_6od_x1.0\sa_seed6\e0102
104,8,599.402667,1,599.402667,2.0035,"-111677671#0,-4970252,-784700120,-814061747#1,-828195561#0,106651997#1,172251688,36974908#2",D:\PSPS\runs_reviewer\J_k9_6od_x1.0\sa_seed6\e0103
105,8,644.456000,0,599.402667,1.9856,"-106652025#1,-4970252,-784700120,-814061747#1,-828195561#0,106651997#1,172251688,36974908#2",D:\PSPS\runs_reviewer\J_k9_6od_x1.0\sa_seed6\e0104
106,8,599.402667,1,599.402667,1.9679,"-111677671#0,-36974892,-784700120,-814061747#1,-828195561#0,106651997#1,172251688,36974908#2",D:\PSPS\runs_reviewer\J_k9_6od_x1.0\sa_seed6\e0105
107,8,644.456000,0,599.402667,1.9503,"-36974892,-784700120,-814061747#1,-828195561#0,106651997#1,172251688,36974908#2,61902804",D:\PSPS\runs_reviewer\J_k9_6od_x1.0\sa_seed6\e0106
108,8,599.402667,1,599.402667,1.9329,"-111677671#0,-36974892,-784700120,-828195561#0,106651997#1,172251688,25143145#0,36974908#2",D:\PSPS\runs_reviewer\J_k9_6od_x1.0\sa_seed6\e0107
109,7,599.402667,1,599.402667,1.9156,"-111677671#0,-36974892,-784700120,-828195561#0,172251688,25143145#0,36974908#2",D:\PSPS\runs_reviewer\J_k9_6od_x1.0\sa_seed6\e0108
110,7,644.456000,0,599.402667,1.8985,"-36974892,-784700120,-828195561#0,172251688,25143145#0,36974908#2,37627664#4",D:\PSPS\runs_reviewer\J_k9_6od_x1.0\sa_seed6\e0109
111,7,599.402667,1,599.402667,1.8816,"-111677671#0,-36974892,-4970255#0,-784700120,-828195561#0,172251688,36974908#2",D:\PSPS\runs_reviewer\J_k9_6od_x1.0\sa_seed6\e0110
112,8,599.402667,1,599.402667,1.8648,"-111677671#0,-36974892,-37627664#0,-4970255#0,-784700120,-828195561#0,172251688,36974908#2",D:\PSPS\runs_reviewer\J_k9_6od_x1.0\sa_seed6\e0111
113,8,631.304000,0,599.402667,1.8482,"-36974892,-37627664#0,-4970255#0,-502325084#3,-784700120,-828195561#0,172251688,36974908#2",D:\PSPS\runs_reviewer\J_k9_6od_x1.0\sa_seed6\e0112
114,8,599.402667,1,599.402667,1.8317,"-111677671#0,-36974892,-37627664#0,-4970255#0,-784700120,-828195561#0,36974908#2,876343452#0",D:\PSPS\runs_reviewer\J_k9_6od_x1.0\sa_seed6\e0113
115,8,599.402667,1,599.402667,1.8153,"-111677671#0,-36974892,-37627664#0,-4970255#0,-784700120,-828195561#0,-876343451#1,36974908#2",D:\PSPS\runs_reviewer\J_k9_6od_x1.0\sa_seed6\e0114
116,8,599.402667,1,599.402667,1.7991,"-111677671#0,-36974892,-37627664#0,-6272848#1,-784700120,-828195561#0,-876343451#1,36974908#2",D:\PSPS\runs_reviewer\J_k9_6od_x1.0\sa_seed6\e0115
117,8,644.456000,0,599.402667,1.7830,"-36974892,-37627664#0,-6272848#1,-784700120,-828195561#0,-876343451#1,36974908#2,61902788",D:\PSPS\runs_reviewer\J_k9_6od_x1.0\sa_seed6\e0116
118,8,599.402667,1,599.402667,1.7671,"-111677671#0,-37627664#0,-6272848#1,-784700120,-828195561#0,-876343451#1,36974908#2,4894992#3",D:\PSPS\runs_reviewer\J_k9_6od_x1.0\sa_seed6\e0117
119,7,644.456000,0,599.402667,1.7514,"-37627664#0,-6272848#1,-784700120,-828195561#0,-876343451#1,36974908#2,4894992#3",D:\PSPS\runs_reviewer\J_k9_6od_x1.0\sa_seed6\e0118
120,8,644.456000,0,599.402667,1.7357,"-37627664#0,-6272848#1,-784700120,-7924764#0,-828195561#0,-876343451#1,36974908#2,4894992#3",D:\PSPS\runs_reviewer\J_k9_6od_x1.0\sa_seed6\e0119
121,8,644.456000,0,599.402667,1.7202,"-37627664#0,-6272848#1,-784700120,-828195561#0,-876343451#1,280335866#3,36974908#2,4894992#3",D:\PSPS\runs_reviewer\J_k9_6od_x1.0\sa_seed6\e0120
122,8,599.402667,1,599.402667,1.7049,"-106652014,-111677671#0,-37627664#0,-6272848#1,-784700120,-828195561#0,36974908#2,4894992#3",D:\PSPS\runs_reviewer\J_k9_6od_x1.0\sa_seed6\e0121
123,8,599.402667,1,599.402667,1.6897,"-111677671#0,-37627664#0,-6272848#1,-784700120,-828195561#0,36974908#2,410942714#1,4894992#3",D:\PSPS\runs_reviewer\J_k9_6od_x1.0\sa_seed6\e0122
124,9,599.402667,1,599.402667,1.6746,"-111677671#0,-37627664#0,-6272848#1,-784700120,-828195561#0,-882243018,36974908#2,410942714#1,4894992#3",D:\PSPS\runs_reviewer\J_k9_6od_x1.0\sa_seed6\e0123
125,9,599.402667,1,599.402667,1.6596,"-111677671#0,-37627664#0,-6272848#1,-784700120,-882243018,36974908#2,410942714#1,4894992#3,876343452#3",D:\PSPS\runs_reviewer\J_k9_6od_x1.0\sa_seed6\e0124
126,9,599.402667,1,599.402667,1.6448,"-111677671#0,-37627664#0,-410942714#1,-784700120,-882243018,36974908#2,410942714#1,4894992#3,876343452#3",D:\PSPS\runs_reviewer\J_k9_6od_x1.0\sa_seed6\e0125
127,8,599.402667,1,599.402667,1.6301,"-111677671#0,-37627664#0,-410942714#1,-784700120,-882243018,36974908#2,410942714#1,4894992#3",D:\PSPS\runs_reviewer\J_k9_6od_x1.0\sa_seed6\e0126
128,8,599.402667,1,599.402667,1.6156,"-111677671#0,-37627664#0,-410942714#1,-784700120,-834922892#1,-882243018,36974908#2,4894992#3",D:\PSPS\runs_reviewer\J_k9_6od_x1.0\sa_seed6\e0127
129,7,599.402667,1,599.402667,1.6012,"-111677671#0,-37627664#0,-410942714#1,-784700120,-834922892#1,-882243018,4894992#3",D:\PSPS\runs_reviewer\J_k9_6od_x1.0\sa_seed6\e0128
130,6,599.402667,1,599.402667,1.5869,"-111677671#0,-37627664#0,-410942714#1,-784700120,-882243018,4894992#3",D:\PSPS\runs_reviewer\J_k9_6od_x1.0\sa_seed6\e0129
131,7,599.402667,1,599.402667,1.5727,"-111677671#0,-37627664#0,-410942714#1,-784700120,-882243018,106651991#1,4894992#3",D:\PSPS\runs_reviewer\J_k9_6od_x1.0\sa_seed6\e0130
132,7,599.402667,1,599.402667,1.5587,"-111677671#0,-37627664#0,-4877786#0,-784700120,-882243018,106651991#1,4894992#3",D:\PSPS\runs_reviewer\J_k9_6od_x1.0\sa_seed6\e0131
133,7,599.402667,1,599.402667,1.5447,"-111677671#0,-37627664#0,-4877786#0,-5197062#4,-784700120,-882243018,106651991#1",D:\PSPS\runs_reviewer\J_k9_6od_x1.0\sa_seed6\e0132
134,8,635.530000,0,599.402667,1.5310,"-111677671#0,-311298662#0,-37627664#0,-4877786#0,-5197062#4,-784700120,-882243018,106651991#1",D:\PSPS\runs_reviewer\J_k9_6od_x1.0\sa_seed6\e0133
135,6,644.456000,0,599.402667,1.5173,"-37627664#0,-4877786#0,-5197062#4,-784700120,-882243018,106651991#1",D:\PSPS\runs_reviewer\J_k9_6od_x1.0\sa_seed6\e0134
136,7,599.402667,1,599.402667,1.5038,"-111677671#0,-4877786#0,-5197062#4,-784700120,-882243018,106651991#1,4877788#6",D:\PSPS\runs_reviewer\J_k9_6od_x1.0\sa_seed6\e0135
137,7,599.402667,1,599.402667,1.4903,"-111677671#0,-4877786#0,-4911109#0,-5197062#4,-784700120,106651991#1,4877788#6",D:\PSPS\runs_reviewer\J_k9_6od_x1.0\sa_seed6\e0136
138,8,599.402667,1,599.402667,1.4770,"-111677671#0,-4877786#0,-4911109#0,-5197062#4,-784700120,106651991#1,37649100#0,4877788#6",D:\PSPS\runs_reviewer\J_k9_6od_x1.0\sa_seed6\e0137
139,9,599.402667,1,599.402667,1.4638,"-111677671#0,-4877786#0,-4911109#0,-5197062#4,-784700120,106651991#1,37649100#0,4877788#6,4935286#0",D:\PSPS\runs_reviewer\J_k9_6od_x1.0\sa_seed6\e0138
140,8,599.402667,1,599.402667,1.4508,"-111677671#0,-4877786#0,-4911109#0,-784700120,106651991#1,37649100#0,4877788#6,4935286#0",D:\PSPS\runs_reviewer\J_k9_6od_x1.0\sa_seed6\e0139
141,9,599.402667,1,599.402667,1.4378,"-111677671#0,-4877786#0,-4911109#0,-4924947#3,-784700120,106651991#1,37649100#0,4877788#6,4935286#0",D:\PSPS\runs_reviewer\J_k9_6od_x1.0\sa_seed6\e0140
142,8,644.456000,0,599.402667,1.4250,"-4877786#0,-4911109#0,-4924947#3,-784700120,106651991#1,37649100#0,4877788#6,4935286#0",D:\PSPS\runs_reviewer\J_k9_6od_x1.0\sa_seed6\e0141
143,9,599.402667,1,599.402667,1.4123,"-111677671#0,-4877786#0,-4924947#3,-784700120,106651991#1,172249924,37649100#0,4877788#6,4935286#0",D:\PSPS\runs_reviewer\J_k9_6od_x1.0\sa_seed6\e0142
144,9,599.402667,1,599.402667,1.3997,"-111677671#0,-4877786#0,-4924947#3,-784700120,106651991#1,219797806,37649100#0,4877788#6,4935286#0",D:\PSPS\runs_reviewer\J_k9_6od_x1.0\sa_seed6\e0143
145,9,599.402667,1,599.402667,1.3872,"-106651999#3,-111677671#0,-4877786#0,-4924947#3,-784700120,219797806,37649100#0,4877788#6,4935286#0",D:\PSPS\runs_reviewer\J_k9_6od_x1.0\sa_seed6\e0144
146,9,610.602000,0,599.402667,1.3748,"-106651999#3,-111677671#0,-24337240#7,-4877786#0,-4924947#3,-784700120,219797806,4877788#6,4935286#0",D:\PSPS\runs_reviewer\J_k9_6od_x1.0\sa_seed6\e0145
147,9,644.456000,0,599.402667,1.3625,"-106651999#3,-4877786#0,-4924947#3,-784700120,219797806,37649100#0,4877788#6,4935286#0,794283075",D:\PSPS\runs_reviewer\J_k9_6od_x1.0\sa_seed6\e0146
148,8,599.402667,1,599.402667,1.3504,"-106651999#3,-111677671#0,-4924947#3,-784700120,219797806,37649100#0,4877788#6,4935286#0",D:\PSPS\runs_reviewer\J_k9_6od_x1.0\sa_seed6\e0147
149,8,599.402667,1,599.402667,1.3383,"-111677671#0,-4924947#3,-784700120,219797806,37649100#0,4877788#6,4894996#3,4935286#0",D:\PSPS\runs_reviewer\J_k9_6od_x1.0\sa_seed6\e0148
150,7,599.402667,1,599.402667,1.3264,"-111677671#0,-4924947#3,-784700120,219797806,37649100#0,4877788#6,4894996#3",D:\PSPS\runs_reviewer\J_k9_6od_x1.0\sa_seed6\e0149
151,7,599.402667,1,599.402667,1.3145,"-111677671#0,-4924947#3,-784700120,172251692#0,219797806,37649100#0,4877788#6",D:\PSPS\runs_reviewer\J_k9_6od_x1.0\sa_seed6\e0150
152,6,599.402667,1,599.402667,1.3028,"-111677671#0,-4924947#3,-784700120,219797806,37649100#0,4877788#6",D:\PSPS\runs_reviewer\J_k9_6od_x1.0\sa_seed6\e0151
153,6,599.402667,1,599.402667,1.2912,"-111677671#0,-4924947#3,-784700120,219797806,37649100#0,814061747#1",D:\PSPS\runs_reviewer\J_k9_6od_x1.0\sa_seed6\e0152
154,6,599.402667,1,599.402667,1.2796,"-111677671#0,-784700120,-876343452#6,219797806,37649100#0,814061747#1",D:\PSPS\runs_reviewer\J_k9_6od_x1.0\sa_seed6\e0153
155,6,599.402667,1,599.402667,1.2682,"-111677671#0,-36851747#1,-784700120,-876343452#6,219797806,814061747#1",D:\PSPS\runs_reviewer\J_k9_6od_x1.0\sa_seed6\e0154
156,5,599.402667,1,599.402667,1.2569,"-111677671#0,-36851747#1,-784700120,-876343452#6,814061747#1",D:\PSPS\runs_reviewer\J_k9_6od_x1.0\sa_seed6\e0155
157,5,599.402667,1,599.402667,1.2457,"-111677671#0,-36851747#1,-784700120,-876343452#6,478100144",D:\PSPS\runs_reviewer\J_k9_6od_x1.0\sa_seed6\e0156
158,5,644.456000,0,599.402667,1.2345,"-36851747#1,-784700120,-876343452#6,478100144,gneE3",D:\PSPS\runs_reviewer\J_k9_6od_x1.0\sa_seed6\e0157
159,5,599.402667,1,599.402667,1.2235,"-111677671#0,-36851747#1,-768058866,-876343452#6,478100144",D:\PSPS\runs_reviewer\J_k9_6od_x1.0\sa_seed6\e0158
160,5,599.402667,1,599.402667,1.2126,"-111677671#0,-4935286#1,-768058866,-876343452#6,478100144",D:\PSPS\runs_reviewer\J_k9_6od_x1.0\sa_seed6\e0159
161,5,599.402667,1,599.402667,1.2018,"-111677671#0,-5055277#4,-768058866,-876343452#6,478100144",D:\PSPS\runs_reviewer\J_k9_6od_x1.0\sa_seed6\e0160
162,5,599.402667,1,599.402667,1.1911,"-111677671#0,-5055277#4,-768058866,394945362,478100144",D:\PSPS\runs_reviewer\J_k9_6od_x1.0\sa_seed6\e0161
163,4,644.456000,0,599.402667,1.1804,"-5055277#4,-768058866,394945362,478100144",D:\PSPS\runs_reviewer\J_k9_6od_x1.0\sa_seed6\e0162
164,5,599.402667,1,599.402667,1.1699,"-111677671#0,-768058866,36851802,394945362,478100144",D:\PSPS\runs_reviewer\J_k9_6od_x1.0\sa_seed6\e0163
165,4,599.402667,1,599.402667,1.1594,"-111677671#0,-768058866,394945362,478100144",D:\PSPS\runs_reviewer\J_k9_6od_x1.0\sa_seed6\e0164
166,4,599.402667,1,599.402667,1.1491,"-111677671#0,-768058866,172251697#0,478100144",D:\PSPS\runs_reviewer\J_k9_6od_x1.0\sa_seed6\e0165
167,4,644.456000,0,599.402667,1.1388,"-768058866,106651997#1,172251697#0,478100144",D:\PSPS\runs_reviewer\J_k9_6od_x1.0\sa_seed6\e0166
168,4,599.402667,1,599.402667,1.1287,"-111677671#0,-768058866,172251697#0,394945362",D:\PSPS\runs_reviewer\J_k9_6od_x1.0\sa_seed6\e0167
169,4,644.456000,0,599.402667,1.1186,"-219797798#1,-768058866,172251697#0,394945362",D:\PSPS\runs_reviewer\J_k9_6od_x1.0\sa_seed6\e0168
170,4,599.402667,1,599.402667,1.1086,"-111677671#0,-768058866,231819405,394945362",D:\PSPS\runs_reviewer\J_k9_6od_x1.0\sa_seed6\e0169
171,4,599.402667,1,599.402667,1.0987,"-111677671#0,219797807#0,231819405,394945362",D:\PSPS\runs_reviewer\J_k9_6od_x1.0\sa_seed6\e0170
172,4,599.402667,1,599.402667,1.0889,"-111677671#0,219797798#1,219797807#0,231819405",D:\PSPS\runs_reviewer\J_k9_6od_x1.0\sa_seed6\e0171
173,5,599.402667,1,599.402667,1.0792,"-111677671#0,-111681903#2,219797798#1,219797807#0,231819405",D:\PSPS\runs_reviewer\J_k9_6od_x1.0\sa_seed6\e0172
174,4,599.402667,1,599.402667,1.0600,"-111677671#0,219797798#1,231819405,325795946#2",D:\PSPS\runs_reviewer\J_k9_6od_x1.0\sa_seed6\e0173
175,4,599.402667,1,599.402667,1.0506,"-111677671#0,-40009020#3,219797798#1,231819405",D:\PSPS\runs_reviewer\J_k9_6od_x1.0\sa_seed6\e0174
176,4,599.402667,1,599.402667,1.0412,"-111677671#0,-231819410#1,-40009020#3,219797798#1",D:\PSPS\runs_reviewer\J_k9_6od_x1.0\sa_seed6\e0175
177,4,599.402667,1,599.402667,1.0319,"-111677671#0,-40009020#3,219797798#1,248740644#0",D:\PSPS\runs_reviewer\J_k9_6od_x1.0\sa_seed6\e0176
178,3,599.402667,1,599.402667,1.0227,"-111677671#0,219797798#1,248740644#0",D:\PSPS\runs_reviewer\J_k9_6od_x1.0\sa_seed6\e0177
179,4,599.402667,1,599.402667,1.0135,"-111677671#0,172251694#0,219797798#1,248740644#0",D:\PSPS\runs_reviewer\J_k9_6od_x1.0\sa_seed6\e0178
180,4,599.402667,1,599.402667,1.0045,"-111677671#0,172251694#0,248740644#0,4970253#1",D:\PSPS\runs_reviewer\J_k9_6od_x1.0\sa_seed6\e0179
181,4,599.402667,1,599.402667,0.9955,"-111677671#0,172251694#0,4970253#1,4970254#5",D:\PSPS\runs_reviewer\J_k9_6od_x1.0\sa_seed6\e0180
182,5,599.402667,1,599.402667,0.9866,"-111677671#0,172251694#0,4970253#1,4970254#5,502361001",D:\PSPS\runs_reviewer\J_k9_6od_x1.0\sa_seed6\e0181
183,5,599.402667,1,599.402667,0.9778,"-111677671#0,474168056#0,4970253#1,4970254#5,502361001",D:\PSPS\runs_reviewer\J_k9_6od_x1.0\sa_seed6\e0182
184,4,644.456000,0,599.402667,0.9691,"474168056#0,4970253#1,4970254#5,502361001",D:\PSPS\runs_reviewer\J_k9_6od_x1.0\sa_seed6\e0183
185,6,599.402667,1,599.402667,0.9605,"-111677671#0,474168056#0,4970253#1,4970254#5,502361001,5026771",D:\PSPS\runs_reviewer\J_k9_6od_x1.0\sa_seed6\e0184
186,5,599.402667,1,599.402667,0.9519,"-111677671#0,474168056#0,4970254#5,502361001,5026771",D:\PSPS\runs_reviewer\J_k9_6od_x1.0\sa_seed6\e0185
187,5,599.402667,1,599.402667,0.9434,"-111677671#0,-172249928#2,474168056#0,502361001,5026771",D:\PSPS\runs_reviewer\J_k9_6od_x1.0\sa_seed6\e0186
188,5,599.402667,1,599.402667,0.9350,"-111677671#0,-172249928#2,-712622899#0,474168056#0,502361001",D:\PSPS\runs_reviewer\J_k9_6od_x1.0\sa_seed6\e0187
189,5,599.402667,1,599.402667,0.9266,"-111677671#0,-5197061#3,-712622899#0,474168056#0,502361001",D:\PSPS\runs_reviewer\J_k9_6od_x1.0\sa_seed6\e0188
190,5,599.402667,1,599.402667,0.9183,"-111677671#0,-219797779,-5197061#3,474168056#0,502361001",D:\PSPS\runs_reviewer\J_k9_6od_x1.0\sa_seed6\e0189
191,5,599.402667,1,599.402667,0.9102,"-111677671#0,-5197061#3,219797807#3,474168056#0,502361001",D:\PSPS\runs_reviewer\J_k9_6od_x1.0\sa_seed6\e0190
192,5,644.456000,0,599.402667,0.9020,"-5197061#3,219797807#3,474168056#0,502361001,61902790#1",D:\PSPS\runs_reviewer\J_k9_6od_x1.0\sa_seed6\e0191
193,5,608.926667,0,599.402667,0.8940,"-111677671#0,219797807#3,474168056#0,502361001,5236308#2",D:\PSPS\runs_reviewer\J_k9_6od_x1.0\sa_seed6\e0192
194,6,599.402667,1,599.402667,0.8860,"-111677671#0,-5197061#3,219797807#3,474168056#0,502361001,7924760#5",D:\PSPS\runs_reviewer\J_k9_6od_x1.0\sa_seed6\e0193
195,6,599.402667,1,599.402667,0.8781,"-111677671#0,-5197061#3,219797807#3,37649100#1,502361001,7924760#5",D:\PSPS\runs_reviewer\J_k9_6od_x1.0\sa_seed6\e0194
196,5,599.402667,1,599.402667,0.8702,"-111677671#0,-5197061#3,219797807#3,37649100#1,7924760#5",D:\PSPS\runs_reviewer\J_k9_6od_x1.0\sa_seed6\e0195
197,5,644.456000,0,599.402667,0.8625,"-37627664#5,-5197061#3,219797807#3,37649100#1,7924760#5",D:\PSPS\runs_reviewer\J_k9_6od_x1.0\sa_seed6\e0196
198,5,599.402667,1,599.402667,0.8548,"-111677671#0,-5197061#3,219797807#3,37649100#1,61652404#0",D:\PSPS\runs_reviewer\J_k9_6od_x1.0\sa_seed6\e0197
199,5,599.402667,1,599.402667,0.8472,"-111677671#0,-5197061#3,219797807#3,61652404#0,678743173",D:\PSPS\runs_reviewer\J_k9_6od_x1.0\sa_seed6\e0198
200,5,688.879333,0,599.402667,0.8396,"-5197061#3,-782714971#1,219797807#3,61652404#0,678743173",D:\PSPS\runs_reviewer\J_k9_6od_x1.0\sa_seed6\e0199
201,4,599.402667,1,599.402667,0.8321,"-111677671#0,-5197061#3,219797807#3,61652404#0",D:\PSPS\runs_reviewer\J_k9_6od_x1.0\sa_seed6\e0200
202,4,599.402667,1,599.402667,0.8247,"-111677671#0,-5197061#3,4894996#2,61652404#0",D:\PSPS\runs_reviewer\J_k9_6od_x1.0\sa_seed6\e0201
203,4,624.294000,0,599.402667,0.8173,"-111677671#0,-5197061#3,111677669#0,4894996#2",D:\PSPS\runs_reviewer\J_k9_6od_x1.0\sa_seed6\e0202
204,4,599.402667,1,599.402667,0.8100,"-111677671#0,-5197061#3,4894996#2,4970254#5",D:\PSPS\runs_reviewer\J_k9_6od_x1.0\sa_seed6\e0203
205,4,644.456000,0,599.402667,0.8028,"-5197061#3,106651999#3,4894996#2,4970254#5",D:\PSPS\runs_reviewer\J_k9_6od_x1.0\sa_seed6\e0204
206,4,600.406000,1,599.402667,0.7956,"-5197061#3,4894996#2,4970254#5,835445203",D:\PSPS\runs_reviewer\J_k9_6od_x1.0\sa_seed6\e0205
207,4,644.456000,0,599.402667,0.7885,"-219797787#1,-5197061#3,4894996#2,4970254#5",D:\PSPS\runs_reviewer\J_k9_6od_x1.0\sa_seed6\e0206
208,4,600.406000,1,599.402667,0.7815,"-498033359#3,-5197061#3,4894996#2,835445203",D:\PSPS\runs_reviewer\J_k9_6od_x1.0\sa_seed6\e0207
209,4,600.406000,1,599.402667,0.7745,"-106651991#2,-5197061#3,4894996#2,835445203",D:\PSPS\runs_reviewer\J_k9_6od_x1.0\sa_seed6\e0208
210,4,633.984667,0,599.402667,0.7676,"-106651991#2,-5197061#3,120682114#3,835445203",D:\PSPS\runs_reviewer\J_k9_6od_x1.0\sa_seed6\e0209
211,3,600.406000,1,599.402667,0.7607,"-5197061#3,4894996#2,835445203",D:\PSPS\runs_reviewer\J_k9_6od_x1.0\sa_seed6\e0210
212,3,600.406000,1,599.402667,0.7539,"-5197061#3,106652007#0,835445203",D:\PSPS\runs_reviewer\J_k9_6od_x1.0\sa_seed6\e0211
213,4,600.406000,1,599.402667,0.7472,"-5197061#3,-876343449#4,106652007#0,835445203",D:\PSPS\runs_reviewer\J_k9_6od_x1.0\sa_seed6\e0212
214,4,600.406000,1,599.402667,0.7405,"-814303496#1,-876343449#4,106652007#0,835445203",D:\PSPS\runs_reviewer\J_k9_6od_x1.0\sa_seed6\e0213
215,4,644.456000,0,599.402667,0.7339,"-814303496#1,-876343449#4,106652007#0,4877788#6",D:\PSPS\runs_reviewer\J_k9_6od_x1.0\sa_seed6\e0214
216,4,600.406000,1,599.402667,0.7274,"-876343449#4,106652007#0,7924763,835445203",D:\PSPS\runs_reviewer\J_k9_6od_x1.0\sa_seed6\e0215
217,4,640.913333,0,599.402667,0.7209,"-876343449#4,-880137009#0,7924763,835445203",D:\PSPS\runs_reviewer\J_k9_6od_x1.0\sa_seed6\e0216
218,4,600.406000,1,599.402667,0.7145,"-876343449#4,106652007#0,24337240#4,835445203",D:\PSPS\runs_reviewer\J_k9_6od_x1.0\sa_seed6\e0217
219,5,600.406000,1,599.402667,0.7081,"-7365262,-876343449#4,106652007#0,24337240#4,835445203",D:\PSPS\runs_reviewer\J_k9_6od_x1.0\sa_seed6\e0218
220,5,600.406000,1,599.402667,0.7018,"-7365262,106651998#1,106652007#0,24337240#4,835445203",D:\PSPS\runs_reviewer\J_k9_6od_x1.0\sa_seed6\e0219
221,5,600.406000,1,599.402667,0.6955,"-4911109#1,106651998#1,106652007#0,24337240#4,835445203",D:\PSPS\runs_reviewer\J_k9_6od_x1.0\sa_seed6\e0220
222,5,607.745333,0,599.402667,0.6893,"-4911109#1,-778869028,106651998#1,106652007#0,24337240#4",D:\PSPS\runs_reviewer\J_k9_6od_x1.0\sa_seed6\e0221
223,6,600.406000,1,599.402667,0.6831,"-4911109#1,106651998#1,106652007#0,24337240#4,37649100#1,835445203",D:\PSPS\runs_reviewer\J_k9_6od_x1.0\sa_seed6\e0222
224,6,600.406000,1,599.402667,0.6710,"-4911109#1,106651998#1,106652007#0,24337240#4,36847354#5,835445203",D:\PSPS\runs_reviewer\J_k9_6od_x1.0\sa_seed6\e0223
225,6,600.406000,1,599.402667,0.6650,"-4911109#1,106651998#1,106652007#0,36847354#5,70018790#0,835445203",D:\PSPS\runs_reviewer\J_k9_6od_x1.0\sa_seed6\e0224
226,6,600.406000,1,599.402667,0.6591,"-4911109#1,-4992725,106651998#1,106652007#0,36847354#5,835445203",D:\PSPS\runs_reviewer\J_k9_6od_x1.0\sa_seed6\e0225
227,6,644.456000,0,599.402667,0.6532,"-4911109#1,-4992725,-783907721#0,106651998#1,106652007#0,36847354#5",D:\PSPS\runs_reviewer\J_k9_6od_x1.0\sa_seed6\e0226
228,7,600.406000,1,599.402667,0.6474,"-4911109#1,-4992725,-787570921,106651998#1,106652007#0,36847354#5,835445203",D:\PSPS\runs_reviewer\J_k9_6od_x1.0\sa_seed6\e0227
229,7,536.726667,1,536.726667,0.6358,"-4911109#1,-4992725,106651998#1,106652007#0,36847354#5,5057604,835445203",D:\PSPS\runs_reviewer\J_k9_6od_x1.0\sa_seed6\e0228
230,7,644.456000,0,536.726667,0.6302,"-4911109#1,-4992725,106651998#1,106652007#0,36847354#5,5057604,61902779#1",D:\PSPS\runs_reviewer\J_k9_6od_x1.0\sa_seed6\e0229
231,7,536.726667,1,536.726667,0.6245,"-4911109#1,106651998#1,106652007#0,36847354#5,5057604,5197062#0,835445203",D:\PSPS\runs_reviewer\J_k9_6od_x1.0\sa_seed6\e0230
232,7,536.726667,1,536.726667,0.6190,"-4911109#1,106652007#0,25142441#4,36847354#5,5057604,5197062#0,835445203",D:\PSPS\runs_reviewer\J_k9_6od_x1.0\sa_seed6\e0231
233,8,610.578667,0,536.726667,0.6134,"-4911109#1,106652007#0,25142441#4,36847354#5,5057604,5197062#0,535519490#0,835445203",D:\PSPS\runs_reviewer\J_k9_6od_x1.0\sa_seed6\e0232
234,7,536.726667,1,536.726667,0.6080,"-4911109#1,106652007#0,124266855#1,36847354#5,5057604,5197062#0,835445203",D:\PSPS\runs_reviewer\J_k9_6od_x1.0\sa_seed6\e0233
235,8,536.726667,1,536.726667,0.6025,"-4911109#1,106652007#0,124266855#1,36847354#5,5057604,5197062#0,803012921#4,835445203",D:\PSPS\runs_reviewer\J_k9_6od_x1.0\sa_seed6\e0234
236,8,536.726667,1,536.726667,0.5972,"-4911109#1,106652007#0,124266855#1,280335866#1,36847354#5,5057604,5197062#0,835445203",D:\PSPS\runs_reviewer\J_k9_6od_x1.0\sa_seed6\e0235
237,8,600.406000,0,536.726667,0.5918,"-4911109#1,106652007#0,124266855#1,219796130#1,280335866#1,36847354#5,5197062#0,835445203",D:\PSPS\runs_reviewer\J_k9_6od_x1.0\sa_seed6\e0236
238,8,536.726667,1,536.726667,0.5866,"-4911109#1,106652007#0,255228345,280335866#1,36847354#5,5057604,5197062#0,835445203",D:\PSPS\runs_reviewer\J_k9_6od_x1.0\sa_seed6\e0237
239,8,644.456000,0,536.726667,0.5813,"-4911109#1,106652007#0,106652016,255228345,280335866#1,36847354#5,5057604,5197062#0",D:\PSPS\runs_reviewer\J_k9_6od_x1.0\sa_seed6\e0238
240,9,536.726667,1,536.726667,0.5761,"-4911109#1,106652007#0,255228345,280335866#1,36847354#5,5057604,5197062#0,5236308#2,835445203",D:\PSPS\runs_reviewer\J_k9_6od_x1.0\sa_seed6\e0239
241,9,536.726667,1,536.726667,0.5710,"-4911109#1,106652007#0,219797787#1,255228345,280335866#1,36847354#5,5057604,5236308#2,835445203",D:\PSPS\runs_reviewer\J_k9_6od_x1.0\sa_seed6\e0240
242,8,536.726667,1,536.726667,0.5659,"-4911109#1,106652007#0,219797787#1,255228345,280335866#1,5057604,5236308#2,835445203",D:\PSPS\runs_reviewer\J_k9_6od_x1.0\sa_seed6\e0241
243,8,536.726667,1,536.726667,0.5608,"-4911109#1,106652007#0,219797787#1,255228345,280335866#1,36851747#2,5057604,835445203",D:\PSPS\runs_reviewer\J_k9_6od_x1.0\sa_seed6\e0242
244,9,536.726667,1,536.726667,0.5558,"-106652025#0,-4911109#1,106652007#0,219797787#1,255228345,280335866#1,36851747#2,5057604,835445203",D:\PSPS\runs_reviewer\J_k9_6od_x1.0\sa_seed6\e0243
245,9,536.726667,1,536.726667,0.5509,"-106652025#0,106652007#0,219797787#1,255228345,280335866#1,36851747#2,5057604,652756923#1,835445203",D:\PSPS\runs_reviewer\J_k9_6od_x1.0\sa_seed6\e0244
246,8,600.406000,0,536.726667,0.5460,"-106652025#0,106652007#0,219797787#1,255228345,280335866#1,36851747#2,652756923#1,835445203",D:\PSPS\runs_reviewer\J_k9_6od_x1.0\sa_seed6\e0245
247,9,644.456000,0,536.726667,0.5411,"-106652025#0,106652007#0,219797787#1,255228345,280335866#1,36851747#2,4894991#0,5057604,652756923#1",D:\PSPS\runs_reviewer\J_k9_6od_x1.0\sa_seed6\e0246
248,9,536.726667,1,536.726667,0.5363,"-106652025#0,-4950115#0,106652007#0,255228345,280335866#1,36851747#2,5057604,652756923#1,835445203",D:\PSPS\runs_reviewer\J_k9_6od_x1.0\sa_seed6\e0247
249,8,644.456000,0,536.726667,0.5315,"-106652025#0,-4950115#0,106652007#0,255228345,280335866#1,36851747#2,5057604,652756923#1",D:\PSPS\runs_reviewer\J_k9_6od_x1.0\sa_seed6\e0248
250,9,536.726667,1,536.726667,0.5267,"-106652025#0,-124266855#2,-4950115#0,106652007#0,255228345,280335866#1,5057604,652756923#1,835445203",D:\PSPS\runs_reviewer\J_k9_6od_x1.0\sa_seed6\e0249
251,9,644.456000,0,536.726667,0.5220,"-106652025#0,-124266855#2,-4950115#0,106652007#0,255228345,280335866#1,5057604,652756923#1,694649100",D:\PSPS\runs_reviewer\J_k9_6od_x1.0\sa_seed6\e0250
252,9,536.726667,1,536.726667,0.5174,"-106652025#0,-124266855#2,-4950115#0,106652007#0,231819412,255228345,5057604,652756923#1,835445203",D:\PSPS\runs_reviewer\J_k9_6od_x1.0\sa_seed6\e0251
253,9,553.117333,0,536.726667,0.5127,"-106652025#0,-124266855#2,-4950115#0,106652007#0,231819412,5057604,652756923#1,747448014,835445203",D:\PSPS\runs_reviewer\J_k9_6od_x1.0\sa_seed6\e0252
254,9,536.726667,1,536.726667,0.5082,"-106652025#0,-124266855#2,-4950115#0,106652007#0,231819412,465886917#1,5057604,652756923#1,835445203",D:\PSPS\runs_reviewer\J_k9_6od_x1.0\sa_seed6\e0253
255,9,644.456000,0,536.726667,0.5036,"-106652025#0,-111677669#2,-124266855#2,-4950115#0,106652007#0,231819412,465886917#1,5057604,652756923#1",D:\PSPS\runs_reviewer\J_k9_6od_x1.0\sa_seed6\e0254
256,9,536.726667,1,536.726667,0.4991,"-124266855#2,-172251698#2,-4950115#0,106652007#0,231819412,465886917#1,5057604,652756923#1,835445203",D:\PSPS\runs_reviewer\J_k9_6od_x1.0\sa_seed6\e0255
257,8,536.726667,1,536.726667,0.4947,"-124266855#2,-4950115#0,106652007#0,231819412,465886917#1,5057604,652756923#1,835445203",D:\PSPS\runs_reviewer\J_k9_6od_x1.0\sa_seed6\e0256
258,7,536.726667,1,536.726667,0.4903,"-124266855#2,-4950115#0,106652007#0,231819412,465886917#1,5057604,835445203",D:\PSPS\runs_reviewer\J_k9_6od_x1.0\sa_seed6\e0257
259,8,536.726667,1,536.726667,0.4859,"-124266855#2,-4950115#0,106652007#0,172249931#3,231819412,465886917#1,5057604,835445203",D:\PSPS\runs_reviewer\J_k9_6od_x1.0\sa_seed6\e0258
260,9,536.726667,1,536.726667,0.4815,"-124266855#2,-4950115#0,-6263818#1,106652007#0,172249931#3,231819412,465886917#1,5057604,835445203",D:\PSPS\runs_reviewer\J_k9_6od_x1.0\sa_seed6\e0259
261,9,536.726667,1,536.726667,0.4773,"-124266855#2,-4950115#0,106652007#0,172249931#3,219798593#0,231819412,465886917#1,5057604,835445203",D:\PSPS\runs_reviewer\J_k9_6od_x1.0\sa_seed6\e0260
262,9,536.726667,1,536.726667,0.4730,"-4950115#0,-7365262,106652007#0,172249931#3,219798593#0,231819412,465886917#1,5057604,835445203",D:\PSPS\runs_reviewer\J_k9_6od_x1.0\sa_seed6\e0261
263,9,536.726667,1,536.726667,0.4688,"-4950115#0,-7365262,-gneE3,106652007#0,172249931#3,219798593#0,231819412,5057604,835445203",D:\PSPS\runs_reviewer\J_k9_6od_x1.0\sa_seed6\e0262
264,9,600.406000,0,536.726667,0.4646,"-4950115#0,-7365262,-gneE3,106652007#0,172249931#3,219796126#3,219798593#0,231819412,835445203",D:\PSPS\runs_reviewer\J_k9_6od_x1.0\sa_seed6\e0263
265,9,536.726667,1,536.726667,0.4604,"-4950115#0,-7365262,-gneE3,106652007#0,219798593#0,231819412,5057604,7924760#5,835445203",D:\PSPS\runs_reviewer\J_k9_6od_x1.0\sa_seed6\e0264
266,9,536.726667,1,536.726667,0.4563,"-7365262,-gneE3,106652007#0,219798593#0,231819412,5055277#4,5057604,7924760#5,835445203",D:\PSPS\runs_reviewer\J_k9_6od_x1.0\sa_seed6\e0265
267,9,600.406000,0,536.726667,0.4523,"-6263816#0,-7365262,-gneE3,106652007#0,219798593#0,231819412,5055277#4,7924760#5,835445203",D:\PSPS\runs_reviewer\J_k9_6od_x1.0\sa_seed6\e0266
268,9,600.406000,0,536.726667,0.4482,"-7365262,-gneE3,106652007#0,219798593#0,231819412,5055277#4,7924760#5,835445203,876343451#1",D:\PSPS\runs_reviewer\J_k9_6od_x1.0\sa_seed6\e0267
269,9,536.726667,1,536.726667,0.4442,"-7365262,106652007#0,219798593#0,231819412,5055277#4,5057604,7924760#5,7924764#1,835445203",D:\PSPS\runs_reviewer\J_k9_6od_x1.0\sa_seed6\e0268
270,9,536.726667,1,536.726667,0.4403,"-37551339#2,-7365262,106652007#0,219798593#0,5055277#4,5057604,7924760#5,7924764#1,835445203",D:\PSPS\runs_reviewer\J_k9_6od_x1.0\sa_seed6\e0269
271,9,568.947333,0,536.726667,0.4363,"-37551339#2,-7365262,106652007#0,219798593#0,4894992#1,5055277#4,5057604,7924760#5,835445203",D:\PSPS\runs_reviewer\J_k9_6od_x1.0\sa_seed6\e0270
272,9,536.726667,1,536.726667,0.4324,"-37551339#2,-7365262,106652007#0,28468730#1,5055277#4,5057604,7924760#5,7924764#1,835445203",D:\PSPS\runs_reviewer\J_k9_6od_x1.0\sa_seed6\e0271
273,9,633.642000,0,536.726667,0.4286,"-37551339#2,-7365262,-782714971#4,106652007#0,28468730#1,5055277#4,7924760#5,7924764#1,835445203",D:\PSPS\runs_reviewer\J_k9_6od_x1.0\sa_seed6\e0272
274,9,536.726667,1,536.726667,0.4247,"-4911107#1,-7365262,106652007#0,28468730#1,5055277#4,5057604,7924760#5,7924764#1,835445203",D:\PSPS\runs_reviewer\J_k9_6od_x1.0\sa_seed6\e0273
275,9,536.726667,1,536.726667,0.4210,"-4911107#1,106652007#0,106652025#1,28468730#1,5055277#4,5057604,7924760#5,7924764#1,835445203",D:\PSPS\runs_reviewer\J_k9_6od_x1.0\sa_seed6\e0274
276,8,644.456000,0,536.726667,0.4172,"-4911107#1,106652007#0,106652025#1,28468730#1,5055277#4,5057604,7924760#5,7924764#1",D:\PSPS\runs_reviewer\J_k9_6od_x1.0\sa_seed6\e0275
277,9,644.456000,0,536.726667,0.4135,"-4911107#1,106652007#0,106652025#1,255228349#0,28468730#1,5055277#4,5057604,7924760#5,7924764#1",D:\PSPS\runs_reviewer\J_k9_6od_x1.0\sa_seed6\e0276
278,8,536.726667,1,536.726667,0.4098,"-4911107#1,106652025#1,28468730#1,5055277#4,5057604,7924760#5,7924764#1,835445203",D:\PSPS\runs_reviewer\J_k9_6od_x1.0\sa_seed6\e0277
279,9,536.726667,1,536.726667,0.4061,"-4911107#1,106652025#1,28468730#1,5055277#4,5057604,61902790#1,7924760#5,7924764#1,835445203",D:\PSPS\runs_reviewer\J_k9_6od_x1.0\sa_seed6\e0278
280,9,536.726667,1,536.726667,0.4025,"-4877785,-4911107#1,106652025#1,28468730#1,5057604,61902790#1,7924760#5,7924764#1,835445203",D:\PSPS\runs_reviewer\J_k9_6od_x1.0\sa_seed6\e0279
281,9,600.406000,0,536.726667,0.3989,"-4877785,-4911107#1,106652025#1,26216780#0,28468730#1,61902790#1,7924760#5,7924764#1,835445203",D:\PSPS\runs_reviewer\J_k9_6od_x1.0\sa_seed6\e0280
282,9,536.726667,1,536.726667,0.3953,"-4877785,-4911107#1,106652025#1,280335866#5,5057604,61902790#1,7924760#5,7924764#1,835445203",D:\PSPS\runs_reviewer\J_k9_6od_x1.0\sa_seed6\e0281
283,9,536.726667,1,536.726667,0.3918,"-4877785,-4911107#1,106652025#1,107864729#1,5057604,61902790#1,7924760#5,7924764#1,835445203",D:\PSPS\runs_reviewer\J_k9_6od_x1.0\sa_seed6\e0282
284,8,536.726667,1,536.726667,0.3883,"-4877785,-4911107#1,106652025#1,107864729#1,5057604,7924760#5,7924764#1,835445203",D:\PSPS\runs_reviewer\J_k9_6od_x1.0\sa_seed6\e0283
285,8,536.726667,1,536.726667,0.3848,"-4877785,-4911107#1,106652025#1,107864729#1,5057604,7924764#1,814061747#7,835445203",D:\PSPS\runs_reviewer\J_k9_6od_x1.0\sa_seed6\e0284
286,8,536.726667,1,536.726667,0.3814,"-4877785,-4911107#1,106652025#1,107864729#1,219796126#4,5057604,7924764#1,835445203",D:\PSPS\runs_reviewer\J_k9_6od_x1.0\sa_seed6\e0285
287,9,536.726667,1,536.726667,0.3780,"-4877785,-4911107#1,106652025#1,107864729#1,219796126#4,219796126#6,5057604,7924764#1,835445203",D:\PSPS\runs_reviewer\J_k9_6od_x1.0\sa_seed6\e0286
288,8,536.726667,1,536.726667,0.3746,"-4877785,-4911107#1,106652025#1,107864729#1,219796126#6,5057604,7924764#1,835445203",D:\PSPS\runs_reviewer\J_k9_6od_x1.0\sa_seed6\e0287
289,8,536.726667,1,536.726667,0.3713,"-4877785,-4911107#1,106652025#1,107864729#1,5057604,6272848#1,7924764#1,835445203",D:\PSPS\runs_reviewer\J_k9_6od_x1.0\sa_seed6\e0288
290,8,644.456000,0,536.726667,0.3680,"-4877785,-4911107#1,106652025#1,107864729#1,5057604,6272848#1,678743175,7924764#1",D:\PSPS\runs_reviewer\J_k9_6od_x1.0\sa_seed6\e0289
291,7,536.726667,1,536.726667,0.3647,"-4911107#1,106652025#1,107864729#1,5057604,6272848#1,7924764#1,835445203",D:\PSPS\runs_reviewer\J_k9_6od_x1.0\sa_seed6\e0290
292,7,616.084667,0,536.726667,0.3614,"-219798593#0,-4911107#1,107864729#1,5057604,6272848#1,7924764#1,835445203",D:\PSPS\runs_reviewer\J_k9_6od_x1.0\sa_seed6\e0291
293,8,536.726667,1,536.726667,0.3582,"-4911107#1,106652025#1,107864729#1,5057604,6263816#3,6272848#1,7924764#1,835445203",D:\PSPS\runs_reviewer\J_k9_6od_x1.0\sa_seed6\e0292
294,8,536.726667,1,536.726667,0.3550,"-4911107#1,-712622899#2,106652025#1,107864729#1,5057604,6272848#1,7924764#1,835445203",D:\PSPS\runs_reviewer\J_k9_6od_x1.0\sa_seed6\e0293
295,8,536.726667,1,536.726667,0.3518,"-712622899#2,106652025#1,107864729#1,5055277#1,5057604,6272848#1,7924764#1,835445203",D:\PSPS\runs_reviewer\J_k9_6od_x1.0\sa_seed6\e0294
296,9,536.726667,1,536.726667,0.3487,"-712622899#2,106652025#1,107864729#1,231819501#0,5055277#1,5057604,6272848#1,7924764#1,835445203",D:\PSPS\runs_reviewer\J_k9_6od_x1.0\sa_seed6\e0295
297,9,600.406000,0,536.726667,0.3456,"-712622899#2,106652025#1,107864729#1,219796117#0,231819501#0,5055277#1,6272848#1,7924764#1,835445203",D:\PSPS\runs_reviewer\J_k9_6od_x1.0\sa_seed6\e0296
298,9,536.726667,1,536.726667,0.3425,"106652025#1,107864729#1,231819501#0,4950117#2,5055277#1,5057604,6272848#1,7924764#1,835445203",D:\PSPS\runs_reviewer\J_k9_6od_x1.0\sa_seed6\e0297
299,9,611.590000,0,536.726667,0.3394,"-40009020#7,106652025#1,107864729#1,231819501#0,4950117#2,5057604,6272848#1,7924764#1,835445203",D:\PSPS\runs_reviewer\J_k9_6od_x1.0\sa_seed6\e0298
300,9,644.456000,0,536.726667,0.3364,"106652025#1,107864729#1,231819501#0,4950117#2,5055277#1,5057604,6272848#1,7924764#1,7925270#1",D:\PSPS\runs_reviewer\J_k9_6od_x1.0\sa_seed6\e0299
301,9,562.313333,0,536.726667,0.3334,"107864729#1,231819501#0,4950117#2,5055277#1,5057604,575692603#2,6272848#1,7924764#1,835445203",D:\PSPS\runs_reviewer\J_k9_6od_x1.0\sa_seed6\e0300
302,9,536.726667,1,536.726667,0.3304,"-712622897#0,106652025#1,231819501#0,4950117#2,5055277#1,5057604,6272848#1,7924764#1,835445203",D:\PSPS\runs_reviewer\J_k9_6od_x1.0\sa_seed6\e0301
303,8,536.726667,1,536.726667,0.3275,"106652025#1,231819501#0,4950117#2,5055277#1,5057604,6272848#1,7924764#1,835445203",D:\PSPS\runs_reviewer\J_k9_6od_x1.0\sa_seed6\e0302
304,7,536.726667,1,536.726667,0.3246,"106652025#1,231819501#0,4950117#2,5055277#1,5057604,7924764#1,835445203",D:\PSPS\runs_reviewer\J_k9_6od_x1.0\sa_seed6\e0303
305,7,644.456000,0,536.726667,0.3217,"-6263816#1,106652025#1,231819501#0,4950117#2,5055277#1,5057604,7924764#1",D:\PSPS\runs_reviewer\J_k9_6od_x1.0\sa_seed6\e0304
306,8,536.726667,1,536.726667,0.3188,"106652025#1,220934956,231819501#0,4950117#2,5055277#1,5057604,7924764#1,835445203",D:\PSPS\runs_reviewer\J_k9_6od_x1.0\sa_seed6\e0305
307,7,536.726667,1,536.726667,0.3160,"220934956,231819501#0,4950117#2,5055277#1,5057604,7924764#1,835445203",D:\PSPS\runs_reviewer\J_k9_6od_x1.0\sa_seed6\e0306
308,7,536.726667,1,536.726667,0.3131,"-5057605#0,220934956,231819501#0,4950117#2,5055277#1,5057604,835445203",D:\PSPS\runs_reviewer\J_k9_6od_x1.0\sa_seed6\e0307
309,6,644.456000,0,536.726667,0.3103,"-5057605#0,220934956,231819501#0,4950117#2,5055277#1,5057604",D:\PSPS\runs_reviewer\J_k9_6od_x1.0\sa_seed6\e0308
310,7,536.726667,1,536.726667,0.3076,"-5057605#0,231819501#0,4911107#0,4950117#2,5055277#1,5057604,835445203",D:\PSPS\runs_reviewer\J_k9_6od_x1.0\sa_seed6\e0309
311,7,536.726667,1,536.726667,0.3048,"-4970254#4,-5057605#0,231819501#0,4950117#2,5055277#1,5057604,835445203",D:\PSPS\runs_reviewer\J_k9_6od_x1.0\sa_seed6\e0310
312,7,536.726667,1,536.726667,0.3021,"-4970254#4,-5057605#0,4950117#2,5055277#1,5057604,627579930#1,835445203",D:\PSPS\runs_reviewer\J_k9_6od_x1.0\sa_seed6\e0311
313,7,600.406000,0,536.726667,0.2994,"-4970254#4,-5057605#0,106652010#0,4950117#2,5055277#1,627579930#1,835445203",D:\PSPS\runs_reviewer\J_k9_6od_x1.0\sa_seed6\e0312
314,7,536.726667,1,536.726667,0.2967,"-231819410#2,-4970254#4,4950117#2,5055277#1,5057604,627579930#1,835445203",D:\PSPS\runs_reviewer\J_k9_6od_x1.0\sa_seed6\e0313
315,6,644.456000,0,536.726667,0.2941,"-231819410#2,-4970254#4,4950117#2,5055277#1,5057604,627579930#1",D:\PSPS\runs_reviewer\J_k9_6od_x1.0\sa_seed6\e0314
316,7,536.726667,1,536.726667,0.2915,"-36974892,-4970254#4,4950117#2,5055277#1,5057604,627579930#1,835445203",D:\PSPS\runs_reviewer\J_k9_6od_x1.0\sa_seed6\e0315
317,6,536.726667,1,536.726667,0.2889,"-4970254#4,4950117#2,5055277#1,5057604,627579930#1,835445203",D:\PSPS\runs_reviewer\J_k9_6od_x1.0\sa_seed6\e0316
318,6,600.406000,0,536.726667,0.2863,"-4970254#4,219797801#2,4950117#2,5055277#1,627579930#1,835445203",D:\PSPS\runs_reviewer\J_k9_6od_x1.0\sa_seed6\e0317
319,5,536.726667,1,536.726667,0.2837,"-4970254#4,5055277#1,5057604,627579930#1,835445203",D:\PSPS\runs_reviewer\J_k9_6od_x1.0\sa_seed6\e0318
320,6,536.726667,1,536.726667,0.2812,"-4970254#4,5055277#1,5057604,61902767,627579930#1,835445203",D:\PSPS\runs_reviewer\J_k9_6od_x1.0\sa_seed6\e0319
321,5,536.726667,1,536.726667,0.2762,"-4970254#4,5055277#1,5057604,7924760#2,835445203",D:\PSPS\runs_reviewer\J_k9_6od_x1.0\sa_seed6\e0320
322,6,536.726667,1,536.726667,0.2737,"-4970254#4,5029409#1,5055277#1,5057604,7924760#2,835445203",D:\PSPS\runs_reviewer\J_k9_6od_x1.0\sa_seed6\e0321
323,5,536.726667,1,536.726667,0.2713,"-4970254#4,5029409#1,5055277#1,5057604,835445203",D:\PSPS\runs_reviewer\J_k9_6od_x1.0\sa_seed6\e0322
324,5,536.726667,1,536.726667,0.2689,"-219796100#2,5029409#1,5055277#1,5057604,835445203",D:\PSPS\runs_reviewer\J_k9_6od_x1.0\sa_seed6\e0323
325,6,579.285333,0,536.726667,0.2665,"-219796100#2,5029409#1,5055277#1,5057604,835443463#0,835445203",D:\PSPS\runs_reviewer\J_k9_6od_x1.0\sa_seed6\e0324
326,5,644.456000,0,536.726667,0.2641,"-219796100#2,5029409#1,5055277#1,5057604,712622897#0",D:\PSPS\runs_reviewer\J_k9_6od_x1.0\sa_seed6\e0325
327,4,644.456000,0,536.726667,0.2617,"-219796100#2,5029409#1,5055277#1,5057604",D:\PSPS\runs_reviewer\J_k9_6od_x1.0\sa_seed6\e0326
328,5,536.726667,1,536.726667,0.2594,"-280335872,5029409#1,5055277#1,5057604,835445203",D:\PSPS\runs_reviewer\J_k9_6od_x1.0\sa_seed6\e0327
329,5,536.726667,1,536.726667,0.2571,"-280335872,-5197053#0,5055277#1,5057604,835445203",D:\PSPS\runs_reviewer\J_k9_6od_x1.0\sa_seed6\e0328
330,6,536.726667,1,536.726667,0.2548,"-280335872,-5197053#0,5055277#1,5057604,835445203,876343452#1",D:\PSPS\runs_reviewer\J_k9_6od_x1.0\sa_seed6\e0329
331,6,536.726667,1,536.726667,0.2525,"-5197053#0,4970251#1,5055277#1,5057604,835445203,876343452#1",D:\PSPS\runs_reviewer\J_k9_6od_x1.0\sa_seed6\e0330
332,6,536.726667,1,536.726667,0.2503,"-5197053#0,5055277#1,5057604,7924760#2,835445203,876343452#1",D:\PSPS\runs_reviewer\J_k9_6od_x1.0\sa_seed6\e0331
333,6,536.726667,1,536.726667,0.2480,"-172249928#0,-5197053#0,5055277#1,5057604,835445203,876343452#1",D:\PSPS\runs_reviewer\J_k9_6od_x1.0\sa_seed6\e0332
334,6,600.406000,0,536.726667,0.2458,"-172249928#0,-5197053#0,106652007#1,5055277#1,835445203,876343452#1",D:\PSPS\runs_reviewer\J_k9_6od_x1.0\sa_seed6\e0333
335,5,536.726667,1,536.726667,0.2436,"-5197053#0,5055277#1,5057604,835445203,876343452#1",D:\PSPS\runs_reviewer\J_k9_6od_x1.0\sa_seed6\e0334
336,5,536.726667,1,536.726667,0.2414,"-5197053#0,394945362,5057604,835445203,876343452#1",D:\PSPS\runs_reviewer\J_k9_6od_x1.0\sa_seed6\e0335
337,5,618.591333,0,536.726667,0.2393,"-111677668#4,-5197053#0,394945362,5057604,876343452#1",D:\PSPS\runs_reviewer\J_k9_6od_x1.0\sa_seed6\e0336
338,5,614.417333,0,536.726667,0.2371,"-5197053#0,-835443463#0,5057604,835445203,876343452#1",D:\PSPS\runs_reviewer\J_k9_6od_x1.0\sa_seed6\e0337
339,6,536.726667,1,536.726667,0.2350,"-5197053#0,394945362,5029408,5057604,835445203,876343452#1",D:\PSPS\runs_reviewer\J_k9_6od_x1.0\sa_seed6\e0338
340,6,536.726667,1,536.726667,0.2329,"-5197053#0,172251688,394945362,5029408,5057604,835445203",D:\PSPS\runs_reviewer\J_k9_6od_x1.0\sa_seed6\e0339
341,6,644.456000,0,536.726667,0.2309,"-36974893,-5197053#0,172251688,394945362,5029408,5057604",D:\PSPS\runs_reviewer\J_k9_6od_x1.0\sa_seed6\e0340
342,6,536.726667,1,536.726667,0.2288,"-5197053#0,-761190893,172251688,5029408,5057604,835445203",D:\PSPS\runs_reviewer\J_k9_6od_x1.0\sa_seed6\e0341
343,5,600.406000,0,536.726667,0.2267,"-5197053#0,-761190893,172251688,5029408,835445203",D:\PSPS\runs_reviewer\J_k9_6od_x1.0\sa_seed6\e0342
344,5,644.456000,0,536.726667,0.2247,"-5197053#0,-761190893,172251688,5029408,5057604",D:\PSPS\runs_reviewer\J_k9_6od_x1.0\sa_seed6\e0343
345,6,644.456000,0,536.726667,0.2227,"-5197053#0,-761190893,-7924760#5,172251688,5029408,5057604",D:\PSPS\runs_reviewer\J_k9_6od_x1.0\sa_seed6\e0344
346,5,536.726667,1,536.726667,0.2207,"-5197053#0,-761190893,5029408,5057604,835445203",D:\PSPS\runs_reviewer\J_k9_6od_x1.0\sa_seed6\e0345
347,5,600.406000,0,536.726667,0.2188,"-5197053#0,-761190893,106651997#2,5029408,835445203",D:\PSPS\runs_reviewer\J_k9_6od_x1.0\sa_seed6\e0346
348,5,536.726667,1,536.726667,0.2168,"-5197053#0,-761190893,332644488,5057604,835445203",D:\PSPS\runs_reviewer\J_k9_6od_x1.0\sa_seed6\e0347
349,5,644.456000,0,536.726667,0.2149,"-36974908#2,-5197053#0,-761190893,332644488,5057604",D:\PSPS\runs_reviewer\J_k9_6od_x1.0\sa_seed6\e0348
350,5,599.831333,0,536.726667,0.2130,"-24337240#2,-5197053#0,332644488,5057604,835445203",D:\PSPS\runs_reviewer\J_k9_6od_x1.0\sa_seed6\e0349
351,5,536.726667,1,536.726667,0.2111,"-240042195#0,-761190893,332644488,5057604,835445203",D:\PSPS\runs_reviewer\J_k9_6od_x1.0\sa_seed6\e0350
352,5,618.591333,0,536.726667,0.2092,"-111677668#4,-240042195#0,-761190893,332644488,5057604",D:\PSPS\runs_reviewer\J_k9_6od_x1.0\sa_seed6\e0351
353,6,536.726667,1,536.726667,0.2073,"-172251697#0,-240042195#0,-761190893,332644488,5057604,835445203",D:\PSPS\runs_reviewer\J_k9_6od_x1.0\sa_seed6\e0352
354,6,630.384667,0,536.726667,0.2055,"-240042195#0,-5197062#4,-761190893,332644488,5057604,835445203",D:\PSPS\runs_reviewer\J_k9_6od_x1.0\sa_seed6\e0353
355,6,536.726667,1,536.726667,0.2036,"-172251697#0,-4970256#3,-761190893,332644488,5057604,835445203",D:\PSPS\runs_reviewer\J_k9_6od_x1.0\sa_seed6\e0354
356,6,614.678667,0,536.726667,0.2018,"-172251697#0,-311298662#0,-4970256#3,-761190893,332644488,835445203",D:\PSPS\runs_reviewer\J_k9_6od_x1.0\sa_seed6\e0355
357,6,644.456000,0,536.726667,0.2000,"-172251697#0,-4970256#3,-761190893,172249930#0,332644488,5057604",D:\PSPS\runs_reviewer\J_k9_6od_x1.0\sa_seed6\e0356
358,6,644.456000,0,536.726667,0.1982,"-120682115,-172251697#0,-4970256#3,-761190893,332644488,5057604",D:\PSPS\runs_reviewer\J_k9_6od_x1.0\sa_seed6\e0357
359,6,536.726667,1,536.726667,0.1964,"-172251697#0,-761190893,332644488,36847354#0,5057604,835445203",D:\PSPS\runs_reviewer\J_k9_6od_x1.0\sa_seed6\e0358
360,5,536.726667,1,536.726667,0.1947,"-172251697#0,-761190893,332644488,5057604,835445203",D:\PSPS\runs_reviewer\J_k9_6od_x1.0\sa_seed6\e0359
